{
    "accuracy": 0.9943915343915344,
    "features": [
        "soil_moisture",
        "temperature",
        "humidity",
        "wind_speed",
        "rain_intensity",
        "vpd",
        "is_extreme_vpd",
        "is_raining",
        "is_high_wind"
    ],
    "timestamp": "2026-03-02T22:43:44.372305",
    "model_type": "RandomForestClassifier",
    "metrics": {
        "precision": 0.9915768854064643,
        "recall": 0.9877073170731707,
        "f1-score": 0.9896383186705767,
        "support": 5125.0
    }
}