{
    "accuracy": 0.9956684454917181,
    "features": [
        "soil_moisture",
        "temperature",
        "humidity",
        "wind_speed",
        "rain_intensity",
        "vpd",
        "is_extreme_vpd",
        "is_raining",
        "is_high_wind"
    ],
    "timestamp": "2026-03-19T09:22:25.634837",
    "model_type": "RandomForestClassifier",
    "metrics": {
        "precision": 0.9907148120854827,
        "recall": 0.9908608490566038,
        "f1-score": 0.9907878251897708,
        "support": 6784.0
    }
}