Timestamp,Soil Moisture (%),Temperature (C),Humidity (%),VPD (kPa),Wind Speed (km/h),Decision,Confidence (%),Reason,Duration (s)
2026-05-26 02:35:35,78.0,17.8,59.0,0.0,11.8,MONITOR,100.0,Conditions optimal for Onion (Moisture: 78.0%). No immediate watering needed.,0
2026-05-26 02:35:42,79.0,17.8,59.0,0.0,11.8,MONITOR,100.0,Conditions optimal for Onion (Moisture: 79.0%). No immediate watering needed.,0
2026-05-26 02:35:50,79.0,17.8,59.0,0.0,11.8,MONITOR,100.0,Conditions optimal for Onion (Moisture: 79.0%). No immediate watering needed.,0
2026-05-26 02:35:55,79.0,17.8,59.0,0.0,11.8,MONITOR,100.0,Conditions optimal for Onion (Moisture: 79.0%). No immediate watering needed.,0
2026-05-26 02:36:00,80.0,17.8,59.0,0.0,11.8,MONITOR,100.0,Conditions optimal for Onion (Moisture: 80.0%). No immediate watering needed.,0
2026-05-26 02:36:07,79.0,17.8,59.0,0.0,11.8,MONITOR,100.0,Conditions optimal for Onion (Moisture: 79.0%). No immediate watering needed.,0
2026-05-26 02:36:15,79.0,17.8,59.0,0.0,11.8,MONITOR,100.0,Conditions optimal for Onion (Moisture: 79.0%). No immediate watering needed.,0
2026-05-26 02:36:20,78.0,17.8,59.0,0.0,11.8,MONITOR,100.0,Conditions optimal for Onion (Moisture: 78.0%). No immediate watering needed.,0
2026-05-26 02:36:27,79.0,17.8,59.0,0.0,11.8,MONITOR,100.0,Conditions optimal for Onion (Moisture: 79.0%). No immediate watering needed.,0
2026-05-26 02:36:34,78.0,17.8,59.0,0.0,11.8,MONITOR,100.0,Conditions optimal for Onion (Moisture: 78.0%). No immediate watering needed.,0
2026-05-26 02:36:42,78.0,17.8,59.0,0.0,11.8,MONITOR,100.0,Conditions optimal for Onion (Moisture: 78.0%). No immediate watering needed.,0
2026-05-26 02:36:47,78.0,17.8,59.0,0.0,11.8,MONITOR,100.0,Conditions optimal for Onion (Moisture: 78.0%). No immediate watering needed.,0
2026-05-26 02:36:52,76.0,17.8,59.0,0.0,11.8,MONITOR,100.0,Conditions optimal for Onion (Moisture: 76.0%). No immediate watering needed.,0
2026-05-26 02:36:59,82.0,17.8,59.0,0.0,11.8,MONITOR,100.0,Conditions optimal for Onion (Moisture: 82.0%). No immediate watering needed.,0
2026-05-26 02:37:07,78.0,17.8,59.0,0.0,11.8,MONITOR,100.0,Conditions optimal for Onion (Moisture: 78.0%). No immediate watering needed.,0
2026-05-26 02:37:14,78.0,17.8,59.0,0.0,11.8,MONITOR,100.0,Conditions optimal for Onion (Moisture: 78.0%). No immediate watering needed.,0
2026-05-26 02:37:19,79.0,17.8,59.0,0.0,11.8,MONITOR,100.0,Conditions optimal for Onion (Moisture: 79.0%). No immediate watering needed.,0
2026-05-26 02:37:26,80.0,17.8,59.0,0.0,11.8,MONITOR,100.0,Conditions optimal for Onion (Moisture: 80.0%). No immediate watering needed.,0
2026-05-26 02:37:34,79.0,17.8,59.0,0.0,11.8,MONITOR,100.0,Conditions optimal for Onion (Moisture: 79.0%). No immediate watering needed.,0
2026-05-26 02:37:41,79.0,17.8,59.0,0.0,11.8,MONITOR,100.0,Conditions optimal for Onion (Moisture: 79.0%). No immediate watering needed.,0
2026-05-26 02:37:46,79.0,17.8,59.0,0.0,11.8,MONITOR,100.0,Conditions optimal for Onion (Moisture: 79.0%). No immediate watering needed.,0
2026-05-26 02:37:51,79.0,17.8,59.0,0.0,11.8,MONITOR,100.0,Conditions optimal for Onion (Moisture: 79.0%). No immediate watering needed.,0
2026-05-26 02:37:56,77.0,17.8,59.0,0.0,11.8,MONITOR,100.0,Conditions optimal for Onion (Moisture: 77.0%). No immediate watering needed.,0
2026-05-26 02:38:04,80.0,17.8,59.0,0.0,11.8,MONITOR,100.0,Conditions optimal for Onion (Moisture: 80.0%). No immediate watering needed.,0
2026-05-26 02:38:11,79.0,17.8,59.0,0.0,11.8,MONITOR,100.0,Conditions optimal for Onion (Moisture: 79.0%). No immediate watering needed.,0
2026-05-26 02:38:18,79.0,17.8,59.0,0.0,11.8,MONITOR,100.0,Conditions optimal for Onion (Moisture: 79.0%). No immediate watering needed.,0
2026-05-26 02:38:23,79.0,17.8,59.0,0.0,11.8,MONITOR,100.0,Conditions optimal for Onion (Moisture: 79.0%). No immediate watering needed.,0
2026-05-26 02:38:29,79.0,17.8,59.0,0.0,11.8,MONITOR,100.0,Conditions optimal for Onion (Moisture: 79.0%). No immediate watering needed.,0
2026-05-26 02:38:34,78.0,17.8,59.0,0.0,11.8,MONITOR,100.0,Conditions optimal for Onion (Moisture: 78.0%). No immediate watering needed.,0
2026-05-26 02:38:41,79.0,17.8,59.0,0.0,11.8,MONITOR,100.0,Conditions optimal for Onion (Moisture: 79.0%). No immediate watering needed.,0
2026-05-26 02:38:48,79.0,17.8,59.0,0.0,11.8,MONITOR,100.0,Conditions optimal for Onion (Moisture: 79.0%). No immediate watering needed.,0
2026-05-26 02:38:54,80.0,17.8,59.0,0.0,11.8,MONITOR,100.0,Conditions optimal for Onion (Moisture: 80.0%). No immediate watering needed.,0
2026-05-26 02:39:01,78.0,17.8,59.0,0.0,11.8,MONITOR,100.0,Conditions optimal for Onion (Moisture: 78.0%). No immediate watering needed.,0
2026-05-26 02:39:08,79.0,17.8,59.0,0.0,11.8,MONITOR,100.0,Conditions optimal for Onion (Moisture: 79.0%). No immediate watering needed.,0
2026-05-26 02:39:15,79.0,17.8,59.0,0.0,11.8,MONITOR,100.0,Conditions optimal for Onion (Moisture: 79.0%). No immediate watering needed.,0
2026-05-26 02:39:21,78.0,17.8,59.0,0.0,11.8,MONITOR,100.0,Conditions optimal for Onion (Moisture: 78.0%). No immediate watering needed.,0
2026-05-26 02:39:28,79.0,17.8,59.0,0.0,11.8,MONITOR,100.0,Conditions optimal for Onion (Moisture: 79.0%). No immediate watering needed.,0
2026-05-26 02:39:35,79.0,17.8,59.0,0.0,11.8,MONITOR,100.0,Conditions optimal for Onion (Moisture: 79.0%). No immediate watering needed.,0
2026-05-26 02:39:40,80.0,17.8,59.0,0.0,11.8,MONITOR,100.0,Conditions optimal for Onion (Moisture: 80.0%). No immediate watering needed.,0
2026-05-26 02:39:48,79.0,17.8,59.0,0.0,11.8,MONITOR,100.0,Conditions optimal for Onion (Moisture: 79.0%). No immediate watering needed.,0
2026-05-26 02:39:55,77.0,17.8,59.0,0.0,11.8,MONITOR,100.0,Conditions optimal for Onion (Moisture: 77.0%). No immediate watering needed.,0
2026-05-26 02:40:02,79.0,17.8,59.0,0.0,11.8,MONITOR,100.0,Conditions optimal for Onion (Moisture: 79.0%). No immediate watering needed.,0
2026-05-26 02:40:09,79.0,17.8,59.0,0.0,11.8,MONITOR,100.0,Conditions optimal for Onion (Moisture: 79.0%). No immediate watering needed.,0
2026-05-26 02:40:15,78.0,17.8,59.0,0.0,11.8,MONITOR,100.0,Conditions optimal for Onion (Moisture: 78.0%). No immediate watering needed.,0
2026-05-26 02:40:22,79.0,17.8,59.0,0.0,11.8,MONITOR,100.0,Conditions optimal for Onion (Moisture: 79.0%). No immediate watering needed.,0
2026-05-26 02:40:29,79.0,17.8,59.0,0.0,11.8,MONITOR,100.0,Conditions optimal for Onion (Moisture: 79.0%). No immediate watering needed.,0
2026-05-26 02:40:34,80.0,17.8,59.0,0.0,11.8,MONITOR,100.0,Conditions optimal for Onion (Moisture: 80.0%). No immediate watering needed.,0
2026-05-26 02:40:42,77.0,17.8,59.0,0.0,11.8,MONITOR,100.0,Conditions optimal for Onion (Moisture: 77.0%). No immediate watering needed.,0
2026-05-26 02:40:49,78.0,17.8,59.0,0.0,11.8,MONITOR,100.0,Conditions optimal for Onion (Moisture: 78.0%). No immediate watering needed.,0
2026-05-26 02:40:56,78.0,17.8,59.0,0.0,11.8,MONITOR,100.0,Conditions optimal for Onion (Moisture: 78.0%). No immediate watering needed.,0
2026-05-26 02:41:01,79.0,17.8,59.0,0.0,11.8,MONITOR,100.0,Conditions optimal for Onion (Moisture: 79.0%). No immediate watering needed.,0
2026-05-26 02:41:09,79.0,17.8,59.0,0.0,11.8,MONITOR,100.0,Conditions optimal for Onion (Moisture: 79.0%). No immediate watering needed.,0
2026-05-26 02:41:14,79.0,17.8,59.0,0.0,11.8,MONITOR,100.0,Conditions optimal for Onion (Moisture: 79.0%). No immediate watering needed.,0
2026-05-26 02:41:19,77.0,17.8,59.0,0.0,11.8,MONITOR,100.0,Conditions optimal for Onion (Moisture: 77.0%). No immediate watering needed.,0
2026-05-26 02:41:26,78.0,17.8,59.0,0.0,11.8,MONITOR,100.0,Conditions optimal for Onion (Moisture: 78.0%). No immediate watering needed.,0
2026-05-26 02:41:34,78.0,17.8,59.0,0.0,11.8,MONITOR,100.0,Conditions optimal for Onion (Moisture: 78.0%). No immediate watering needed.,0
2026-05-26 02:41:39,79.0,17.8,59.0,0.0,11.8,MONITOR,100.0,Conditions optimal for Onion (Moisture: 79.0%). No immediate watering needed.,0
2026-05-26 02:41:46,82.0,17.8,59.0,0.0,11.8,MONITOR,100.0,Conditions optimal for Onion (Moisture: 82.0%). No immediate watering needed.,0
2026-05-26 02:41:53,79.0,17.8,59.0,0.0,11.8,MONITOR,100.0,Conditions optimal for Onion (Moisture: 79.0%). No immediate watering needed.,0
2026-05-26 02:42:01,78.0,17.8,59.0,0.0,11.8,MONITOR,100.0,Conditions optimal for Onion (Moisture: 78.0%). No immediate watering needed.,0
2026-05-26 02:42:08,79.0,17.8,59.0,0.0,11.8,MONITOR,100.0,Conditions optimal for Onion (Moisture: 79.0%). No immediate watering needed.,0
2026-05-26 02:42:15,77.0,17.8,59.0,0.0,11.8,MONITOR,100.0,Conditions optimal for Onion (Moisture: 77.0%). No immediate watering needed.,0
2026-05-26 02:42:23,80.0,17.8,59.0,0.0,11.8,MONITOR,100.0,Conditions optimal for Onion (Moisture: 80.0%). No immediate watering needed.,0
2026-05-26 02:42:30,79.0,17.8,59.0,0.0,11.8,MONITOR,100.0,Conditions optimal for Onion (Moisture: 79.0%). No immediate watering needed.,0
2026-05-26 02:42:37,79.0,17.8,59.0,0.0,11.8,MONITOR,100.0,Conditions optimal for Onion (Moisture: 79.0%). No immediate watering needed.,0
2026-05-26 02:42:42,79.0,17.8,59.0,0.0,11.8,MONITOR,100.0,Conditions optimal for Onion (Moisture: 79.0%). No immediate watering needed.,0
2026-05-26 02:42:48,80.0,17.8,59.0,0.0,11.8,MONITOR,100.0,Conditions optimal for Onion (Moisture: 80.0%). No immediate watering needed.,0
2026-05-26 02:42:55,82.0,17.8,59.0,0.0,11.8,MONITOR,100.0,Conditions optimal for Onion (Moisture: 82.0%). No immediate watering needed.,0
2026-05-26 02:43:02,79.0,17.8,59.0,0.0,11.8,MONITOR,100.0,Conditions optimal for Onion (Moisture: 79.0%). No immediate watering needed.,0
2026-05-26 02:43:09,78.0,17.8,59.0,0.0,11.8,MONITOR,100.0,Conditions optimal for Onion (Moisture: 78.0%). No immediate watering needed.,0
2026-05-26 02:43:17,79.0,17.8,59.0,0.0,11.8,MONITOR,100.0,Conditions optimal for Onion (Moisture: 79.0%). No immediate watering needed.,0
2026-05-26 02:43:24,78.0,17.8,59.0,0.0,11.8,MONITOR,100.0,Conditions optimal for Onion (Moisture: 78.0%). No immediate watering needed.,0
2026-05-26 02:43:31,78.0,17.8,59.0,0.0,11.8,MONITOR,100.0,Conditions optimal for Onion (Moisture: 78.0%). No immediate watering needed.,0
2026-05-26 02:43:36,79.0,17.8,59.0,0.0,11.8,MONITOR,100.0,Conditions optimal for Onion (Moisture: 79.0%). No immediate watering needed.,0
2026-05-26 02:43:44,79.0,17.8,59.0,0.0,11.8,MONITOR,100.0,Conditions optimal for Onion (Moisture: 79.0%). No immediate watering needed.,0
2026-05-26 02:43:49,77.0,17.8,59.0,0.0,11.8,MONITOR,100.0,Conditions optimal for Onion (Moisture: 77.0%). No immediate watering needed.,0
2026-05-26 02:43:56,79.0,17.8,59.0,0.0,11.8,MONITOR,100.0,Conditions optimal for Onion (Moisture: 79.0%). No immediate watering needed.,0
2026-05-26 02:44:04,78.0,17.8,59.0,0.0,11.8,MONITOR,100.0,Conditions optimal for Onion (Moisture: 78.0%). No immediate watering needed.,0
2026-05-26 02:44:11,82.0,17.8,59.0,0.0,11.8,MONITOR,100.0,Conditions optimal for Onion (Moisture: 82.0%). No immediate watering needed.,0
2026-05-26 02:44:18,82.0,17.8,59.0,0.0,11.8,MONITOR,100.0,Conditions optimal for Onion (Moisture: 82.0%). No immediate watering needed.,0
2026-05-26 02:44:23,80.0,17.8,59.0,0.0,11.8,MONITOR,100.0,Conditions optimal for Onion (Moisture: 80.0%). No immediate watering needed.,0
2026-05-26 02:44:31,79.0,17.8,59.0,0.0,11.8,MONITOR,100.0,Conditions optimal for Onion (Moisture: 79.0%). No immediate watering needed.,0
2026-05-26 02:44:38,79.0,17.8,59.0,0.0,11.8,MONITOR,100.0,Conditions optimal for Onion (Moisture: 79.0%). No immediate watering needed.,0
2026-05-26 02:44:43,79.0,17.8,59.0,0.0,11.8,MONITOR,100.0,Conditions optimal for Onion (Moisture: 79.0%). No immediate watering needed.,0
2026-05-26 02:44:48,79.0,17.8,59.0,0.0,11.8,MONITOR,100.0,Conditions optimal for Onion (Moisture: 79.0%). No immediate watering needed.,0
2026-05-26 02:44:54,79.0,17.8,59.0,0.0,11.8,MONITOR,100.0,Conditions optimal for Onion (Moisture: 79.0%). No immediate watering needed.,0
2026-05-26 02:44:59,79.0,17.8,59.0,0.0,11.8,MONITOR,100.0,Conditions optimal for Onion (Moisture: 79.0%). No immediate watering needed.,0
2026-05-26 02:45:04,80.0,17.8,59.0,0.0,11.8,MONITOR,100.0,Conditions optimal for Onion (Moisture: 80.0%). No immediate watering needed.,0
2026-05-26 02:45:11,80.0,17.8,59.0,0.0,11.8,MONITOR,100.0,Conditions optimal for Onion (Moisture: 80.0%). No immediate watering needed.,0
2026-05-26 02:45:16,82.0,17.8,59.0,0.0,11.8,MONITOR,100.0,Conditions optimal for Onion (Moisture: 82.0%). No immediate watering needed.,0
2026-05-26 02:45:24,78.0,17.8,59.0,0.0,11.8,MONITOR,100.0,Conditions optimal for Onion (Moisture: 78.0%). No immediate watering needed.,0
2026-05-26 02:45:31,79.0,17.8,59.0,0.0,11.8,MONITOR,100.0,Conditions optimal for Onion (Moisture: 79.0%). No immediate watering needed.,0
2026-05-26 02:45:38,78.0,17.8,59.0,0.0,11.8,MONITOR,100.0,Conditions optimal for Onion (Moisture: 78.0%). No immediate watering needed.,0
2026-05-26 02:45:46,79.0,17.8,59.0,0.0,11.8,MONITOR,100.0,Conditions optimal for Onion (Moisture: 79.0%). No immediate watering needed.,0
2026-05-26 02:45:53,79.0,17.8,59.0,0.0,11.8,MONITOR,100.0,Conditions optimal for Onion (Moisture: 79.0%). No immediate watering needed.,0
2026-05-26 02:45:58,78.0,17.8,59.0,0.0,11.8,MONITOR,100.0,Conditions optimal for Onion (Moisture: 78.0%). No immediate watering needed.,0
2026-05-26 02:46:05,78.0,17.8,59.0,0.0,11.8,MONITOR,100.0,Conditions optimal for Onion (Moisture: 78.0%). No immediate watering needed.,0
2026-05-26 02:46:11,79.0,17.8,59.0,0.0,11.8,MONITOR,100.0,Conditions optimal for Onion (Moisture: 79.0%). No immediate watering needed.,0
2026-05-26 02:46:18,80.0,17.8,59.0,0.0,11.8,MONITOR,100.0,Conditions optimal for Onion (Moisture: 80.0%). No immediate watering needed.,0
2026-05-26 02:46:25,78.0,17.8,59.0,0.0,11.8,MONITOR,100.0,Conditions optimal for Onion (Moisture: 78.0%). No immediate watering needed.,0
2026-05-26 02:46:32,79.0,17.8,59.0,0.0,11.8,MONITOR,100.0,Conditions optimal for Onion (Moisture: 79.0%). No immediate watering needed.,0
2026-05-26 02:46:40,79.0,17.8,59.0,0.0,11.8,MONITOR,100.0,Conditions optimal for Onion (Moisture: 79.0%). No immediate watering needed.,0
2026-05-26 02:46:45,77.0,17.8,59.0,0.0,11.8,MONITOR,100.0,Conditions optimal for Onion (Moisture: 77.0%). No immediate watering needed.,0
2026-05-26 02:46:52,79.0,17.8,59.0,0.0,11.8,MONITOR,100.0,Conditions optimal for Onion (Moisture: 79.0%). No immediate watering needed.,0
2026-05-26 02:46:59,79.0,17.8,59.0,0.0,11.8,MONITOR,100.0,Conditions optimal for Onion (Moisture: 79.0%). No immediate watering needed.,0
2026-05-26 02:47:05,78.0,17.8,59.0,0.0,11.8,MONITOR,100.0,Conditions optimal for Onion (Moisture: 78.0%). No immediate watering needed.,0
2026-05-26 02:47:12,79.0,17.8,59.0,0.0,11.8,MONITOR,100.0,Conditions optimal for Onion (Moisture: 79.0%). No immediate watering needed.,0
2026-05-26 02:47:19,79.0,17.8,59.0,0.0,11.8,MONITOR,100.0,Conditions optimal for Onion (Moisture: 79.0%). No immediate watering needed.,0
2026-05-26 02:47:24,79.0,17.8,59.0,0.0,11.8,MONITOR,100.0,Conditions optimal for Onion (Moisture: 79.0%). No immediate watering needed.,0
2026-05-26 02:47:30,78.0,17.8,59.0,0.0,11.8,MONITOR,100.0,Conditions optimal for Onion (Moisture: 78.0%). No immediate watering needed.,0
2026-05-26 02:47:37,79.0,17.8,59.0,0.0,11.8,MONITOR,100.0,Conditions optimal for Onion (Moisture: 79.0%). No immediate watering needed.,0
2026-05-26 02:47:44,78.0,17.8,59.0,0.0,11.8,MONITOR,100.0,Conditions optimal for Onion (Moisture: 78.0%). No immediate watering needed.,0
2026-05-26 02:47:51,80.0,17.8,59.0,0.0,11.8,MONITOR,100.0,Conditions optimal for Onion (Moisture: 80.0%). No immediate watering needed.,0
2026-05-26 02:47:59,78.0,17.8,59.0,0.0,11.8,MONITOR,100.0,Conditions optimal for Onion (Moisture: 78.0%). No immediate watering needed.,0
2026-05-26 02:48:06,80.0,17.8,59.0,0.0,11.8,MONITOR,100.0,Conditions optimal for Onion (Moisture: 80.0%). No immediate watering needed.,0
2026-05-26 02:48:13,79.0,17.8,59.0,0.0,11.8,MONITOR,100.0,Conditions optimal for Onion (Moisture: 79.0%). No immediate watering needed.,0
2026-05-26 02:48:20,78.0,17.8,59.0,0.0,11.8,MONITOR,100.0,Conditions optimal for Onion (Moisture: 78.0%). No immediate watering needed.,0
2026-05-26 02:48:28,78.0,17.8,59.0,0.0,11.8,MONITOR,100.0,Conditions optimal for Onion (Moisture: 78.0%). No immediate watering needed.,0
2026-05-26 02:48:33,80.0,17.8,59.0,0.0,11.8,MONITOR,100.0,Conditions optimal for Onion (Moisture: 80.0%). No immediate watering needed.,0
2026-05-26 02:48:40,78.0,17.8,59.0,0.0,11.8,MONITOR,100.0,Conditions optimal for Onion (Moisture: 78.0%). No immediate watering needed.,0
2026-05-26 02:48:47,80.0,17.8,59.0,0.0,11.8,MONITOR,100.0,Conditions optimal for Onion (Moisture: 80.0%). No immediate watering needed.,0
2026-05-26 02:48:55,78.0,17.8,59.0,0.0,11.8,MONITOR,100.0,Conditions optimal for Onion (Moisture: 78.0%). No immediate watering needed.,0
2026-05-26 02:49:02,79.0,17.8,59.0,0.0,11.8,MONITOR,100.0,Conditions optimal for Onion (Moisture: 79.0%). No immediate watering needed.,0
2026-05-26 02:49:09,77.0,17.8,59.0,0.0,11.8,MONITOR,100.0,Conditions optimal for Onion (Moisture: 77.0%). No immediate watering needed.,0
2026-05-26 02:49:17,79.0,17.8,59.0,0.0,11.8,MONITOR,100.0,Conditions optimal for Onion (Moisture: 79.0%). No immediate watering needed.,0
2026-05-26 02:49:24,79.0,17.8,59.0,0.0,11.8,MONITOR,100.0,Conditions optimal for Onion (Moisture: 79.0%). No immediate watering needed.,0
2026-05-26 02:49:29,80.0,17.8,59.0,0.0,11.8,MONITOR,100.0,Conditions optimal for Onion (Moisture: 80.0%). No immediate watering needed.,0
2026-05-26 02:49:36,79.0,17.8,59.0,0.0,11.8,MONITOR,100.0,Conditions optimal for Onion (Moisture: 79.0%). No immediate watering needed.,0
2026-05-26 02:49:44,79.0,17.8,59.0,0.0,11.8,MONITOR,100.0,Conditions optimal for Onion (Moisture: 79.0%). No immediate watering needed.,0
2026-05-26 02:49:49,78.0,17.8,59.0,0.0,11.8,MONITOR,100.0,Conditions optimal for Onion (Moisture: 78.0%). No immediate watering needed.,0
2026-05-26 02:49:56,80.0,17.8,59.0,0.0,11.8,MONITOR,100.0,Conditions optimal for Onion (Moisture: 80.0%). No immediate watering needed.,0
2026-05-26 02:50:03,79.0,17.8,59.0,0.0,11.8,MONITOR,100.0,Conditions optimal for Onion (Moisture: 79.0%). No immediate watering needed.,0
2026-05-26 02:50:11,79.0,17.8,59.0,0.0,11.8,MONITOR,100.0,Conditions optimal for Onion (Moisture: 79.0%). No immediate watering needed.,0
2026-05-26 02:50:16,79.0,17.8,59.0,0.0,11.8,MONITOR,100.0,Conditions optimal for Onion (Moisture: 79.0%). No immediate watering needed.,0
2026-05-26 02:50:21,79.0,17.8,59.0,0.0,11.8,MONITOR,100.0,Conditions optimal for Onion (Moisture: 79.0%). No immediate watering needed.,0
2026-05-26 02:50:26,78.0,17.8,59.0,0.0,11.8,MONITOR,100.0,Conditions optimal for Onion (Moisture: 78.0%). No immediate watering needed.,0
2026-05-26 02:50:34,78.0,17.8,59.0,0.0,11.8,MONITOR,100.0,Conditions optimal for Onion (Moisture: 78.0%). No immediate watering needed.,0
2026-05-26 02:50:39,79.0,17.8,59.0,0.0,11.8,MONITOR,100.0,Conditions optimal for Onion (Moisture: 79.0%). No immediate watering needed.,0
2026-05-26 02:50:46,79.0,17.8,59.0,0.0,11.8,MONITOR,100.0,Conditions optimal for Onion (Moisture: 79.0%). No immediate watering needed.,0
2026-05-26 02:50:51,78.0,17.8,59.0,0.0,11.8,MONITOR,100.0,Conditions optimal for Onion (Moisture: 78.0%). No immediate watering needed.,0
2026-05-26 02:50:59,79.0,17.8,59.0,0.0,11.8,MONITOR,100.0,Conditions optimal for Onion (Moisture: 79.0%). No immediate watering needed.,0
2026-05-26 02:51:06,79.0,17.8,59.0,0.0,11.8,MONITOR,100.0,Conditions optimal for Onion (Moisture: 79.0%). No immediate watering needed.,0
2026-05-26 02:51:11,78.0,17.8,59.0,0.0,11.8,MONITOR,100.0,Conditions optimal for Onion (Moisture: 78.0%). No immediate watering needed.,0
2026-05-26 02:51:18,79.0,17.8,59.0,0.0,11.8,MONITOR,100.0,Conditions optimal for Onion (Moisture: 79.0%). No immediate watering needed.,0
2026-05-26 02:51:26,79.0,17.8,59.0,0.0,11.8,MONITOR,100.0,Conditions optimal for Onion (Moisture: 79.0%). No immediate watering needed.,0
2026-05-26 02:51:31,77.0,17.8,59.0,0.0,11.8,MONITOR,100.0,Conditions optimal for Onion (Moisture: 77.0%). No immediate watering needed.,0
2026-05-26 02:51:38,79.0,17.8,59.0,0.0,11.8,MONITOR,100.0,Conditions optimal for Onion (Moisture: 79.0%). No immediate watering needed.,0
2026-05-26 02:51:45,79.0,17.8,59.0,0.0,11.8,MONITOR,100.0,Conditions optimal for Onion (Moisture: 79.0%). No immediate watering needed.,0
2026-05-26 02:51:51,79.0,17.8,59.0,0.0,11.8,MONITOR,100.0,Conditions optimal for Onion (Moisture: 79.0%). No immediate watering needed.,0
2026-05-26 02:51:56,79.0,17.8,59.0,0.0,11.8,MONITOR,100.0,Conditions optimal for Onion (Moisture: 79.0%). No immediate watering needed.,0
2026-05-26 02:52:01,79.0,17.8,59.0,0.0,11.8,MONITOR,100.0,Conditions optimal for Onion (Moisture: 79.0%). No immediate watering needed.,0
2026-05-26 02:52:06,79.0,17.8,59.0,0.0,11.8,MONITOR,100.0,Conditions optimal for Onion (Moisture: 79.0%). No immediate watering needed.,0
2026-05-26 02:52:11,79.0,17.8,59.0,0.0,11.8,MONITOR,100.0,Conditions optimal for Onion (Moisture: 79.0%). No immediate watering needed.,0
2026-05-26 02:52:17,79.0,17.8,59.0,0.0,11.8,MONITOR,100.0,Conditions optimal for Onion (Moisture: 79.0%). No immediate watering needed.,0
2026-05-26 02:52:22,79.0,17.8,59.0,0.0,11.8,MONITOR,100.0,Conditions optimal for Onion (Moisture: 79.0%). No immediate watering needed.,0
2026-05-26 02:52:27,78.0,17.8,59.0,0.0,11.8,MONITOR,100.0,Conditions optimal for Onion (Moisture: 78.0%). No immediate watering needed.,0
2026-05-26 02:52:34,79.0,17.8,59.0,0.0,11.8,MONITOR,100.0,Conditions optimal for Onion (Moisture: 79.0%). No immediate watering needed.,0
2026-05-26 02:52:42,79.0,17.8,59.0,0.0,11.8,MONITOR,100.0,Conditions optimal for Onion (Moisture: 79.0%). No immediate watering needed.,0
2026-05-26 02:52:47,78.0,17.8,59.0,0.0,11.8,MONITOR,100.0,Conditions optimal for Onion (Moisture: 78.0%). No immediate watering needed.,0
2026-05-26 02:52:54,80.0,17.8,59.0,0.0,11.8,MONITOR,100.0,Conditions optimal for Onion (Moisture: 80.0%). No immediate watering needed.,0
2026-05-26 02:53:01,78.0,17.8,59.0,0.0,11.8,MONITOR,100.0,Conditions optimal for Onion (Moisture: 78.0%). No immediate watering needed.,0
2026-05-26 02:53:09,78.0,17.8,59.0,0.0,11.8,MONITOR,100.0,Conditions optimal for Onion (Moisture: 78.0%). No immediate watering needed.,0
2026-05-26 02:53:14,77.0,17.8,59.0,0.0,11.8,MONITOR,100.0,Conditions optimal for Onion (Moisture: 77.0%). No immediate watering needed.,0
2026-05-26 02:53:21,79.0,17.8,59.0,0.0,11.8,MONITOR,100.0,Conditions optimal for Onion (Moisture: 79.0%). No immediate watering needed.,0
2026-05-26 02:53:28,79.0,17.8,59.0,0.0,11.8,MONITOR,100.0,Conditions optimal for Onion (Moisture: 79.0%). No immediate watering needed.,0
2026-05-26 02:53:34,79.0,17.8,59.0,0.0,11.8,MONITOR,100.0,Conditions optimal for Onion (Moisture: 79.0%). No immediate watering needed.,0
2026-05-26 02:53:39,75.0,17.8,59.0,0.0,11.8,MONITOR,100.0,Conditions optimal for Onion (Moisture: 75.0%). No immediate watering needed.,0
2026-05-26 02:53:46,79.0,17.8,59.0,0.0,11.8,MONITOR,100.0,Conditions optimal for Onion (Moisture: 79.0%). No immediate watering needed.,0
2026-05-26 02:53:53,78.0,17.8,59.0,0.0,11.8,MONITOR,100.0,Conditions optimal for Onion (Moisture: 78.0%). No immediate watering needed.,0
2026-05-26 02:54:01,78.0,17.8,59.0,0.0,11.8,MONITOR,100.0,Conditions optimal for Onion (Moisture: 78.0%). No immediate watering needed.,0
2026-05-26 02:54:06,79.0,17.8,59.0,0.0,11.8,MONITOR,100.0,Conditions optimal for Onion (Moisture: 79.0%). No immediate watering needed.,0
2026-05-26 02:54:13,78.0,17.8,59.0,0.0,11.8,MONITOR,100.0,Conditions optimal for Onion (Moisture: 78.0%). No immediate watering needed.,0
2026-05-26 02:54:20,78.0,17.8,59.0,0.0,11.8,MONITOR,100.0,Conditions optimal for Onion (Moisture: 78.0%). No immediate watering needed.,0
2026-05-26 02:54:26,79.0,17.8,59.0,0.0,11.8,MONITOR,100.0,Conditions optimal for Onion (Moisture: 79.0%). No immediate watering needed.,0
2026-05-26 02:54:33,79.0,17.8,59.0,0.0,11.8,MONITOR,100.0,Conditions optimal for Onion (Moisture: 79.0%). No immediate watering needed.,0
2026-05-26 02:54:38,78.0,17.8,59.0,0.0,11.8,MONITOR,100.0,Conditions optimal for Onion (Moisture: 78.0%). No immediate watering needed.,0
2026-05-26 02:54:45,79.0,17.8,59.0,0.0,11.8,MONITOR,100.0,Conditions optimal for Onion (Moisture: 79.0%). No immediate watering needed.,0
2026-05-26 02:54:53,79.0,17.8,59.0,0.0,11.8,MONITOR,100.0,Conditions optimal for Onion (Moisture: 79.0%). No immediate watering needed.,0
2026-05-26 02:54:58,79.0,17.8,59.0,0.0,11.8,MONITOR,100.0,Conditions optimal for Onion (Moisture: 79.0%). No immediate watering needed.,0
2026-05-26 02:55:03,80.0,17.8,59.0,0.0,11.8,MONITOR,100.0,Conditions optimal for Onion (Moisture: 80.0%). No immediate watering needed.,0
2026-05-26 02:55:10,79.0,17.8,59.0,0.0,11.8,MONITOR,100.0,Conditions optimal for Onion (Moisture: 79.0%). No immediate watering needed.,0
2026-05-26 02:55:18,79.0,17.8,59.0,0.0,11.8,MONITOR,100.0,Conditions optimal for Onion (Moisture: 79.0%). No immediate watering needed.,0
2026-05-26 02:55:23,80.0,17.8,59.0,0.0,11.8,MONITOR,100.0,Conditions optimal for Onion (Moisture: 80.0%). No immediate watering needed.,0
2026-05-26 02:55:30,77.0,17.8,59.0,0.0,11.8,MONITOR,100.0,Conditions optimal for Onion (Moisture: 77.0%). No immediate watering needed.,0
2026-05-26 02:55:37,79.0,17.8,59.0,0.0,11.8,MONITOR,100.0,Conditions optimal for Onion (Moisture: 79.0%). No immediate watering needed.,0
2026-05-26 02:55:45,79.0,17.8,59.0,0.0,11.8,MONITOR,100.0,Conditions optimal for Onion (Moisture: 79.0%). No immediate watering needed.,0
2026-05-26 02:55:50,78.0,17.8,59.0,0.0,11.8,MONITOR,100.0,Conditions optimal for Onion (Moisture: 78.0%). No immediate watering needed.,0
2026-05-26 02:55:57,78.0,17.8,59.0,0.0,11.8,MONITOR,100.0,Conditions optimal for Onion (Moisture: 78.0%). No immediate watering needed.,0
2026-05-26 02:56:03,79.0,17.8,59.0,0.0,11.8,MONITOR,100.0,Conditions optimal for Onion (Moisture: 79.0%). No immediate watering needed.,0
2026-05-26 02:56:10,78.0,17.8,59.0,0.0,11.8,MONITOR,100.0,Conditions optimal for Onion (Moisture: 78.0%). No immediate watering needed.,0
2026-05-26 02:56:17,79.0,17.8,59.0,0.0,11.8,MONITOR,100.0,Conditions optimal for Onion (Moisture: 79.0%). No immediate watering needed.,0
2026-05-26 02:56:24,79.0,17.8,59.0,0.0,11.8,MONITOR,100.0,Conditions optimal for Onion (Moisture: 79.0%). No immediate watering needed.,0
2026-05-26 02:56:30,79.0,17.8,59.0,0.0,11.8,MONITOR,100.0,Conditions optimal for Onion (Moisture: 79.0%). No immediate watering needed.,0
2026-05-26 02:56:35,79.0,17.8,59.0,0.0,11.8,MONITOR,100.0,Conditions optimal for Onion (Moisture: 79.0%). No immediate watering needed.,0
2026-05-26 02:56:40,79.0,17.8,59.0,0.0,11.8,MONITOR,100.0,Conditions optimal for Onion (Moisture: 79.0%). No immediate watering needed.,0
2026-05-26 02:56:45,79.0,17.8,59.0,0.0,11.8,MONITOR,100.0,Conditions optimal for Onion (Moisture: 79.0%). No immediate watering needed.,0
2026-05-26 02:56:50,78.0,17.8,59.0,0.0,11.8,MONITOR,100.0,Conditions optimal for Onion (Moisture: 78.0%). No immediate watering needed.,0
2026-05-26 02:56:58,79.0,17.8,59.0,0.0,11.8,MONITOR,100.0,Conditions optimal for Onion (Moisture: 79.0%). No immediate watering needed.,0
2026-05-26 02:57:05,78.0,17.8,59.0,0.0,11.8,MONITOR,100.0,Conditions optimal for Onion (Moisture: 78.0%). No immediate watering needed.,0
2026-05-26 02:57:12,78.0,17.8,59.0,0.0,11.8,MONITOR,100.0,Conditions optimal for Onion (Moisture: 78.0%). No immediate watering needed.,0
2026-05-26 02:57:17,79.0,17.8,59.0,0.0,11.8,MONITOR,100.0,Conditions optimal for Onion (Moisture: 79.0%). No immediate watering needed.,0
2026-05-26 02:57:25,79.0,17.8,59.0,0.0,11.8,MONITOR,100.0,Conditions optimal for Onion (Moisture: 79.0%). No immediate watering needed.,0
2026-05-26 02:57:30,79.0,17.8,59.0,0.0,11.8,MONITOR,100.0,Conditions optimal for Onion (Moisture: 79.0%). No immediate watering needed.,0
2026-05-26 02:57:35,78.0,17.8,59.0,0.0,11.8,MONITOR,100.0,Conditions optimal for Onion (Moisture: 78.0%). No immediate watering needed.,0
2026-05-26 02:57:42,79.0,17.8,59.0,0.0,11.8,MONITOR,100.0,Conditions optimal for Onion (Moisture: 79.0%). No immediate watering needed.,0
2026-05-26 02:57:50,77.0,17.8,59.0,0.0,11.8,MONITOR,100.0,Conditions optimal for Onion (Moisture: 77.0%). No immediate watering needed.,0
2026-05-26 02:57:57,77.0,17.8,59.0,0.0,11.8,MONITOR,100.0,Conditions optimal for Onion (Moisture: 77.0%). No immediate watering needed.,0
2026-05-26 02:58:02,81.0,17.8,59.0,0.0,11.8,MONITOR,100.0,Conditions optimal for Onion (Moisture: 81.0%). No immediate watering needed.,0
2026-05-26 02:58:09,79.0,17.8,59.0,0.0,11.8,MONITOR,100.0,Conditions optimal for Onion (Moisture: 79.0%). No immediate watering needed.,0
2026-05-26 02:58:17,80.0,17.8,59.0,0.0,11.8,MONITOR,100.0,Conditions optimal for Onion (Moisture: 80.0%). No immediate watering needed.,0
2026-05-26 02:58:24,78.0,17.8,59.0,0.0,11.8,MONITOR,100.0,Conditions optimal for Onion (Moisture: 78.0%). No immediate watering needed.,0
2026-05-26 02:58:31,79.0,17.8,59.0,0.0,11.8,MONITOR,100.0,Conditions optimal for Onion (Moisture: 79.0%). No immediate watering needed.,0
2026-05-26 02:58:39,79.0,17.8,59.0,0.0,11.8,MONITOR,100.0,Conditions optimal for Onion (Moisture: 79.0%). No immediate watering needed.,0
2026-05-26 02:58:44,78.0,17.8,59.0,0.0,11.8,MONITOR,100.0,Conditions optimal for Onion (Moisture: 78.0%). No immediate watering needed.,0
2026-05-26 02:58:51,79.0,17.8,59.0,0.0,11.8,MONITOR,100.0,Conditions optimal for Onion (Moisture: 79.0%). No immediate watering needed.,0
2026-05-26 02:58:58,80.0,17.8,59.0,0.0,11.8,MONITOR,100.0,Conditions optimal for Onion (Moisture: 80.0%). No immediate watering needed.,0
2026-05-26 02:59:06,79.0,17.8,59.0,0.0,11.8,MONITOR,100.0,Conditions optimal for Onion (Moisture: 79.0%). No immediate watering needed.,0
2026-05-26 02:59:13,78.0,17.8,59.0,0.0,11.8,MONITOR,100.0,Conditions optimal for Onion (Moisture: 78.0%). No immediate watering needed.,0
2026-05-26 02:59:20,79.0,17.8,59.0,0.0,11.8,MONITOR,100.0,Conditions optimal for Onion (Moisture: 79.0%). No immediate watering needed.,0
2026-05-26 02:59:28,79.0,17.8,59.0,0.0,11.8,MONITOR,100.0,Conditions optimal for Onion (Moisture: 79.0%). No immediate watering needed.,0
2026-05-26 02:59:33,78.0,17.8,59.0,0.0,11.8,MONITOR,100.0,Conditions optimal for Onion (Moisture: 78.0%). No immediate watering needed.,0
2026-05-26 02:59:40,79.0,17.8,59.0,0.0,11.8,MONITOR,100.0,Conditions optimal for Onion (Moisture: 79.0%). No immediate watering needed.,0
2026-05-26 02:59:47,77.0,17.8,59.0,0.0,11.8,MONITOR,100.0,Conditions optimal for Onion (Moisture: 77.0%). No immediate watering needed.,0
2026-05-26 02:59:55,79.0,17.8,59.0,0.0,11.8,MONITOR,100.0,Conditions optimal for Onion (Moisture: 79.0%). No immediate watering needed.,0
2026-05-26 03:00:02,78.0,17.8,59.0,0.0,11.8,MONITOR,100.0,Conditions optimal for Onion (Moisture: 78.0%). No immediate watering needed.,0
2026-05-26 03:00:09,78.0,17.8,59.0,0.0,11.8,MONITOR,100.0,Conditions optimal for Onion (Moisture: 78.0%). No immediate watering needed.,0
2026-05-26 03:00:14,79.0,17.8,59.0,0.0,11.8,MONITOR,100.0,Conditions optimal for Onion (Moisture: 79.0%). No immediate watering needed.,0
2026-05-26 03:00:22,80.0,17.8,59.0,0.0,11.8,MONITOR,100.0,Conditions optimal for Onion (Moisture: 80.0%). No immediate watering needed.,0
2026-05-26 03:00:29,78.0,17.8,59.0,0.0,11.8,MONITOR,100.0,Conditions optimal for Onion (Moisture: 78.0%). No immediate watering needed.,0
2026-05-26 03:00:36,79.0,17.8,59.0,0.0,11.8,MONITOR,100.0,Conditions optimal for Onion (Moisture: 79.0%). No immediate watering needed.,0
2026-05-26 03:00:43,80.0,17.8,59.0,0.0,11.8,MONITOR,100.0,Conditions optimal for Onion (Moisture: 80.0%). No immediate watering needed.,0
2026-05-26 03:00:51,79.0,17.8,59.0,0.0,11.8,MONITOR,100.0,Conditions optimal for Onion (Moisture: 79.0%). No immediate watering needed.,0
2026-05-26 03:00:58,79.0,17.8,59.0,0.0,11.8,MONITOR,100.0,Conditions optimal for Onion (Moisture: 79.0%). No immediate watering needed.,0
2026-05-26 03:01:03,79.0,17.8,59.0,0.0,11.8,MONITOR,100.0,Conditions optimal for Onion (Moisture: 79.0%). No immediate watering needed.,0
2026-05-26 03:01:08,80.0,17.8,59.0,0.0,11.8,MONITOR,100.0,Conditions optimal for Onion (Moisture: 80.0%). No immediate watering needed.,0
2026-05-26 03:01:16,79.0,17.8,59.0,0.0,11.8,MONITOR,100.0,Conditions optimal for Onion (Moisture: 79.0%). No immediate watering needed.,0
2026-05-26 03:01:23,79.0,17.8,60.0,0.0,11.8,MONITOR,100.0,Conditions optimal for Onion (Moisture: 79.0%). No immediate watering needed.,0
2026-05-26 03:01:28,78.0,17.8,60.0,0.0,11.8,MONITOR,100.0,Conditions optimal for Onion (Moisture: 78.0%). No immediate watering needed.,0
2026-05-26 03:01:36,79.0,17.8,60.0,0.0,11.8,MONITOR,100.0,Conditions optimal for Onion (Moisture: 79.0%). No immediate watering needed.,0
2026-05-26 03:01:43,78.0,17.8,59.0,0.0,11.8,MONITOR,100.0,Conditions optimal for Onion (Moisture: 78.0%). No immediate watering needed.,0
2026-05-26 03:01:50,80.0,17.8,59.0,0.0,11.8,MONITOR,100.0,Conditions optimal for Onion (Moisture: 80.0%). No immediate watering needed.,0
2026-05-26 03:01:57,79.0,17.8,59.0,0.0,11.8,MONITOR,100.0,Conditions optimal for Onion (Moisture: 79.0%). No immediate watering needed.,0
2026-05-26 03:02:05,78.0,17.8,59.0,0.0,11.8,MONITOR,100.0,Conditions optimal for Onion (Moisture: 78.0%). No immediate watering needed.,0
2026-05-26 03:02:12,79.0,17.8,59.0,0.0,11.8,MONITOR,100.0,Conditions optimal for Onion (Moisture: 79.0%). No immediate watering needed.,0
2026-05-26 03:02:19,79.0,17.8,59.0,0.0,11.8,MONITOR,100.0,Conditions optimal for Onion (Moisture: 79.0%). No immediate watering needed.,0
2026-05-26 03:02:24,80.0,17.8,59.0,0.0,11.8,MONITOR,100.0,Conditions optimal for Onion (Moisture: 80.0%). No immediate watering needed.,0
2026-05-26 03:02:32,79.0,17.8,59.0,0.0,11.8,MONITOR,100.0,Conditions optimal for Onion (Moisture: 79.0%). No immediate watering needed.,0
2026-05-26 03:02:39,79.0,17.8,59.0,0.0,11.8,MONITOR,100.0,Conditions optimal for Onion (Moisture: 79.0%). No immediate watering needed.,0
2026-05-26 03:02:44,79.0,17.8,59.0,0.0,11.8,MONITOR,100.0,Conditions optimal for Onion (Moisture: 79.0%). No immediate watering needed.,0
2026-05-26 03:02:49,79.0,17.8,59.0,0.0,11.8,MONITOR,100.0,Conditions optimal for Onion (Moisture: 79.0%). No immediate watering needed.,0
2026-05-26 03:02:55,79.0,17.8,59.0,0.0,11.8,MONITOR,100.0,Conditions optimal for Onion (Moisture: 79.0%). No immediate watering needed.,0
2026-05-26 03:03:00,80.0,17.8,59.0,0.0,11.8,MONITOR,100.0,Conditions optimal for Onion (Moisture: 80.0%). No immediate watering needed.,0
2026-05-26 03:03:07,80.0,17.8,59.0,0.0,11.8,MONITOR,100.0,Conditions optimal for Onion (Moisture: 80.0%). No immediate watering needed.,0
2026-05-26 03:03:12,79.0,17.8,59.0,0.0,11.8,MONITOR,100.0,Conditions optimal for Onion (Moisture: 79.0%). No immediate watering needed.,0
2026-05-26 03:03:20,79.0,17.8,59.0,0.0,11.8,MONITOR,100.0,Conditions optimal for Onion (Moisture: 79.0%). No immediate watering needed.,0
2026-05-26 03:03:25,79.0,17.8,59.0,0.0,11.8,MONITOR,100.0,Conditions optimal for Onion (Moisture: 79.0%). No immediate watering needed.,0
2026-05-26 03:03:30,79.0,17.8,59.0,0.0,11.8,MONITOR,100.0,Conditions optimal for Onion (Moisture: 79.0%). No immediate watering needed.,0
2026-05-26 03:03:35,79.0,17.8,59.0,0.0,11.8,MONITOR,100.0,Conditions optimal for Onion (Moisture: 79.0%). No immediate watering needed.,0
2026-05-26 03:03:41,79.0,17.8,59.0,0.0,11.8,MONITOR,100.0,Conditions optimal for Onion (Moisture: 79.0%). No immediate watering needed.,0
2026-05-26 03:03:46,79.0,17.8,59.0,0.0,11.8,MONITOR,100.0,Conditions optimal for Onion (Moisture: 79.0%). No immediate watering needed.,0
2026-05-26 03:03:51,80.0,17.8,59.0,0.0,11.8,MONITOR,100.0,Conditions optimal for Onion (Moisture: 80.0%). No immediate watering needed.,0
2026-05-26 03:03:58,79.0,17.8,59.0,0.0,11.8,MONITOR,100.0,Conditions optimal for Onion (Moisture: 79.0%). No immediate watering needed.,0
2026-05-26 03:04:06,79.0,17.8,59.0,0.0,11.8,MONITOR,100.0,Conditions optimal for Onion (Moisture: 79.0%). No immediate watering needed.,0
2026-05-26 03:04:11,78.0,17.8,59.0,0.0,11.8,MONITOR,100.0,Conditions optimal for Onion (Moisture: 78.0%). No immediate watering needed.,0
2026-05-26 03:04:18,78.0,17.8,59.0,0.0,11.8,MONITOR,100.0,Conditions optimal for Onion (Moisture: 78.0%). No immediate watering needed.,0
2026-05-26 03:04:23,79.0,17.8,59.0,0.0,11.8,MONITOR,100.0,Conditions optimal for Onion (Moisture: 79.0%). No immediate watering needed.,0
2026-05-26 03:04:30,80.0,17.8,59.0,0.0,11.8,MONITOR,100.0,Conditions optimal for Onion (Moisture: 80.0%). No immediate watering needed.,0
2026-05-26 03:04:38,79.0,17.8,59.0,0.0,11.8,MONITOR,100.0,Conditions optimal for Onion (Moisture: 79.0%). No immediate watering needed.,0
2026-05-26 03:04:45,79.0,17.8,59.0,0.0,11.8,MONITOR,100.0,Conditions optimal for Onion (Moisture: 79.0%). No immediate watering needed.,0
2026-05-26 03:04:50,77.0,17.8,59.0,0.0,11.8,MONITOR,100.0,Conditions optimal for Onion (Moisture: 77.0%). No immediate watering needed.,0
2026-05-26 03:04:58,79.0,17.8,59.0,0.0,11.8,MONITOR,100.0,Conditions optimal for Onion (Moisture: 79.0%). No immediate watering needed.,0
2026-05-26 03:05:05,79.0,17.8,59.0,0.0,11.8,MONITOR,100.0,Conditions optimal for Onion (Moisture: 79.0%). No immediate watering needed.,0
2026-05-26 03:05:10,79.0,17.8,59.0,0.0,11.8,MONITOR,100.0,Conditions optimal for Onion (Moisture: 79.0%). No immediate watering needed.,0
2026-05-26 03:05:15,79.0,17.8,59.0,0.0,11.8,MONITOR,100.0,Conditions optimal for Onion (Moisture: 79.0%). No immediate watering needed.,0
2026-05-26 03:05:21,80.0,17.8,59.0,0.0,11.8,MONITOR,100.0,Conditions optimal for Onion (Moisture: 80.0%). No immediate watering needed.,0
2026-05-26 03:05:28,81.0,17.8,59.0,0.0,11.8,MONITOR,100.0,Conditions optimal for Onion (Moisture: 81.0%). No immediate watering needed.,0
2026-05-26 03:05:35,79.0,17.8,59.0,0.0,11.8,MONITOR,100.0,Conditions optimal for Onion (Moisture: 79.0%). No immediate watering needed.,0
2026-05-26 03:05:42,78.0,17.8,59.0,0.0,11.8,MONITOR,100.0,Conditions optimal for Onion (Moisture: 78.0%). No immediate watering needed.,0
2026-05-26 03:05:50,78.0,17.8,59.0,0.0,11.8,MONITOR,100.0,Conditions optimal for Onion (Moisture: 78.0%). No immediate watering needed.,0
2026-05-26 03:05:55,79.0,17.8,59.0,0.0,11.8,MONITOR,100.0,Conditions optimal for Onion (Moisture: 79.0%). No immediate watering needed.,0
2026-05-26 03:06:02,78.0,17.8,59.0,0.0,11.8,MONITOR,100.0,Conditions optimal for Onion (Moisture: 78.0%). No immediate watering needed.,0
2026-05-26 03:06:09,80.0,17.8,59.0,0.0,11.8,MONITOR,100.0,Conditions optimal for Onion (Moisture: 80.0%). No immediate watering needed.,0
2026-05-26 03:06:17,79.0,17.8,59.0,0.0,11.8,MONITOR,100.0,Conditions optimal for Onion (Moisture: 79.0%). No immediate watering needed.,0
2026-05-26 03:06:24,79.0,17.8,59.0,0.0,11.8,MONITOR,100.0,Conditions optimal for Onion (Moisture: 79.0%). No immediate watering needed.,0
2026-05-26 03:06:29,78.0,17.8,59.0,0.0,11.8,MONITOR,100.0,Conditions optimal for Onion (Moisture: 78.0%). No immediate watering needed.,0
2026-05-26 03:06:36,80.0,17.8,59.0,0.0,11.8,MONITOR,100.0,Conditions optimal for Onion (Moisture: 80.0%). No immediate watering needed.,0
2026-05-26 03:06:44,79.0,17.8,59.0,0.0,11.8,MONITOR,100.0,Conditions optimal for Onion (Moisture: 79.0%). No immediate watering needed.,0
2026-05-26 03:06:51,79.0,17.8,59.0,0.0,11.8,MONITOR,100.0,Conditions optimal for Onion (Moisture: 79.0%). No immediate watering needed.,0
2026-05-26 03:06:56,79.0,17.8,59.0,0.0,11.8,MONITOR,100.0,Conditions optimal for Onion (Moisture: 79.0%). No immediate watering needed.,0
2026-05-26 03:07:01,78.0,17.8,59.0,0.0,11.8,MONITOR,100.0,Conditions optimal for Onion (Moisture: 78.0%). No immediate watering needed.,0
2026-05-26 03:07:09,79.0,17.8,59.0,0.0,11.8,MONITOR,100.0,Conditions optimal for Onion (Moisture: 79.0%). No immediate watering needed.,0
2026-05-26 03:07:16,79.0,17.8,59.0,0.0,11.8,MONITOR,100.0,Conditions optimal for Onion (Moisture: 79.0%). No immediate watering needed.,0
2026-05-26 03:07:21,78.0,17.8,59.0,0.0,11.8,MONITOR,100.0,Conditions optimal for Onion (Moisture: 78.0%). No immediate watering needed.,0
2026-05-26 03:07:28,79.0,17.8,59.0,0.0,11.8,MONITOR,100.0,Conditions optimal for Onion (Moisture: 79.0%). No immediate watering needed.,0
2026-05-26 03:07:36,80.0,17.8,59.0,0.0,11.8,MONITOR,100.0,Conditions optimal for Onion (Moisture: 80.0%). No immediate watering needed.,0
2026-05-26 03:07:43,79.0,17.8,59.0,0.0,11.8,MONITOR,100.0,Conditions optimal for Onion (Moisture: 79.0%). No immediate watering needed.,0
2026-05-26 03:07:50,79.0,17.8,59.0,0.0,11.8,MONITOR,100.0,Conditions optimal for Onion (Moisture: 79.0%). No immediate watering needed.,0
2026-05-26 03:07:55,79.0,17.8,59.0,0.0,11.8,MONITOR,100.0,Conditions optimal for Onion (Moisture: 79.0%). No immediate watering needed.,0
2026-05-26 03:08:01,79.0,17.8,59.0,0.0,11.8,MONITOR,100.0,Conditions optimal for Onion (Moisture: 79.0%). No immediate watering needed.,0
2026-05-26 03:08:06,79.0,17.8,59.0,0.0,11.8,MONITOR,100.0,Conditions optimal for Onion (Moisture: 79.0%). No immediate watering needed.,0
2026-05-26 03:08:11,79.0,17.8,59.0,0.0,11.8,MONITOR,100.0,Conditions optimal for Onion (Moisture: 79.0%). No immediate watering needed.,0
2026-05-26 03:08:16,80.0,17.8,59.0,0.0,11.8,MONITOR,100.0,Conditions optimal for Onion (Moisture: 80.0%). No immediate watering needed.,0
2026-05-26 03:08:23,81.0,17.8,59.0,0.0,11.8,MONITOR,100.0,Conditions optimal for Onion (Moisture: 81.0%). No immediate watering needed.,0
2026-05-26 03:08:31,78.0,17.8,59.0,0.0,11.8,MONITOR,100.0,Conditions optimal for Onion (Moisture: 78.0%). No immediate watering needed.,0
2026-05-26 03:08:38,79.0,17.8,60.0,0.0,11.8,MONITOR,100.0,Conditions optimal for Onion (Moisture: 79.0%). No immediate watering needed.,0
2026-05-26 03:08:45,77.0,17.8,60.0,0.0,11.8,MONITOR,100.0,Conditions optimal for Onion (Moisture: 77.0%). No immediate watering needed.,0
2026-05-26 03:08:53,79.0,17.8,60.0,0.0,11.8,MONITOR,100.0,Conditions optimal for Onion (Moisture: 79.0%). No immediate watering needed.,0
2026-05-26 03:09:00,78.0,17.8,60.0,0.0,11.8,MONITOR,100.0,Conditions optimal for Onion (Moisture: 78.0%). No immediate watering needed.,0
2026-05-26 03:09:07,78.0,17.8,60.0,0.0,11.8,MONITOR,100.0,Conditions optimal for Onion (Moisture: 78.0%). No immediate watering needed.,0
2026-05-26 03:09:12,79.0,17.8,60.0,0.0,11.8,MONITOR,100.0,Conditions optimal for Onion (Moisture: 79.0%). No immediate watering needed.,0
2026-05-26 03:09:20,78.0,17.8,60.0,0.0,11.8,MONITOR,100.0,Conditions optimal for Onion (Moisture: 78.0%). No immediate watering needed.,0
2026-05-26 03:09:27,79.0,17.8,60.0,0.0,11.8,MONITOR,100.0,Conditions optimal for Onion (Moisture: 79.0%). No immediate watering needed.,0
2026-05-26 03:09:34,78.0,17.8,60.0,0.0,11.8,MONITOR,100.0,Conditions optimal for Onion (Moisture: 78.0%). No immediate watering needed.,0
2026-05-26 03:09:41,78.0,17.8,60.0,0.0,11.8,MONITOR,100.0,Conditions optimal for Onion (Moisture: 78.0%). No immediate watering needed.,0
2026-05-26 03:09:47,79.0,17.8,60.0,0.0,11.8,MONITOR,100.0,Conditions optimal for Onion (Moisture: 79.0%). No immediate watering needed.,0
2026-05-26 03:09:54,78.0,17.8,60.0,0.0,11.8,MONITOR,100.0,Conditions optimal for Onion (Moisture: 78.0%). No immediate watering needed.,0
2026-05-26 03:10:01,78.0,17.8,60.0,0.0,11.8,MONITOR,100.0,Conditions optimal for Onion (Moisture: 78.0%). No immediate watering needed.,0
2026-05-26 03:10:06,79.0,17.8,60.0,0.0,11.8,MONITOR,100.0,Conditions optimal for Onion (Moisture: 79.0%). No immediate watering needed.,0
2026-05-26 03:10:14,79.0,17.8,60.0,0.0,11.8,MONITOR,100.0,Conditions optimal for Onion (Moisture: 79.0%). No immediate watering needed.,0
2026-05-26 03:10:19,79.0,17.8,60.0,0.0,11.8,MONITOR,100.0,Conditions optimal for Onion (Moisture: 79.0%). No immediate watering needed.,0
2026-05-26 03:10:24,78.0,17.8,60.0,0.0,11.8,MONITOR,100.0,Conditions optimal for Onion (Moisture: 78.0%). No immediate watering needed.,0
2026-05-26 03:10:31,76.0,17.8,60.0,0.0,11.8,MONITOR,100.0,Conditions optimal for Onion (Moisture: 76.0%). No immediate watering needed.,0
2026-05-26 03:10:39,82.0,17.8,60.0,0.0,11.8,MONITOR,100.0,Conditions optimal for Onion (Moisture: 82.0%). No immediate watering needed.,0
2026-05-26 03:10:46,78.0,17.8,60.0,0.0,11.8,MONITOR,100.0,Conditions optimal for Onion (Moisture: 78.0%). No immediate watering needed.,0
2026-05-26 03:10:53,78.0,17.8,60.0,0.0,11.8,MONITOR,100.0,Conditions optimal for Onion (Moisture: 78.0%). No immediate watering needed.,0
2026-05-26 03:10:58,79.0,17.8,60.0,0.0,11.8,MONITOR,100.0,Conditions optimal for Onion (Moisture: 79.0%). No immediate watering needed.,0
2026-05-26 03:11:06,77.0,17.8,60.0,0.0,11.8,MONITOR,100.0,Conditions optimal for Onion (Moisture: 77.0%). No immediate watering needed.,0
2026-05-26 03:11:13,79.0,17.8,60.0,0.0,11.8,MONITOR,100.0,Conditions optimal for Onion (Moisture: 79.0%). No immediate watering needed.,0
2026-05-26 03:11:20,79.0,17.8,60.0,0.0,11.8,MONITOR,100.0,Conditions optimal for Onion (Moisture: 79.0%). No immediate watering needed.,0
2026-05-26 03:11:25,78.0,17.7,60.0,0.0,11.8,MONITOR,100.0,Conditions optimal for Onion (Moisture: 78.0%). No immediate watering needed.,0
2026-05-26 03:11:33,80.0,17.8,60.0,0.0,11.8,MONITOR,100.0,Conditions optimal for Onion (Moisture: 80.0%). No immediate watering needed.,0
2026-05-26 03:11:40,78.0,17.8,60.0,0.0,11.8,MONITOR,100.0,Conditions optimal for Onion (Moisture: 78.0%). No immediate watering needed.,0
2026-05-26 03:11:47,79.0,17.8,60.0,0.0,11.8,MONITOR,100.0,Conditions optimal for Onion (Moisture: 79.0%). No immediate watering needed.,0
2026-05-26 03:11:54,79.0,17.8,60.0,0.0,11.8,MONITOR,100.0,Conditions optimal for Onion (Moisture: 79.0%). No immediate watering needed.,0
2026-05-26 03:12:00,79.0,17.8,60.0,0.0,11.8,MONITOR,100.0,Conditions optimal for Onion (Moisture: 79.0%). No immediate watering needed.,0
2026-05-26 03:12:05,78.0,17.8,60.0,0.0,11.8,MONITOR,100.0,Conditions optimal for Onion (Moisture: 78.0%). No immediate watering needed.,0
2026-05-26 03:12:12,78.0,17.8,60.0,0.0,11.8,MONITOR,100.0,Conditions optimal for Onion (Moisture: 78.0%). No immediate watering needed.,0
2026-05-26 03:12:18,79.0,17.8,60.0,0.0,11.8,MONITOR,100.0,Conditions optimal for Onion (Moisture: 79.0%). No immediate watering needed.,0
2026-05-26 03:12:25,79.0,17.8,60.0,0.0,11.8,MONITOR,100.0,Conditions optimal for Onion (Moisture: 79.0%). No immediate watering needed.,0
2026-05-26 03:12:30,79.0,17.8,60.0,0.0,11.8,MONITOR,100.0,Conditions optimal for Onion (Moisture: 79.0%). No immediate watering needed.,0
2026-05-26 03:12:35,79.0,17.7,60.0,0.0,11.8,MONITOR,100.0,Conditions optimal for Onion (Moisture: 79.0%). No immediate watering needed.,0
2026-05-26 03:12:40,78.0,17.8,60.0,0.0,11.8,MONITOR,100.0,Conditions optimal for Onion (Moisture: 78.0%). No immediate watering needed.,0
2026-05-26 03:12:48,79.0,17.8,60.0,0.0,11.8,MONITOR,100.0,Conditions optimal for Onion (Moisture: 79.0%). No immediate watering needed.,0
2026-05-26 03:12:55,78.0,17.8,60.0,0.0,11.8,MONITOR,100.0,Conditions optimal for Onion (Moisture: 78.0%). No immediate watering needed.,0
2026-05-26 03:13:02,77.0,17.8,60.0,0.0,11.8,MONITOR,100.0,Conditions optimal for Onion (Moisture: 77.0%). No immediate watering needed.,0
2026-05-26 03:13:10,78.0,17.8,60.0,0.0,11.8,MONITOR,100.0,Conditions optimal for Onion (Moisture: 78.0%). No immediate watering needed.,0
2026-05-26 03:13:17,79.0,17.8,60.0,0.0,11.8,MONITOR,100.0,Conditions optimal for Onion (Moisture: 79.0%). No immediate watering needed.,0
2026-05-26 03:13:24,78.0,17.8,60.0,0.0,11.8,MONITOR,100.0,Conditions optimal for Onion (Moisture: 78.0%). No immediate watering needed.,0
2026-05-26 03:13:31,80.0,17.8,60.0,0.0,11.8,MONITOR,100.0,Conditions optimal for Onion (Moisture: 80.0%). No immediate watering needed.,0
2026-05-26 03:13:39,79.0,17.8,60.0,0.0,11.8,MONITOR,100.0,Conditions optimal for Onion (Moisture: 79.0%). No immediate watering needed.,0
2026-05-26 03:13:46,79.0,17.8,60.0,0.0,11.8,MONITOR,100.0,Conditions optimal for Onion (Moisture: 79.0%). No immediate watering needed.,0
2026-05-26 03:13:51,76.0,17.8,60.0,0.0,11.8,MONITOR,100.0,Conditions optimal for Onion (Moisture: 76.0%). No immediate watering needed.,0
2026-05-26 03:13:58,79.0,17.8,60.0,0.0,11.8,MONITOR,100.0,Conditions optimal for Onion (Moisture: 79.0%). No immediate watering needed.,0
2026-05-26 03:14:06,79.0,17.8,60.0,0.0,11.8,MONITOR,100.0,Conditions optimal for Onion (Moisture: 79.0%). No immediate watering needed.,0
2026-05-26 03:14:11,79.0,17.6,60.0,0.0,11.8,MONITOR,100.0,Conditions optimal for Onion (Moisture: 79.0%). No immediate watering needed.,0
2026-05-26 03:14:16,79.0,17.5,60.0,0.0,11.8,MONITOR,100.0,Conditions optimal for Onion (Moisture: 79.0%). No immediate watering needed.,0
2026-05-26 03:14:21,78.0,17.5,60.0,0.0,11.8,MONITOR,100.0,Conditions optimal for Onion (Moisture: 78.0%). No immediate watering needed.,0
2026-05-26 03:14:29,78.0,17.5,60.0,0.0,11.8,MONITOR,100.0,Conditions optimal for Onion (Moisture: 78.0%). No immediate watering needed.,0
2026-05-26 03:14:34,79.0,17.7,60.0,0.0,11.8,MONITOR,100.0,Conditions optimal for Onion (Moisture: 79.0%). No immediate watering needed.,0
2026-05-26 03:14:41,79.0,17.8,60.0,0.0,11.8,MONITOR,100.0,Conditions optimal for Onion (Moisture: 79.0%). No immediate watering needed.,0
2026-05-26 03:14:46,79.0,17.8,60.0,0.0,11.8,MONITOR,100.0,Conditions optimal for Onion (Moisture: 79.0%). No immediate watering needed.,0
2026-05-26 03:14:52,80.0,17.8,60.0,0.0,11.8,MONITOR,100.0,Conditions optimal for Onion (Moisture: 80.0%). No immediate watering needed.,0
2026-05-26 03:14:59,79.0,17.8,60.0,0.0,11.8,MONITOR,100.0,Conditions optimal for Onion (Moisture: 79.0%). No immediate watering needed.,0
2026-05-26 03:15:06,79.0,17.8,60.0,0.0,11.8,MONITOR,100.0,Conditions optimal for Onion (Moisture: 79.0%). No immediate watering needed.,0
2026-05-26 03:15:11,79.0,17.8,60.0,0.0,11.8,MONITOR,100.0,Conditions optimal for Onion (Moisture: 79.0%). No immediate watering needed.,0
2026-05-26 03:15:17,78.0,17.8,60.0,0.0,11.8,MONITOR,100.0,Conditions optimal for Onion (Moisture: 78.0%). No immediate watering needed.,0
2026-05-26 03:15:24,79.0,17.8,60.0,0.0,11.8,MONITOR,100.0,Conditions optimal for Onion (Moisture: 79.0%). No immediate watering needed.,0
2026-05-26 03:15:31,78.0,17.8,60.0,0.0,11.8,MONITOR,100.0,Conditions optimal for Onion (Moisture: 78.0%). No immediate watering needed.,0
2026-05-26 03:15:38,79.0,17.8,60.0,0.0,11.8,MONITOR,100.0,Conditions optimal for Onion (Moisture: 79.0%). No immediate watering needed.,0
2026-05-26 03:15:46,78.0,17.8,60.0,0.0,11.8,MONITOR,100.0,Conditions optimal for Onion (Moisture: 78.0%). No immediate watering needed.,0
2026-05-26 03:15:53,79.0,17.8,60.0,0.0,11.8,MONITOR,100.0,Conditions optimal for Onion (Moisture: 79.0%). No immediate watering needed.,0
2026-05-26 03:16:00,78.0,17.8,60.0,0.0,11.8,MONITOR,100.0,Conditions optimal for Onion (Moisture: 78.0%). No immediate watering needed.,0
2026-05-26 03:16:07,79.0,17.8,60.0,0.0,11.8,MONITOR,100.0,Conditions optimal for Onion (Moisture: 79.0%). No immediate watering needed.,0
2026-05-26 03:16:15,79.0,17.8,60.0,0.0,11.8,MONITOR,100.0,Conditions optimal for Onion (Moisture: 79.0%). No immediate watering needed.,0
2026-05-26 03:16:20,78.0,17.8,60.0,0.0,11.8,MONITOR,100.0,Conditions optimal for Onion (Moisture: 78.0%). No immediate watering needed.,0
2026-05-26 03:16:27,79.0,17.8,60.0,0.0,11.8,MONITOR,100.0,Conditions optimal for Onion (Moisture: 79.0%). No immediate watering needed.,0
2026-05-26 03:16:34,79.0,17.8,60.0,0.0,11.8,MONITOR,100.0,Conditions optimal for Onion (Moisture: 79.0%). No immediate watering needed.,0
2026-05-26 03:16:40,78.0,17.8,60.0,0.0,11.8,MONITOR,100.0,Conditions optimal for Onion (Moisture: 78.0%). No immediate watering needed.,0
2026-05-26 03:16:47,78.0,17.8,60.0,0.0,11.8,MONITOR,100.0,Conditions optimal for Onion (Moisture: 78.0%). No immediate watering needed.,0
2026-05-26 03:16:52,78.0,17.8,60.0,0.0,11.8,MONITOR,100.0,Conditions optimal for Onion (Moisture: 78.0%). No immediate watering needed.,0
2026-05-26 03:16:57,79.0,17.8,60.0,0.0,11.8,MONITOR,100.0,Conditions optimal for Onion (Moisture: 79.0%). No immediate watering needed.,0
2026-05-26 03:17:05,78.0,17.8,60.0,0.0,11.8,MONITOR,100.0,Conditions optimal for Onion (Moisture: 78.0%). No immediate watering needed.,0
2026-05-26 03:17:12,79.0,17.8,60.0,0.0,11.8,MONITOR,100.0,Conditions optimal for Onion (Moisture: 79.0%). No immediate watering needed.,0
2026-05-26 03:17:19,78.0,17.8,60.0,0.0,11.8,MONITOR,100.0,Conditions optimal for Onion (Moisture: 78.0%). No immediate watering needed.,0
2026-05-26 03:17:26,79.0,17.8,60.0,0.0,11.8,MONITOR,100.0,Conditions optimal for Onion (Moisture: 79.0%). No immediate watering needed.,0
2026-05-26 03:17:34,79.0,17.8,60.0,0.0,11.8,MONITOR,100.0,Conditions optimal for Onion (Moisture: 79.0%). No immediate watering needed.,0
2026-05-26 03:17:39,79.0,17.8,60.0,0.0,11.8,MONITOR,100.0,Conditions optimal for Onion (Moisture: 79.0%). No immediate watering needed.,0
2026-05-26 03:17:44,80.0,17.8,60.0,0.0,11.8,MONITOR,100.0,Conditions optimal for Onion (Moisture: 80.0%). No immediate watering needed.,0
2026-05-26 03:17:51,79.0,17.8,60.0,0.0,11.8,MONITOR,100.0,Conditions optimal for Onion (Moisture: 79.0%). No immediate watering needed.,0
2026-05-26 03:17:59,79.0,17.8,60.0,0.0,11.8,MONITOR,100.0,Conditions optimal for Onion (Moisture: 79.0%). No immediate watering needed.,0
2026-05-26 03:18:04,82.0,17.8,60.0,0.0,11.8,MONITOR,100.0,Conditions optimal for Onion (Moisture: 82.0%). No immediate watering needed.,0
2026-05-26 03:18:11,82.0,17.8,60.0,0.0,11.8,MONITOR,100.0,Conditions optimal for Onion (Moisture: 82.0%). No immediate watering needed.,0
2026-05-26 03:18:16,79.0,17.8,60.0,0.0,11.8,MONITOR,100.0,Conditions optimal for Onion (Moisture: 79.0%). No immediate watering needed.,0
2026-05-26 03:18:24,79.0,17.8,60.0,0.0,11.8,MONITOR,100.0,Conditions optimal for Onion (Moisture: 79.0%). No immediate watering needed.,0
2026-05-26 03:18:29,79.0,17.8,60.0,0.0,11.8,MONITOR,100.0,Conditions optimal for Onion (Moisture: 78.0%). No immediate watering needed.,0
2026-05-26 03:18:36,79.0,17.8,60.0,0.0,11.8,MONITOR,100.0,Conditions optimal for Onion (Moisture: 79.0%). No immediate watering needed.,0
2026-05-26 03:18:43,79.0,17.6,60.0,0.0,11.8,MONITOR,100.0,Conditions optimal for Onion (Moisture: 79.0%). No immediate watering needed.,0
2026-05-26 03:18:49,79.0,17.5,60.0,0.0,11.8,MONITOR,100.0,Conditions optimal for Onion (Moisture: 79.0%). No immediate watering needed.,0
2026-05-26 03:18:54,78.0,17.5,60.0,0.0,11.8,MONITOR,100.0,Conditions optimal for Onion (Moisture: 78.0%). No immediate watering needed.,0
2026-05-26 03:19:01,77.0,17.5,60.0,0.0,11.8,MONITOR,100.0,Conditions optimal for Onion (Moisture: 77.0%). No immediate watering needed.,0
2026-05-26 03:19:08,79.0,17.5,60.0,0.0,11.8,MONITOR,100.0,Conditions optimal for Onion (Moisture: 79.0%). No immediate watering needed.,0
2026-05-26 03:19:16,78.0,17.5,60.0,0.0,11.8,MONITOR,100.0,Conditions optimal for Onion (Moisture: 78.0%). No immediate watering needed.,0
2026-05-26 03:19:23,79.0,17.5,60.0,0.0,11.8,MONITOR,100.0,Conditions optimal for Onion (Moisture: 79.0%). No immediate watering needed.,0
2026-05-26 03:19:30,80.0,17.5,60.0,0.0,11.8,MONITOR,100.0,Conditions optimal for Onion (Moisture: 80.0%). No immediate watering needed.,0
2026-05-26 03:19:37,79.0,17.5,60.0,0.0,11.8,MONITOR,100.0,Conditions optimal for Onion (Moisture: 79.0%). No immediate watering needed.,0
2026-05-26 03:19:45,78.0,17.6,60.0,0.0,11.8,MONITOR,100.0,Conditions optimal for Onion (Moisture: 78.0%). No immediate watering needed.,0
2026-05-26 03:19:52,79.0,17.8,60.0,0.0,11.8,MONITOR,100.0,Conditions optimal for Onion (Moisture: 79.0%). No immediate watering needed.,0
2026-05-26 03:19:59,79.0,17.8,60.0,0.0,11.8,MONITOR,100.0,Conditions optimal for Onion (Moisture: 79.0%). No immediate watering needed.,0
2026-05-26 03:20:04,79.0,17.8,60.0,0.0,11.8,MONITOR,100.0,Conditions optimal for Onion (Moisture: 79.0%). No immediate watering needed.,0
2026-05-26 03:20:10,79.0,17.8,60.0,0.0,11.8,MONITOR,100.0,Conditions optimal for Onion (Moisture: 79.0%). No immediate watering needed.,0
2026-05-26 03:20:15,79.0,17.8,60.0,0.0,11.8,MONITOR,100.0,Conditions optimal for Onion (Moisture: 79.0%). No immediate watering needed.,0
2026-05-26 03:20:20,78.0,17.8,60.0,0.0,11.8,MONITOR,100.0,Conditions optimal for Onion (Moisture: 78.0%). No immediate watering needed.,0
2026-05-26 03:20:27,80.0,17.6,60.0,0.0,11.8,MONITOR,100.0,Conditions optimal for Onion (Moisture: 80.0%). No immediate watering needed.,0
2026-05-26 03:20:35,78.0,17.5,60.0,0.0,11.8,MONITOR,100.0,Conditions optimal for Onion (Moisture: 78.0%). No immediate watering needed.,0
2026-05-26 03:20:42,79.0,17.5,60.0,0.0,11.8,MONITOR,100.0,Conditions optimal for Onion (Moisture: 79.0%). No immediate watering needed.,0
2026-05-26 03:20:49,78.0,17.4,60.0,0.0,11.8,MONITOR,100.0,Conditions optimal for Onion (Moisture: 78.0%). No immediate watering needed.,0
2026-05-26 03:20:56,79.0,17.5,60.0,0.0,11.8,MONITOR,100.0,Conditions optimal for Onion (Moisture: 79.0%). No immediate watering needed.,0
2026-05-26 03:21:04,79.0,17.5,60.0,0.0,11.8,MONITOR,100.0,Conditions optimal for Onion (Moisture: 79.0%). No immediate watering needed.,0
2026-05-26 03:21:09,79.0,17.5,60.0,0.0,11.8,MONITOR,100.0,Conditions optimal for Onion (Moisture: 79.0%). No immediate watering needed.,0
2026-05-26 03:21:14,79.0,17.5,60.0,0.0,11.8,MONITOR,100.0,Conditions optimal for Onion (Moisture: 79.0%). No immediate watering needed.,0
2026-05-26 03:21:19,79.0,17.5,60.0,0.0,11.8,MONITOR,100.0,Conditions optimal for Onion (Moisture: 79.0%). No immediate watering needed.,0
2026-05-26 03:21:25,79.0,17.5,60.0,0.0,11.8,MONITOR,100.0,Conditions optimal for Onion (Moisture: 79.0%). No immediate watering needed.,0
2026-05-26 03:21:30,78.0,17.5,60.0,0.0,11.8,MONITOR,100.0,Conditions optimal for Onion (Moisture: 78.0%). No immediate watering needed.,0
2026-05-26 03:21:37,79.0,17.5,60.0,0.0,11.8,MONITOR,100.0,Conditions optimal for Onion (Moisture: 79.0%). No immediate watering needed.,0
2026-05-26 03:21:44,79.0,17.5,60.0,0.0,11.8,MONITOR,100.0,Conditions optimal for Onion (Moisture: 79.0%). No immediate watering needed.,0
2026-05-26 03:21:49,80.0,17.5,60.0,0.0,11.8,MONITOR,100.0,Conditions optimal for Onion (Moisture: 80.0%). No immediate watering needed.,0
2026-05-26 03:21:57,78.0,17.5,60.0,0.0,11.8,MONITOR,100.0,Conditions optimal for Onion (Moisture: 78.0%). No immediate watering needed.,0
2026-05-26 03:22:04,79.0,17.5,60.0,0.0,11.8,MONITOR,100.0,Conditions optimal for Onion (Moisture: 79.0%). No immediate watering needed.,0
2026-05-26 03:22:11,79.0,17.7,60.0,0.0,11.8,MONITOR,100.0,Conditions optimal for Onion (Moisture: 79.0%). No immediate watering needed.,0
2026-05-26 03:22:17,79.0,17.8,60.0,0.0,11.8,MONITOR,100.0,Conditions optimal for Onion (Moisture: 79.0%). No immediate watering needed.,0
2026-05-26 03:22:22,79.0,17.8,60.0,0.0,11.8,MONITOR,100.0,Conditions optimal for Onion (Moisture: 79.0%). No immediate watering needed.,0
2026-05-26 03:22:27,78.0,17.8,60.0,0.0,11.8,MONITOR,100.0,Conditions optimal for Onion (Moisture: 78.0%). No immediate watering needed.,0
2026-05-26 03:22:34,79.0,17.8,60.0,0.0,11.8,MONITOR,100.0,Conditions optimal for Onion (Moisture: 79.0%). No immediate watering needed.,0
2026-05-26 03:22:41,78.0,17.8,60.0,0.0,11.8,MONITOR,100.0,Conditions optimal for Onion (Moisture: 78.0%). No immediate watering needed.,0
2026-05-26 03:22:49,78.0,17.8,60.0,0.0,11.8,MONITOR,100.0,Conditions optimal for Onion (Moisture: 78.0%). No immediate watering needed.,0
2026-05-26 03:22:54,78.0,17.6,60.0,0.0,11.8,MONITOR,100.0,Conditions optimal for Onion (Moisture: 78.0%). No immediate watering needed.,0
2026-05-26 03:22:59,79.0,17.5,60.0,0.0,11.8,MONITOR,100.0,Conditions optimal for Onion (Moisture: 79.0%). No immediate watering needed.,0
2026-05-26 03:23:06,77.0,17.5,60.0,0.0,11.8,MONITOR,100.0,Conditions optimal for Onion (Moisture: 77.0%). No immediate watering needed.,0
2026-05-26 03:23:14,79.0,17.5,60.0,0.0,11.8,MONITOR,100.0,Conditions optimal for Onion (Moisture: 79.0%). No immediate watering needed.,0
2026-05-26 03:23:21,78.0,17.5,60.0,0.0,11.8,MONITOR,100.0,Conditions optimal for Onion (Moisture: 78.0%). No immediate watering needed.,0
2026-05-26 03:23:28,79.0,17.5,60.0,0.0,11.8,MONITOR,100.0,Conditions optimal for Onion (Moisture: 79.0%). No immediate watering needed.,0
2026-05-26 03:23:36,78.0,17.5,60.0,0.0,11.8,MONITOR,100.0,Conditions optimal for Onion (Moisture: 78.0%). No immediate watering needed.,0
2026-05-26 03:23:43,81.0,17.5,60.0,0.0,11.8,MONITOR,100.0,Conditions optimal for Onion (Moisture: 81.0%). No immediate watering needed.,0
2026-05-26 03:23:50,79.0,17.5,60.0,0.0,11.8,MONITOR,100.0,Conditions optimal for Onion (Moisture: 79.0%). No immediate watering needed.,0
2026-05-26 03:23:57,80.0,17.5,60.0,0.0,11.8,MONITOR,100.0,Conditions optimal for Onion (Moisture: 80.0%). No immediate watering needed.,0
2026-05-26 03:24:05,78.0,17.5,60.0,0.0,11.8,MONITOR,100.0,Conditions optimal for Onion (Moisture: 78.0%). No immediate watering needed.,0
2026-05-26 03:24:12,80.0,17.5,60.0,0.0,11.8,MONITOR,100.0,Conditions optimal for Onion (Moisture: 80.0%). No immediate watering needed.,0
2026-05-26 03:24:19,78.0,17.5,60.0,0.0,11.8,MONITOR,100.0,Conditions optimal for Onion (Moisture: 79.0%). No immediate watering needed.,0
2026-05-26 03:24:27,80.0,17.5,60.0,0.0,11.8,MONITOR,100.0,Conditions optimal for Onion (Moisture: 80.0%). No immediate watering needed.,0
2026-05-26 03:24:34,78.0,17.6,60.0,0.0,11.8,MONITOR,100.0,Conditions optimal for Onion (Moisture: 78.0%). No immediate watering needed.,0
2026-05-26 03:24:41,80.0,17.8,60.0,0.0,11.8,MONITOR,100.0,Conditions optimal for Onion (Moisture: 80.0%). No immediate watering needed.,0
2026-05-26 03:24:48,76.0,17.8,60.0,0.0,11.8,MONITOR,100.0,Conditions optimal for Onion (Moisture: 76.0%). No immediate watering needed.,0
2026-05-26 03:24:56,80.0,17.8,60.0,0.0,11.8,MONITOR,100.0,Conditions optimal for Onion (Moisture: 80.0%). No immediate watering needed.,0
2026-05-26 03:25:03,78.0,17.8,60.0,0.0,11.8,MONITOR,100.0,Conditions optimal for Onion (Moisture: 78.0%). No immediate watering needed.,0
2026-05-26 03:25:10,81.0,17.8,60.0,0.0,11.8,MONITOR,100.0,Conditions optimal for Onion (Moisture: 81.0%). No immediate watering needed.,0
2026-05-26 03:25:17,79.0,17.8,60.0,0.0,11.8,MONITOR,100.0,Conditions optimal for Onion (Moisture: 79.0%). No immediate watering needed.,0
2026-05-26 03:25:25,80.0,17.7,60.0,0.0,11.8,MONITOR,100.0,Conditions optimal for Onion (Moisture: 80.0%). No immediate watering needed.,0
2026-05-26 03:25:32,79.0,17.6,60.0,0.0,11.8,MONITOR,100.0,Conditions optimal for Onion (Moisture: 79.0%). No immediate watering needed.,0
2026-05-26 03:25:39,78.0,17.5,60.0,0.0,11.8,MONITOR,100.0,Conditions optimal for Onion (Moisture: 78.0%). No immediate watering needed.,0
2026-05-26 03:25:47,77.0,17.5,60.0,0.0,11.8,MONITOR,100.0,Conditions optimal for Onion (Moisture: 77.0%). No immediate watering needed.,0
2026-05-26 03:25:54,79.0,17.5,60.0,0.0,11.8,MONITOR,100.0,Conditions optimal for Onion (Moisture: 79.0%). No immediate watering needed.,0
2026-05-26 03:26:01,78.0,17.8,60.0,0.0,11.8,MONITOR,100.0,Conditions optimal for Onion (Moisture: 78.0%). No immediate watering needed.,0
2026-05-26 03:26:08,79.0,17.8,60.0,0.0,11.8,MONITOR,100.0,Conditions optimal for Onion (Moisture: 79.0%). No immediate watering needed.,0
2026-05-26 03:26:16,78.0,17.8,60.0,0.0,11.8,MONITOR,100.0,Conditions optimal for Onion (Moisture: 78.0%). No immediate watering needed.,0
2026-05-26 03:26:23,78.0,17.8,60.0,0.0,11.8,MONITOR,100.0,Conditions optimal for Onion (Moisture: 78.0%). No immediate watering needed.,0
2026-05-26 03:26:28,78.0,17.8,60.0,0.0,11.8,MONITOR,100.0,Conditions optimal for Onion (Moisture: 78.0%). No immediate watering needed.,0
2026-05-26 03:26:33,79.0,17.8,60.0,0.0,11.8,MONITOR,100.0,Conditions optimal for Onion (Moisture: 79.0%). No immediate watering needed.,0
2026-05-26 03:26:41,78.0,17.8,60.0,0.0,11.8,MONITOR,100.0,Conditions optimal for Onion (Moisture: 78.0%). No immediate watering needed.,0
2026-05-26 03:26:48,79.0,17.8,60.0,0.0,11.8,MONITOR,100.0,Conditions optimal for Onion (Moisture: 79.0%). No immediate watering needed.,0
2026-05-26 03:26:55,78.0,17.8,60.0,0.0,11.8,MONITOR,100.0,Conditions optimal for Onion (Moisture: 78.0%). No immediate watering needed.,0
2026-05-26 03:27:02,79.0,17.8,60.0,0.0,11.8,MONITOR,100.0,Conditions optimal for Onion (Moisture: 79.0%). No immediate watering needed.,0
2026-05-26 03:27:10,78.0,17.8,60.0,0.0,11.8,MONITOR,100.0,Conditions optimal for Onion (Moisture: 78.0%). No immediate watering needed.,0
2026-05-26 03:27:17,79.0,17.8,60.0,0.0,11.8,MONITOR,100.0,Conditions optimal for Onion (Moisture: 79.0%). No immediate watering needed.,0
2026-05-26 03:27:24,79.0,17.8,60.0,0.0,11.8,MONITOR,100.0,Conditions optimal for Onion (Moisture: 79.0%). No immediate watering needed.,0
2026-05-26 03:27:30,78.0,17.8,60.0,0.0,11.8,MONITOR,100.0,Conditions optimal for Onion (Moisture: 79.0%). No immediate watering needed.,0
2026-05-26 03:27:35,78.0,17.8,60.0,0.0,11.8,MONITOR,100.0,Conditions optimal for Onion (Moisture: 78.0%). No immediate watering needed.,0
2026-05-26 03:27:42,79.0,17.8,60.0,0.0,11.8,MONITOR,100.0,Conditions optimal for Onion (Moisture: 79.0%). No immediate watering needed.,0
2026-05-26 03:27:49,78.0,17.8,60.0,0.0,11.8,MONITOR,100.0,Conditions optimal for Onion (Moisture: 78.0%). No immediate watering needed.,0
2026-05-26 03:27:57,78.0,17.8,60.0,0.0,11.8,MONITOR,100.0,Conditions optimal for Onion (Moisture: 78.0%). No immediate watering needed.,0
2026-05-26 03:28:02,79.0,17.8,60.0,0.0,11.8,MONITOR,100.0,Conditions optimal for Onion (Moisture: 79.0%). No immediate watering needed.,0
2026-05-26 03:28:09,79.0,17.8,60.0,0.0,11.8,MONITOR,100.0,Conditions optimal for Onion (Moisture: 79.0%). No immediate watering needed.,0
2026-05-26 03:28:14,80.0,17.8,60.0,0.0,11.8,MONITOR,100.0,Conditions optimal for Onion (Moisture: 80.0%). No immediate watering needed.,0
2026-05-26 03:28:22,78.0,17.7,60.0,0.0,11.8,MONITOR,100.0,Conditions optimal for Onion (Moisture: 78.0%). No immediate watering needed.,0
2026-05-26 03:28:29,79.0,17.8,60.0,0.0,11.8,MONITOR,100.0,Conditions optimal for Onion (Moisture: 79.0%). No immediate watering needed.,0
2026-05-26 03:28:36,79.0,17.8,60.0,0.0,11.8,MONITOR,100.0,Conditions optimal for Onion (Moisture: 79.0%). No immediate watering needed.,0
2026-05-26 03:28:41,79.0,17.8,60.0,0.0,11.8,MONITOR,100.0,Conditions optimal for Onion (Moisture: 79.0%). No immediate watering needed.,0
2026-05-26 03:28:47,78.0,17.8,60.0,0.0,11.8,MONITOR,100.0,Conditions optimal for Onion (Moisture: 78.0%). No immediate watering needed.,0
2026-05-26 03:28:54,78.0,17.8,60.0,0.0,11.8,MONITOR,100.0,Conditions optimal for Onion (Moisture: 78.0%). No immediate watering needed.,0
2026-05-26 03:28:59,78.0,17.8,60.0,0.0,11.8,MONITOR,100.0,Conditions optimal for Onion (Moisture: 78.0%). No immediate watering needed.,0
2026-05-26 03:29:04,78.0,17.8,60.0,0.0,11.8,MONITOR,100.0,Conditions optimal for Onion (Moisture: 78.0%). No immediate watering needed.,0
2026-05-26 03:29:09,78.0,17.8,60.0,0.0,11.8,MONITOR,100.0,Conditions optimal for Onion (Moisture: 78.0%). No immediate watering needed.,0
2026-05-26 03:29:15,78.0,17.8,60.0,0.0,11.8,MONITOR,100.0,Conditions optimal for Onion (Moisture: 78.0%). No immediate watering needed.,0
2026-05-26 03:29:20,78.0,17.8,60.0,0.0,11.8,MONITOR,100.0,Conditions optimal for Onion (Moisture: 78.0%). No immediate watering needed.,0
2026-05-26 03:29:25,78.0,17.8,60.0,0.0,11.8,MONITOR,100.0,Conditions optimal for Onion (Moisture: 78.0%). No immediate watering needed.,0
2026-05-26 03:29:30,79.0,17.8,60.0,0.0,11.8,MONITOR,100.0,Conditions optimal for Onion (Moisture: 79.0%). No immediate watering needed.,0
2026-05-26 03:29:38,79.0,17.8,60.0,0.0,11.8,MONITOR,100.0,Conditions optimal for Onion (Moisture: 79.0%). No immediate watering needed.,0
2026-05-26 03:29:43,79.0,17.8,60.0,0.0,11.8,MONITOR,100.0,Conditions optimal for Onion (Moisture: 79.0%). No immediate watering needed.,0
2026-05-26 03:29:48,79.0,17.8,60.0,0.0,11.8,MONITOR,100.0,Conditions optimal for Onion (Moisture: 79.0%). No immediate watering needed.,0
2026-05-26 03:29:53,78.0,17.8,60.0,0.0,11.8,MONITOR,100.0,Conditions optimal for Onion (Moisture: 78.0%). No immediate watering needed.,0
2026-05-26 03:30:01,79.0,17.5,60.0,0.0,11.8,MONITOR,100.0,Conditions optimal for Onion (Moisture: 79.0%). No immediate watering needed.,0
2026-05-26 03:30:08,77.0,17.5,60.0,0.0,11.8,MONITOR,100.0,Conditions optimal for Onion (Moisture: 77.0%). No immediate watering needed.,0
2026-05-26 03:30:15,79.0,17.5,60.0,0.0,11.8,MONITOR,100.0,Conditions optimal for Onion (Moisture: 79.0%). No immediate watering needed.,0
2026-05-26 03:30:22,77.0,17.5,60.0,0.0,11.8,MONITOR,100.0,Conditions optimal for Onion (Moisture: 77.0%). No immediate watering needed.,0
2026-05-26 03:30:30,78.0,17.5,60.0,0.0,11.8,MONITOR,100.0,Conditions optimal for Onion (Moisture: 78.0%). No immediate watering needed.,0
2026-05-26 03:30:37,79.0,17.5,60.0,0.0,11.8,MONITOR,100.0,Conditions optimal for Onion (Moisture: 79.0%). No immediate watering needed.,0
2026-05-26 03:30:44,78.0,17.5,60.0,0.0,11.8,MONITOR,100.0,Conditions optimal for Onion (Moisture: 78.0%). No immediate watering needed.,0
2026-05-26 03:30:51,78.0,17.5,60.0,0.0,11.8,MONITOR,100.0,Conditions optimal for Onion (Moisture: 78.0%). No immediate watering needed.,0
2026-05-26 03:30:57,78.0,17.5,60.0,0.0,11.8,MONITOR,100.0,Conditions optimal for Onion (Moisture: 78.0%). No immediate watering needed.,0
2026-05-26 03:31:02,77.0,17.5,60.0,0.0,11.8,MONITOR,100.0,Conditions optimal for Onion (Moisture: 77.0%). No immediate watering needed.,0
2026-05-26 03:31:09,79.0,17.5,60.0,0.0,11.8,MONITOR,100.0,Conditions optimal for Onion (Moisture: 79.0%). No immediate watering needed.,0
2026-05-26 03:31:16,79.0,17.5,60.0,0.0,11.8,MONITOR,100.0,Conditions optimal for Onion (Moisture: 79.0%). No immediate watering needed.,0
2026-05-26 03:31:22,78.0,17.5,60.0,0.0,11.8,MONITOR,100.0,Conditions optimal for Onion (Moisture: 78.0%). No immediate watering needed.,0
2026-05-26 03:31:29,76.0,17.5,60.0,0.0,11.8,MONITOR,100.0,Conditions optimal for Onion (Moisture: 76.0%). No immediate watering needed.,0
2026-05-26 03:31:36,79.0,17.5,60.0,0.0,11.8,MONITOR,100.0,Conditions optimal for Onion (Moisture: 79.0%). No immediate watering needed.,0
2026-05-26 03:31:43,79.0,17.5,60.0,0.0,11.8,MONITOR,100.0,Conditions optimal for Onion (Moisture: 79.0%). No immediate watering needed.,0
2026-05-26 03:31:49,78.0,17.5,60.0,0.0,11.8,MONITOR,100.0,Conditions optimal for Onion (Moisture: 78.0%). No immediate watering needed.,0
2026-05-26 03:31:56,79.0,17.5,60.0,0.0,11.8,MONITOR,100.0,Conditions optimal for Onion (Moisture: 79.0%). No immediate watering needed.,0
2026-05-26 03:32:03,77.0,17.5,60.0,0.0,11.8,MONITOR,100.0,Conditions optimal for Onion (Moisture: 77.0%). No immediate watering needed.,0
2026-05-26 03:32:10,80.0,17.5,60.0,0.0,11.8,MONITOR,100.0,Conditions optimal for Onion (Moisture: 80.0%). No immediate watering needed.,0
2026-05-26 03:32:18,78.0,17.5,60.0,0.0,11.8,MONITOR,100.0,Conditions optimal for Onion (Moisture: 78.0%). No immediate watering needed.,0
2026-05-26 03:32:25,80.0,17.5,60.0,0.0,11.8,MONITOR,100.0,Conditions optimal for Onion (Moisture: 80.0%). No immediate watering needed.,0
2026-05-26 03:32:32,79.0,17.5,60.0,0.0,11.8,MONITOR,100.0,Conditions optimal for Onion (Moisture: 79.0%). No immediate watering needed.,0
2026-05-26 03:32:40,78.0,17.5,60.0,0.0,11.8,MONITOR,100.0,Conditions optimal for Onion (Moisture: 78.0%). No immediate watering needed.,0
2026-05-26 03:32:47,78.0,17.4,60.0,0.0,11.8,MONITOR,100.0,Conditions optimal for Onion (Moisture: 78.0%). No immediate watering needed.,0
2026-05-26 03:32:52,78.0,17.5,60.0,0.0,11.8,MONITOR,100.0,Conditions optimal for Onion (Moisture: 78.0%). No immediate watering needed.,0
2026-05-26 03:32:57,78.0,17.4,60.0,0.0,11.8,MONITOR,100.0,Conditions optimal for Onion (Moisture: 78.0%). No immediate watering needed.,0
2026-05-26 03:33:02,78.0,17.4,60.0,0.0,11.8,MONITOR,100.0,Conditions optimal for Onion (Moisture: 78.0%). No immediate watering needed.,0
2026-05-26 03:33:08,79.0,17.4,60.0,0.0,11.8,MONITOR,100.0,Conditions optimal for Onion (Moisture: 79.0%). No immediate watering needed.,0
2026-05-26 03:33:15,78.0,17.4,60.0,0.0,11.8,MONITOR,100.0,Conditions optimal for Onion (Moisture: 78.0%). No immediate watering needed.,0
2026-05-26 03:33:22,79.0,17.4,60.0,0.0,11.2,MONITOR,100.0,Conditions optimal for Onion (Moisture: 79.0%). No immediate watering needed.,0
2026-05-26 03:33:29,77.0,17.4,60.0,0.0,11.2,MONITOR,100.0,Conditions optimal for Onion (Moisture: 77.0%). No immediate watering needed.,0
2026-05-26 03:33:37,79.0,17.4,60.0,0.0,11.2,MONITOR,100.0,Conditions optimal for Onion (Moisture: 79.0%). No immediate watering needed.,0
2026-05-26 03:33:44,78.0,17.4,60.0,0.0,11.2,MONITOR,100.0,Conditions optimal for Onion (Moisture: 78.0%). No immediate watering needed.,0
2026-05-26 03:33:51,79.0,17.5,60.0,0.0,11.8,MONITOR,100.0,Conditions optimal for Onion (Moisture: 79.0%). No immediate watering needed.,0
2026-05-26 03:33:59,78.0,17.5,60.0,0.0,11.2,MONITOR,100.0,Conditions optimal for Onion (Moisture: 78.0%). No immediate watering needed.,0
2026-05-26 03:34:06,77.0,17.5,60.0,0.0,11.2,MONITOR,100.0,Conditions optimal for Onion (Moisture: 77.0%). No immediate watering needed.,0
2026-05-26 03:34:13,80.0,17.5,60.0,0.0,11.2,MONITOR,100.0,Conditions optimal for Onion (Moisture: 80.0%). No immediate watering needed.,0
2026-05-26 03:34:21,78.0,17.5,60.0,0.0,11.2,MONITOR,100.0,Conditions optimal for Onion (Moisture: 78.0%). No immediate watering needed.,0
2026-05-26 03:34:28,78.0,17.5,60.0,0.0,11.2,MONITOR,100.0,Conditions optimal for Onion (Moisture: 78.0%). No immediate watering needed.,0
2026-05-26 03:34:33,81.0,17.5,60.0,0.0,11.2,MONITOR,100.0,Conditions optimal for Onion (Moisture: 81.0%). No immediate watering needed.,0
2026-05-26 03:34:40,78.0,17.5,60.0,0.0,11.2,MONITOR,100.0,Conditions optimal for Onion (Moisture: 78.0%). No immediate watering needed.,0
2026-05-26 03:34:48,78.0,17.5,60.0,0.0,11.2,MONITOR,100.0,Conditions optimal for Onion (Moisture: 78.0%). No immediate watering needed.,0
2026-05-26 03:34:53,81.0,17.5,60.0,0.0,11.8,MONITOR,100.0,Conditions optimal for Onion (Moisture: 81.0%). No immediate watering needed.,0
2026-05-26 03:35:00,79.0,17.5,60.0,0.0,11.2,MONITOR,100.0,Conditions optimal for Onion (Moisture: 79.0%). No immediate watering needed.,0
2026-05-26 03:35:07,78.0,17.5,60.0,0.0,11.2,MONITOR,100.0,Conditions optimal for Onion (Moisture: 78.0%). No immediate watering needed.,0
2026-05-26 03:35:15,79.0,17.4,60.0,0.0,11.2,MONITOR,100.0,Conditions optimal for Onion (Moisture: 79.0%). No immediate watering needed.,0
2026-05-26 03:35:22,77.0,17.4,60.0,0.0,11.2,MONITOR,100.0,Conditions optimal for Onion (Moisture: 77.0%). No immediate watering needed.,0
2026-05-26 03:35:29,81.0,17.4,60.0,0.0,11.2,MONITOR,100.0,Conditions optimal for Onion (Moisture: 81.0%). No immediate watering needed.,0
2026-05-26 03:35:36,79.0,17.4,60.0,0.0,11.2,MONITOR,100.0,Conditions optimal for Onion (Moisture: 79.0%). No immediate watering needed.,0
2026-05-26 03:35:44,79.0,17.4,60.0,0.0,11.2,MONITOR,100.0,Conditions optimal for Onion (Moisture: 79.0%). No immediate watering needed.,0
2026-05-26 03:35:49,79.0,17.4,60.0,0.0,11.2,MONITOR,100.0,Conditions optimal for Onion (Moisture: 79.0%). No immediate watering needed.,0
2026-05-26 03:35:54,76.0,17.4,60.0,0.0,11.8,MONITOR,100.0,Conditions optimal for Onion (Moisture: 76.0%). No immediate watering needed.,0
2026-05-26 03:36:01,79.0,17.4,60.0,0.0,11.2,MONITOR,100.0,Conditions optimal for Onion (Moisture: 79.0%). No immediate watering needed.,0
2026-05-26 03:36:09,78.0,17.4,60.0,0.0,11.2,MONITOR,100.0,Conditions optimal for Onion (Moisture: 78.0%). No immediate watering needed.,0
2026-05-26 03:36:16,78.0,17.4,60.0,0.0,11.2,MONITOR,100.0,Conditions optimal for Onion (Moisture: 78.0%). No immediate watering needed.,0
2026-05-26 03:36:21,78.0,17.4,60.0,0.0,11.2,MONITOR,100.0,Conditions optimal for Onion (Moisture: 78.0%). No immediate watering needed.,0
2026-05-26 03:36:26,78.0,17.4,60.0,0.0,11.2,MONITOR,100.0,Conditions optimal for Onion (Moisture: 78.0%). No immediate watering needed.,0
2026-05-26 03:36:32,78.0,17.4,60.0,0.0,11.2,MONITOR,100.0,Conditions optimal for Onion (Moisture: 78.0%). No immediate watering needed.,0
2026-05-26 03:36:37,78.0,17.4,60.0,0.0,11.2,MONITOR,100.0,Conditions optimal for Onion (Moisture: 78.0%). No immediate watering needed.,0
2026-05-26 03:36:42,79.0,17.4,60.0,0.0,11.2,MONITOR,100.0,Conditions optimal for Onion (Moisture: 79.0%). No immediate watering needed.,0
2026-05-26 03:36:49,77.0,17.4,60.0,0.0,11.2,MONITOR,100.0,Conditions optimal for Onion (Moisture: 77.0%). No immediate watering needed.,0
2026-05-26 03:36:57,78.0,17.4,60.0,0.0,11.2,MONITOR,100.0,Conditions optimal for Onion (Moisture: 78.0%). No immediate watering needed.,0
2026-05-26 03:37:04,78.0,17.4,60.0,0.0,11.2,MONITOR,100.0,Conditions optimal for Onion (Moisture: 78.0%). No immediate watering needed.,0
2026-05-26 03:37:09,77.0,17.4,60.0,0.0,11.2,MONITOR,100.0,Conditions optimal for Onion (Moisture: 77.0%). No immediate watering needed.,0
2026-05-26 03:37:16,78.0,17.5,60.0,0.0,11.2,MONITOR,100.0,Conditions optimal for Onion (Moisture: 78.0%). No immediate watering needed.,0
2026-05-26 03:37:24,78.0,17.5,60.0,0.0,11.2,MONITOR,100.0,Conditions optimal for Onion (Moisture: 78.0%). No immediate watering needed.,0
2026-05-26 03:37:29,78.0,17.6,60.0,0.0,11.2,MONITOR,100.0,Conditions optimal for Onion (Moisture: 78.0%). No immediate watering needed.,0
2026-05-26 03:37:34,78.0,17.6,60.0,0.0,11.2,MONITOR,100.0,Conditions optimal for Onion (Moisture: 78.0%). No immediate watering needed.,0
2026-05-26 03:37:40,78.0,17.6,60.0,0.0,11.2,MONITOR,100.0,Conditions optimal for Onion (Moisture: 78.0%). No immediate watering needed.,0
2026-05-26 03:37:45,79.0,17.6,60.0,0.0,11.2,MONITOR,100.0,Conditions optimal for Onion (Moisture: 79.0%). No immediate watering needed.,0
2026-05-26 03:37:52,78.0,17.5,60.0,0.0,11.8,MONITOR,100.0,Conditions optimal for Onion (Moisture: 78.0%). No immediate watering needed.,0
2026-05-26 03:37:59,77.0,17.5,60.0,0.0,11.2,MONITOR,100.0,Conditions optimal for Onion (Moisture: 77.0%). No immediate watering needed.,0
2026-05-26 03:38:07,78.0,17.5,60.0,0.0,11.2,MONITOR,100.0,Conditions optimal for Onion (Moisture: 78.0%). No immediate watering needed.,0
2026-05-26 03:38:14,80.0,17.5,60.0,0.0,11.2,MONITOR,100.0,Conditions optimal for Onion (Moisture: 80.0%). No immediate watering needed.,0
2026-05-26 03:38:21,78.0,17.4,60.0,0.0,11.2,MONITOR,100.0,Conditions optimal for Onion (Moisture: 78.0%). No immediate watering needed.,0
2026-05-26 03:38:28,80.0,17.4,60.0,0.0,11.2,MONITOR,100.0,Conditions optimal for Onion (Moisture: 80.0%). No immediate watering needed.,0
2026-05-26 03:38:36,78.0,17.4,60.0,0.0,11.2,MONITOR,100.0,Conditions optimal for Onion (Moisture: 78.0%). No immediate watering needed.,0
2026-05-26 03:38:43,76.0,17.4,60.0,0.0,11.2,MONITOR,100.0,Conditions optimal for Onion (Moisture: 76.0%). No immediate watering needed.,0
2026-05-26 03:38:50,78.0,17.4,60.0,0.0,11.2,MONITOR,100.0,Conditions optimal for Onion (Moisture: 78.0%). No immediate watering needed.,0
2026-05-26 03:38:57,78.0,17.4,60.0,0.0,11.2,MONITOR,100.0,Conditions optimal for Onion (Moisture: 78.0%). No immediate watering needed.,0
2026-05-26 03:39:03,78.0,17.4,60.0,0.0,11.2,MONITOR,100.0,Conditions optimal for Onion (Moisture: 78.0%). No immediate watering needed.,0
2026-05-26 03:39:08,79.0,17.4,60.0,0.0,11.2,MONITOR,100.0,Conditions optimal for Onion (Moisture: 79.0%). No immediate watering needed.,0
2026-05-26 03:39:15,79.0,17.4,60.0,0.0,11.2,MONITOR,100.0,Conditions optimal for Onion (Moisture: 79.0%). No immediate watering needed.,0
2026-05-26 03:39:20,78.0,17.4,60.0,0.0,11.2,MONITOR,100.0,Conditions optimal for Onion (Moisture: 78.0%). No immediate watering needed.,0
2026-05-26 03:39:28,78.0,17.4,60.0,0.0,11.2,MONITOR,100.0,Conditions optimal for Onion (Moisture: 78.0%). No immediate watering needed.,0
2026-05-26 03:39:33,80.0,17.4,60.0,0.0,11.2,MONITOR,100.0,Conditions optimal for Onion (Moisture: 80.0%). No immediate watering needed.,0
2026-05-26 03:39:40,76.0,17.4,60.0,0.0,11.2,MONITOR,100.0,Conditions optimal for Onion (Moisture: 76.0%). No immediate watering needed.,0
2026-05-26 03:39:48,78.0,17.4,60.0,0.0,11.2,MONITOR,100.0,Conditions optimal for Onion (Moisture: 78.0%). No immediate watering needed.,0
2026-05-26 03:39:55,78.0,17.4,60.0,0.0,11.2,MONITOR,100.0,Conditions optimal for Onion (Moisture: 78.0%). No immediate watering needed.,0
2026-05-26 03:40:00,79.0,17.4,60.0,0.0,11.2,MONITOR,100.0,Conditions optimal for Onion (Moisture: 79.0%). No immediate watering needed.,0
2026-05-26 03:40:07,78.0,17.4,60.0,0.0,11.2,MONITOR,100.0,Conditions optimal for Onion (Moisture: 78.0%). No immediate watering needed.,0
2026-05-26 03:40:15,78.0,17.4,60.0,0.0,11.2,MONITOR,100.0,Conditions optimal for Onion (Moisture: 78.0%). No immediate watering needed.,0
2026-05-26 03:40:20,79.0,17.4,60.0,0.0,11.2,MONITOR,100.0,Conditions optimal for Onion (Moisture: 79.0%). No immediate watering needed.,0
2026-05-26 03:40:27,78.0,17.4,60.0,0.0,11.2,MONITOR,100.0,Conditions optimal for Onion (Moisture: 78.0%). No immediate watering needed.,0
2026-05-26 03:40:34,78.0,17.4,60.0,0.0,11.2,MONITOR,100.0,Conditions optimal for Onion (Moisture: 78.0%). No immediate watering needed.,0
2026-05-26 03:40:40,78.0,17.4,60.0,0.0,11.2,MONITOR,100.0,Conditions optimal for Onion (Moisture: 78.0%). No immediate watering needed.,0
2026-05-26 03:40:45,79.0,17.4,60.0,0.0,11.2,MONITOR,100.0,Conditions optimal for Onion (Moisture: 79.0%). No immediate watering needed.,0
2026-05-26 03:40:52,77.0,17.4,60.0,0.0,11.2,MONITOR,100.0,Conditions optimal for Onion (Moisture: 77.0%). No immediate watering needed.,0
2026-05-26 03:40:59,78.0,17.4,60.0,0.0,11.2,MONITOR,100.0,Conditions optimal for Onion (Moisture: 78.0%). No immediate watering needed.,0
2026-05-26 03:41:07,78.0,17.4,60.0,0.0,11.2,MONITOR,100.0,Conditions optimal for Onion (Moisture: 78.0%). No immediate watering needed.,0
2026-05-26 03:41:12,78.0,17.4,60.0,0.0,11.2,MONITOR,100.0,Conditions optimal for Onion (Moisture: 78.0%). No immediate watering needed.,0
2026-05-26 03:41:17,78.0,17.4,60.0,0.0,11.2,MONITOR,100.0,Conditions optimal for Onion (Moisture: 78.0%). No immediate watering needed.,0
2026-05-26 03:41:22,79.0,17.4,60.0,0.0,11.2,MONITOR,100.0,Conditions optimal for Onion (Moisture: 79.0%). No immediate watering needed.,0
2026-05-26 03:41:30,78.0,17.4,60.0,0.0,11.2,MONITOR,100.0,Conditions optimal for Onion (Moisture: 78.0%). No immediate watering needed.,0
2026-05-26 03:41:37,78.0,17.4,60.0,0.0,11.2,MONITOR,100.0,Conditions optimal for Onion (Moisture: 78.0%). No immediate watering needed.,0
2026-05-26 03:41:42,78.0,17.4,60.0,0.0,11.2,MONITOR,100.0,Conditions optimal for Onion (Moisture: 78.0%). No immediate watering needed.,0
2026-05-26 03:41:47,80.0,17.4,60.0,0.0,11.2,MONITOR,100.0,Conditions optimal for Onion (Moisture: 80.0%). No immediate watering needed.,0
2026-05-26 03:41:55,78.0,17.4,60.0,0.0,11.2,MONITOR,100.0,Conditions optimal for Onion (Moisture: 78.0%). No immediate watering needed.,0
2026-05-26 03:42:02,78.0,17.4,60.0,0.0,11.2,MONITOR,100.0,Conditions optimal for Onion (Moisture: 78.0%). No immediate watering needed.,0
2026-05-26 03:42:07,77.0,17.4,60.0,0.0,11.2,MONITOR,100.0,Conditions optimal for Onion (Moisture: 77.0%). No immediate watering needed.,0
2026-05-26 03:42:14,79.0,17.4,60.0,0.0,11.2,MONITOR,100.0,Conditions optimal for Onion (Moisture: 79.0%). No immediate watering needed.,0
2026-05-26 03:42:22,79.0,17.4,60.0,0.0,11.2,MONITOR,100.0,Conditions optimal for Onion (Moisture: 79.0%). No immediate watering needed.,0
2026-05-26 03:42:27,79.0,17.4,60.0,0.0,11.2,MONITOR,100.0,Conditions optimal for Onion (Moisture: 79.0%). No immediate watering needed.,0
2026-05-26 03:42:32,79.0,17.4,60.0,0.0,11.2,MONITOR,100.0,Conditions optimal for Onion (Moisture: 79.0%). No immediate watering needed.,0
2026-05-26 03:42:37,78.0,17.4,60.0,0.0,11.2,MONITOR,100.0,Conditions optimal for Onion (Moisture: 78.0%). No immediate watering needed.,0
2026-05-26 03:42:45,78.0,17.4,60.0,0.0,11.2,MONITOR,100.0,Conditions optimal for Onion (Moisture: 78.0%). No immediate watering needed.,0
2026-05-26 03:42:50,78.0,17.4,60.0,0.0,11.2,MONITOR,100.0,Conditions optimal for Onion (Moisture: 78.0%). No immediate watering needed.,0
2026-05-26 03:42:55,78.0,17.4,60.0,0.0,11.2,MONITOR,100.0,Conditions optimal for Onion (Moisture: 78.0%). No immediate watering needed.,0
2026-05-26 03:43:00,78.0,17.4,60.0,0.0,11.2,MONITOR,100.0,Conditions optimal for Onion (Moisture: 78.0%). No immediate watering needed.,0
2026-05-26 03:43:06,79.0,17.4,60.0,0.0,11.2,MONITOR,100.0,Conditions optimal for Onion (Moisture: 79.0%). No immediate watering needed.,0
2026-05-26 03:43:13,79.0,17.4,60.0,0.0,11.2,MONITOR,100.0,Conditions optimal for Onion (Moisture: 79.0%). No immediate watering needed.,0
2026-05-26 03:43:18,78.0,17.4,60.0,0.0,11.2,MONITOR,100.0,Conditions optimal for Onion (Moisture: 78.0%). No immediate watering needed.,0
2026-05-26 03:43:25,78.0,17.4,60.0,0.0,11.2,MONITOR,100.0,Conditions optimal for Onion (Moisture: 78.0%). No immediate watering needed.,0
2026-05-26 03:43:31,78.0,17.4,60.0,0.0,11.2,MONITOR,100.0,Conditions optimal for Onion (Moisture: 78.0%). No immediate watering needed.,0
2026-05-26 03:43:36,78.0,17.4,60.0,0.0,11.2,MONITOR,100.0,Conditions optimal for Onion (Moisture: 78.0%). No immediate watering needed.,0
2026-05-26 03:43:41,78.0,17.4,60.0,0.0,11.2,MONITOR,100.0,Conditions optimal for Onion (Moisture: 78.0%). No immediate watering needed.,0
2026-05-26 03:43:46,79.0,17.4,60.0,0.0,11.2,MONITOR,100.0,Conditions optimal for Onion (Moisture: 79.0%). No immediate watering needed.,0
2026-05-26 03:43:53,77.0,17.4,60.0,0.0,11.2,MONITOR,100.0,Conditions optimal for Onion (Moisture: 77.0%). No immediate watering needed.,0
2026-05-26 03:44:01,79.0,17.4,60.0,0.0,11.2,MONITOR,100.0,Conditions optimal for Onion (Moisture: 79.0%). No immediate watering needed.,0
2026-05-26 03:44:08,78.0,17.4,60.0,0.0,11.2,MONITOR,100.0,Conditions optimal for Onion (Moisture: 78.0%). No immediate watering needed.,0
2026-05-26 03:44:15,74.0,17.4,60.0,0.0,11.2,MONITOR,100.0,Conditions optimal for Onion (Moisture: 74.0%). No immediate watering needed.,0
2026-05-26 03:44:23,78.0,17.4,60.0,0.0,11.2,MONITOR,100.0,Conditions optimal for Onion (Moisture: 78.0%). No immediate watering needed.,0
2026-05-26 03:44:30,77.0,17.4,60.0,0.0,11.2,MONITOR,100.0,Conditions optimal for Onion (Moisture: 77.0%). No immediate watering needed.,0
2026-05-26 03:44:37,78.0,17.4,60.0,0.0,11.2,MONITOR,100.0,Conditions optimal for Onion (Moisture: 78.0%). No immediate watering needed.,0
2026-05-26 03:44:44,78.0,17.4,60.0,0.0,11.2,MONITOR,100.0,Conditions optimal for Onion (Moisture: 78.0%). No immediate watering needed.,0
2026-05-26 03:44:50,78.0,17.4,60.0,0.0,11.2,MONITOR,100.0,Conditions optimal for Onion (Moisture: 78.0%). No immediate watering needed.,0
2026-05-26 03:44:55,79.0,17.4,60.0,0.0,11.2,MONITOR,100.0,Conditions optimal for Onion (Moisture: 79.0%). No immediate watering needed.,0
2026-05-26 03:45:02,81.0,17.4,60.0,0.0,11.2,MONITOR,100.0,Conditions optimal for Onion (Moisture: 81.0%). No immediate watering needed.,0
2026-05-26 03:45:09,78.0,17.4,60.0,0.0,11.2,MONITOR,100.0,Conditions optimal for Onion (Moisture: 78.0%). No immediate watering needed.,0
2026-05-26 03:45:17,78.0,17.4,60.0,0.0,11.2,MONITOR,100.0,Conditions optimal for Onion (Moisture: 78.0%). No immediate watering needed.,0
2026-05-26 03:45:22,78.0,17.4,60.0,0.0,11.2,MONITOR,100.0,Conditions optimal for Onion (Moisture: 78.0%). No immediate watering needed.,0
2026-05-26 03:45:27,80.0,17.4,60.0,0.0,11.2,MONITOR,100.0,Conditions optimal for Onion (Moisture: 80.0%). No immediate watering needed.,0
2026-05-26 03:45:35,77.0,17.4,60.0,0.0,11.2,MONITOR,100.0,Conditions optimal for Onion (Moisture: 77.0%). No immediate watering needed.,0
2026-05-26 03:45:42,77.0,17.4,60.0,0.0,11.2,MONITOR,100.0,Conditions optimal for Onion (Moisture: 77.0%). No immediate watering needed.,0
2026-05-26 03:45:47,79.0,17.4,60.0,0.0,11.2,MONITOR,100.0,Conditions optimal for Onion (Moisture: 79.0%). No immediate watering needed.,0
2026-05-26 03:45:54,79.0,17.4,60.0,0.0,11.2,MONITOR,100.0,Conditions optimal for Onion (Moisture: 79.0%). No immediate watering needed.,0
2026-05-26 03:46:00,78.0,17.4,60.0,0.0,11.2,MONITOR,100.0,Conditions optimal for Onion (Moisture: 78.0%). No immediate watering needed.,0
2026-05-26 03:46:07,78.0,17.4,60.0,0.0,11.2,MONITOR,100.0,Conditions optimal for Onion (Moisture: 78.0%). No immediate watering needed.,0
2026-05-26 03:46:12,78.0,17.4,60.0,0.0,11.2,MONITOR,100.0,Conditions optimal for Onion (Moisture: 78.0%). No immediate watering needed.,0
2026-05-26 03:46:17,78.0,17.4,60.0,0.0,11.2,MONITOR,100.0,Conditions optimal for Onion (Moisture: 78.0%). No immediate watering needed.,0
2026-05-26 03:46:23,78.0,17.4,60.0,0.0,11.2,MONITOR,100.0,Conditions optimal for Onion (Moisture: 78.0%). No immediate watering needed.,0
2026-05-26 03:46:28,77.0,17.4,60.0,0.0,11.2,MONITOR,100.0,Conditions optimal for Onion (Moisture: 77.0%). No immediate watering needed.,0
2026-05-26 03:46:35,78.0,17.4,60.0,0.0,11.2,MONITOR,100.0,Conditions optimal for Onion (Moisture: 78.0%). No immediate watering needed.,0
2026-05-26 03:46:42,78.0,17.4,60.0,0.0,11.2,MONITOR,100.0,Conditions optimal for Onion (Moisture: 78.0%). No immediate watering needed.,0
2026-05-26 03:46:48,79.0,17.4,60.0,0.0,11.2,MONITOR,100.0,Conditions optimal for Onion (Moisture: 79.0%). No immediate watering needed.,0
2026-05-26 03:46:55,79.0,17.4,60.0,0.0,11.2,MONITOR,100.0,Conditions optimal for Onion (Moisture: 79.0%). No immediate watering needed.,0
2026-05-26 03:47:00,78.0,17.4,60.0,0.0,11.2,MONITOR,100.0,Conditions optimal for Onion (Moisture: 78.0%). No immediate watering needed.,0
2026-05-26 03:47:07,79.0,17.4,60.0,0.0,11.2,MONITOR,100.0,Conditions optimal for Onion (Moisture: 79.0%). No immediate watering needed.,0
2026-05-26 03:47:15,78.0,17.4,60.0,0.0,11.2,MONITOR,100.0,Conditions optimal for Onion (Moisture: 78.0%). No immediate watering needed.,0
2026-05-26 03:47:22,78.0,17.4,60.0,0.0,11.2,MONITOR,100.0,Conditions optimal for Onion (Moisture: 78.0%). No immediate watering needed.,0
2026-05-26 03:47:27,79.0,17.4,60.0,0.0,11.2,MONITOR,100.0,Conditions optimal for Onion (Moisture: 79.0%). No immediate watering needed.,0
2026-05-26 03:47:34,78.0,17.4,60.0,0.0,11.2,MONITOR,100.0,Conditions optimal for Onion (Moisture: 78.0%). No immediate watering needed.,0
2026-05-26 03:47:42,78.0,17.4,60.0,0.0,11.2,MONITOR,100.0,Conditions optimal for Onion (Moisture: 78.0%). No immediate watering needed.,0
2026-05-26 03:47:47,78.0,17.4,60.0,0.0,11.2,MONITOR,100.0,Conditions optimal for Onion (Moisture: 78.0%). No immediate watering needed.,0
2026-05-26 03:47:52,78.0,17.4,60.0,0.0,11.2,MONITOR,100.0,Conditions optimal for Onion (Moisture: 78.0%). No immediate watering needed.,0
2026-05-26 03:47:57,78.0,17.4,60.0,0.0,11.2,MONITOR,100.0,Conditions optimal for Onion (Moisture: 78.0%). No immediate watering needed.,0
2026-05-26 03:48:03,77.0,17.4,60.0,0.0,11.2,MONITOR,100.0,Conditions optimal for Onion (Moisture: 77.0%). No immediate watering needed.,0
2026-05-26 03:48:10,78.0,17.4,60.0,0.0,11.2,MONITOR,100.0,Conditions optimal for Onion (Moisture: 78.0%). No immediate watering needed.,0
2026-05-26 03:48:17,78.0,17.4,60.0,0.0,11.2,MONITOR,100.0,Conditions optimal for Onion (Moisture: 78.0%). No immediate watering needed.,0
2026-05-26 03:48:22,77.0,17.4,60.0,0.0,11.2,MONITOR,100.0,Conditions optimal for Onion (Moisture: 77.0%). No immediate watering needed.,0
2026-05-26 03:48:30,78.0,17.4,60.0,0.0,11.2,MONITOR,100.0,Conditions optimal for Onion (Moisture: 78.0%). No immediate watering needed.,0
2026-05-26 03:48:37,76.0,17.4,60.0,0.0,11.2,MONITOR,100.0,Conditions optimal for Onion (Moisture: 76.0%). No immediate watering needed.,0
2026-05-26 03:48:44,77.0,17.4,60.0,0.0,11.2,MONITOR,100.0,Conditions optimal for Onion (Moisture: 77.0%). No immediate watering needed.,0
2026-05-26 03:48:51,78.0,17.4,60.0,0.0,11.2,MONITOR,100.0,Conditions optimal for Onion (Moisture: 78.0%). No immediate watering needed.,0
2026-05-26 03:48:59,78.0,17.4,60.0,0.0,11.2,MONITOR,100.0,Conditions optimal for Onion (Moisture: 78.0%). No immediate watering needed.,0
2026-05-26 03:49:04,78.0,17.4,60.0,0.0,11.2,MONITOR,100.0,Conditions optimal for Onion (Moisture: 78.0%). No immediate watering needed.,0
2026-05-26 03:49:09,78.0,17.4,60.0,0.0,11.2,MONITOR,100.0,Conditions optimal for Onion (Moisture: 78.0%). No immediate watering needed.,0
2026-05-26 03:49:14,78.0,17.4,60.0,0.0,11.2,MONITOR,100.0,Conditions optimal for Onion (Moisture: 78.0%). No immediate watering needed.,0
2026-05-26 03:49:20,79.0,17.4,60.0,0.0,11.2,MONITOR,100.0,Conditions optimal for Onion (Moisture: 79.0%). No immediate watering needed.,0
2026-05-26 03:49:27,81.0,17.4,60.0,0.0,11.2,MONITOR,100.0,Conditions optimal for Onion (Moisture: 81.0%). No immediate watering needed.,0
2026-05-26 03:49:34,78.0,17.1,60.0,0.0,11.2,MONITOR,100.0,Conditions optimal for Onion (Moisture: 78.0%). No immediate watering needed.,0
2026-05-26 03:49:41,78.0,17.1,60.0,0.0,11.2,MONITOR,100.0,Conditions optimal for Onion (Moisture: 78.0%). No immediate watering needed.,0
2026-05-26 03:49:47,78.0,17.1,60.0,0.0,11.2,MONITOR,100.0,Conditions optimal for Onion (Moisture: 78.0%). No immediate watering needed.,0
2026-05-26 03:49:52,78.0,17.1,60.0,0.0,11.2,MONITOR,100.0,Conditions optimal for Onion (Moisture: 78.0%). No immediate watering needed.,0
2026-05-26 03:49:57,76.0,17.0,60.0,0.0,11.2,MONITOR,100.0,Conditions optimal for Onion (Moisture: 76.0%). No immediate watering needed.,0
2026-05-26 03:50:04,78.0,17.0,60.0,0.0,11.2,MONITOR,100.0,Conditions optimal for Onion (Moisture: 78.0%). No immediate watering needed.,0
2026-05-26 03:50:12,78.0,17.1,60.0,0.0,11.2,MONITOR,100.0,Conditions optimal for Onion (Moisture: 78.0%). No immediate watering needed.,0
2026-05-26 03:50:17,77.0,17.0,60.0,0.0,11.2,MONITOR,100.0,Conditions optimal for Onion (Moisture: 77.0%). No immediate watering needed.,0
2026-05-26 03:50:24,78.0,17.0,60.0,0.0,11.2,MONITOR,100.0,Conditions optimal for Onion (Moisture: 78.0%). No immediate watering needed.,0
2026-05-26 03:50:31,78.0,17.0,60.0,0.0,11.2,MONITOR,100.0,Conditions optimal for Onion (Moisture: 78.0%). No immediate watering needed.,0
2026-05-26 03:50:37,78.0,17.0,60.0,0.0,11.2,MONITOR,100.0,Conditions optimal for Onion (Moisture: 78.0%). No immediate watering needed.,0
2026-05-26 03:50:42,79.0,17.0,60.0,0.0,11.2,MONITOR,100.0,Conditions optimal for Onion (Moisture: 79.0%). No immediate watering needed.,0
2026-05-26 03:50:49,78.0,17.0,60.0,0.0,11.2,MONITOR,100.0,Conditions optimal for Onion (Moisture: 78.0%). No immediate watering needed.,0
2026-05-26 03:50:56,78.0,17.0,60.0,0.0,11.2,MONITOR,100.0,Conditions optimal for Onion (Moisture: 78.0%). No immediate watering needed.,0
2026-05-26 03:51:02,79.0,17.0,60.0,0.0,11.2,MONITOR,100.0,Conditions optimal for Onion (Moisture: 79.0%). No immediate watering needed.,0
2026-05-26 03:51:09,78.0,17.1,60.0,0.0,11.2,MONITOR,100.0,Conditions optimal for Onion (Moisture: 78.0%). No immediate watering needed.,0
2026-05-26 03:51:16,78.0,17.0,60.0,0.0,11.2,MONITOR,100.0,Conditions optimal for Onion (Moisture: 78.0%). No immediate watering needed.,0
2026-05-26 03:51:21,78.0,17.0,60.0,0.0,11.2,MONITOR,100.0,Conditions optimal for Onion (Moisture: 78.0%). No immediate watering needed.,0
2026-05-26 03:51:26,78.0,17.1,60.0,0.0,11.2,MONITOR,100.0,Conditions optimal for Onion (Moisture: 78.0%). No immediate watering needed.,0
2026-05-26 03:51:32,78.0,17.0,60.0,0.0,11.2,MONITOR,100.0,Conditions optimal for Onion (Moisture: 78.0%). No immediate watering needed.,0
2026-05-26 03:51:37,75.0,17.1,60.0,0.0,11.2,MONITOR,100.0,Conditions optimal for Onion (Moisture: 75.0%). No immediate watering needed.,0
2026-05-26 03:51:44,78.0,17.1,60.0,0.0,11.2,MONITOR,100.0,Conditions optimal for Onion (Moisture: 78.0%). No immediate watering needed.,0
2026-05-26 03:51:51,77.0,17.1,60.0,0.0,11.2,MONITOR,100.0,Conditions optimal for Onion (Moisture: 77.0%). No immediate watering needed.,0
2026-05-26 03:51:59,79.0,17.1,60.0,0.0,11.2,MONITOR,100.0,Conditions optimal for Onion (Moisture: 79.0%). No immediate watering needed.,0
2026-05-26 03:52:06,79.0,17.3,60.0,0.0,11.2,MONITOR,100.0,Conditions optimal for Onion (Moisture: 79.0%). No immediate watering needed.,0
2026-05-26 03:52:11,75.0,17.4,60.0,0.0,11.2,MONITOR,100.0,Conditions optimal for Onion (Moisture: 75.0%). No immediate watering needed.,0
2026-05-26 03:52:18,79.0,17.4,60.0,0.0,11.2,MONITOR,100.0,Conditions optimal for Onion (Moisture: 79.0%). No immediate watering needed.,0
2026-05-26 03:52:26,78.0,17.3,60.0,0.0,11.2,MONITOR,100.0,Conditions optimal for Onion (Moisture: 78.0%). No immediate watering needed.,0
2026-05-26 03:52:33,77.0,17.2,60.0,0.0,11.2,MONITOR,100.0,Conditions optimal for Onion (Moisture: 77.0%). No immediate watering needed.,0
2026-05-26 03:52:40,78.0,17.2,60.0,0.0,11.2,MONITOR,100.0,Conditions optimal for Onion (Moisture: 78.0%). No immediate watering needed.,0
2026-05-26 03:52:48,76.0,17.1,60.0,0.0,11.2,MONITOR,100.0,Conditions optimal for Onion (Moisture: 76.0%). No immediate watering needed.,0
2026-05-26 03:52:55,78.0,17.2,60.0,0.0,11.2,MONITOR,100.0,Conditions optimal for Onion (Moisture: 78.0%). No immediate watering needed.,0
2026-05-26 03:53:02,76.0,17.2,60.0,0.0,11.2,MONITOR,100.0,Conditions optimal for Onion (Moisture: 76.0%). No immediate watering needed.,0
2026-05-26 03:53:09,78.0,17.2,60.0,0.0,11.2,MONITOR,100.0,Conditions optimal for Onion (Moisture: 78.0%). No immediate watering needed.,0
2026-05-26 03:53:17,78.0,17.1,60.0,0.0,11.2,MONITOR,100.0,Conditions optimal for Onion (Moisture: 78.0%). No immediate watering needed.,0
2026-05-26 03:53:22,78.0,17.1,60.0,0.0,11.2,MONITOR,100.0,Conditions optimal for Onion (Moisture: 78.0%). No immediate watering needed.,0
2026-05-26 03:53:27,78.0,17.1,60.0,0.0,11.2,MONITOR,100.0,Conditions optimal for Onion (Moisture: 78.0%). No immediate watering needed.,0
2026-05-26 03:53:32,78.0,17.1,60.0,0.0,11.2,MONITOR,100.0,Conditions optimal for Onion (Moisture: 78.0%). No immediate watering needed.,0
2026-05-26 03:53:37,80.0,17.1,60.0,0.0,11.2,MONITOR,100.0,Conditions optimal for Onion (Moisture: 80.0%). No immediate watering needed.,0
2026-05-26 03:53:45,78.0,17.1,60.0,0.0,11.2,MONITOR,100.0,Conditions optimal for Onion (Moisture: 78.0%). No immediate watering needed.,0
2026-05-26 03:53:52,77.0,17.1,60.0,0.0,11.2,MONITOR,100.0,Conditions optimal for Onion (Moisture: 77.0%). No immediate watering needed.,0
2026-05-26 03:53:59,78.0,17.1,60.0,0.0,11.2,MONITOR,100.0,Conditions optimal for Onion (Moisture: 78.0%). No immediate watering needed.,0
2026-05-26 03:54:06,79.0,17.1,60.0,0.0,11.2,MONITOR,100.0,Conditions optimal for Onion (Moisture: 79.0%). No immediate watering needed.,0
2026-05-26 03:54:14,77.0,17.1,60.0,0.0,11.2,MONITOR,100.0,Conditions optimal for Onion (Moisture: 77.0%). No immediate watering needed.,0
2026-05-26 03:54:21,78.0,17.1,60.0,0.0,11.2,MONITOR,100.0,Conditions optimal for Onion (Moisture: 78.0%). No immediate watering needed.,0
2026-05-26 03:54:28,77.0,17.1,60.0,0.0,11.2,MONITOR,100.0,Conditions optimal for Onion (Moisture: 77.0%). No immediate watering needed.,0
2026-05-26 03:54:35,78.0,17.1,60.0,0.0,11.2,MONITOR,100.0,Conditions optimal for Onion (Moisture: 78.0%). No immediate watering needed.,0
2026-05-26 03:54:43,78.0,17.3,60.0,0.0,11.2,MONITOR,100.0,Conditions optimal for Onion (Moisture: 78.0%). No immediate watering needed.,0
2026-05-26 03:54:48,78.0,17.2,60.0,0.0,11.2,MONITOR,100.0,Conditions optimal for Onion (Moisture: 78.0%). No immediate watering needed.,0
2026-05-26 03:54:53,78.0,17.1,60.0,0.0,11.2,MONITOR,100.0,Conditions optimal for Onion (Moisture: 78.0%). No immediate watering needed.,0
2026-05-26 03:54:58,78.0,17.1,60.0,0.0,11.2,MONITOR,100.0,Conditions optimal for Onion (Moisture: 78.0%). No immediate watering needed.,0
2026-05-26 03:55:04,77.0,17.1,60.0,0.0,11.2,MONITOR,100.0,Conditions optimal for Onion (Moisture: 77.0%). No immediate watering needed.,0
2026-05-26 03:55:11,77.0,17.1,60.0,0.0,11.2,MONITOR,100.0,Conditions optimal for Onion (Moisture: 77.0%). No immediate watering needed.,0
2026-05-26 03:55:16,77.0,17.1,60.0,0.0,11.2,MONITOR,100.0,Conditions optimal for Onion (Moisture: 77.0%). No immediate watering needed.,0
2026-05-26 03:55:21,78.0,17.0,60.0,0.0,11.2,MONITOR,100.0,Conditions optimal for Onion (Moisture: 78.0%). No immediate watering needed.,0
2026-05-26 03:55:29,78.0,17.0,60.0,0.0,11.2,MONITOR,100.0,Conditions optimal for Onion (Moisture: 78.0%). No immediate watering needed.,0
2026-05-26 03:55:34,78.0,17.0,60.0,0.0,11.2,MONITOR,100.0,Conditions optimal for Onion (Moisture: 78.0%). No immediate watering needed.,0
2026-05-26 03:55:39,77.0,17.0,60.0,0.0,11.2,MONITOR,100.0,Conditions optimal for Onion (Moisture: 77.0%). No immediate watering needed.,0
2026-05-26 03:55:46,78.0,17.0,60.0,0.0,11.2,MONITOR,100.0,Conditions optimal for Onion (Moisture: 78.0%). No immediate watering needed.,0
2026-05-26 03:55:54,78.0,17.0,60.0,0.0,11.2,MONITOR,100.0,Conditions optimal for Onion (Moisture: 78.0%). No immediate watering needed.,0
2026-05-26 03:55:59,76.0,17.0,60.0,0.0,11.2,MONITOR,100.0,Conditions optimal for Onion (Moisture: 76.0%). No immediate watering needed.,0
2026-05-26 03:56:06,78.0,17.0,60.0,0.0,11.2,MONITOR,100.0,Conditions optimal for Onion (Moisture: 78.0%). No immediate watering needed.,0
2026-05-26 03:56:13,78.0,17.0,60.0,0.0,11.2,MONITOR,100.0,Conditions optimal for Onion (Moisture: 78.0%). No immediate watering needed.,0
2026-05-26 03:56:19,77.0,17.0,60.0,0.0,11.2,MONITOR,100.0,Conditions optimal for Onion (Moisture: 77.0%). No immediate watering needed.,0
2026-05-26 03:56:26,79.0,17.0,60.0,0.0,11.2,MONITOR,100.0,Conditions optimal for Onion (Moisture: 79.0%). No immediate watering needed.,0
2026-05-26 03:56:33,79.0,17.0,60.0,0.0,11.2,MONITOR,100.0,Conditions optimal for Onion (Moisture: 79.0%). No immediate watering needed.,0
2026-05-26 03:56:38,77.0,17.0,60.0,0.0,11.2,MONITOR,100.0,Conditions optimal for Onion (Moisture: 77.0%). No immediate watering needed.,0
2026-05-26 03:56:46,78.0,17.0,60.0,0.0,11.2,MONITOR,100.0,Conditions optimal for Onion (Moisture: 78.0%). No immediate watering needed.,0
2026-05-26 03:56:53,76.0,17.0,60.0,0.0,11.2,MONITOR,100.0,Conditions optimal for Onion (Moisture: 76.0%). No immediate watering needed.,0
2026-05-26 03:57:00,78.0,17.0,60.0,0.0,11.2,MONITOR,100.0,Conditions optimal for Onion (Moisture: 78.0%). No immediate watering needed.,0
2026-05-26 03:57:07,78.0,17.0,60.0,0.0,11.2,MONITOR,100.0,Conditions optimal for Onion (Moisture: 78.0%). No immediate watering needed.,0
2026-05-26 03:57:13,77.0,17.0,60.0,0.0,11.2,MONITOR,100.0,Conditions optimal for Onion (Moisture: 77.0%). No immediate watering needed.,0
2026-05-26 03:57:20,77.0,17.0,60.0,0.0,11.2,MONITOR,100.0,Conditions optimal for Onion (Moisture: 77.0%). No immediate watering needed.,0
2026-05-26 03:57:25,78.0,17.0,60.0,0.0,11.2,MONITOR,100.0,Conditions optimal for Onion (Moisture: 78.0%). No immediate watering needed.,0
2026-05-26 03:57:32,78.0,17.0,60.0,0.0,11.2,MONITOR,100.0,Conditions optimal for Onion (Moisture: 78.0%). No immediate watering needed.,0
2026-05-26 03:57:38,77.0,17.0,61.0,0.0,11.2,MONITOR,100.0,Conditions optimal for Onion (Moisture: 77.0%). No immediate watering needed.,0
2026-05-26 03:57:45,78.0,17.0,61.0,0.0,11.2,MONITOR,100.0,Conditions optimal for Onion (Moisture: 78.0%). No immediate watering needed.,0
2026-05-26 03:57:52,78.0,17.0,61.0,0.0,11.2,MONITOR,100.0,Conditions optimal for Onion (Moisture: 78.0%). No immediate watering needed.,0
2026-05-26 03:57:57,78.0,17.0,61.0,0.0,11.2,MONITOR,100.0,Conditions optimal for Onion (Moisture: 78.0%). No immediate watering needed.,0
2026-05-26 03:58:03,78.0,17.0,60.0,0.0,11.2,MONITOR,100.0,Conditions optimal for Onion (Moisture: 78.0%). No immediate watering needed.,0
2026-05-26 03:58:08,77.0,17.0,60.0,0.0,11.2,MONITOR,100.0,Conditions optimal for Onion (Moisture: 77.0%). No immediate watering needed.,0
2026-05-26 03:58:15,77.0,17.0,60.0,0.0,11.2,MONITOR,100.0,Conditions optimal for Onion (Moisture: 77.0%). No immediate watering needed.,0
2026-05-26 03:58:20,78.0,17.0,60.0,0.0,11.2,MONITOR,100.0,Conditions optimal for Onion (Moisture: 78.0%). No immediate watering needed.,0
2026-05-26 03:58:28,78.0,17.0,60.0,0.0,11.2,MONITOR,100.0,Conditions optimal for Onion (Moisture: 78.0%). No immediate watering needed.,0
2026-05-26 03:58:33,79.0,17.0,60.0,0.0,11.2,MONITOR,100.0,Conditions optimal for Onion (Moisture: 79.0%). No immediate watering needed.,0
2026-05-26 03:58:40,79.0,17.0,60.0,0.0,11.2,MONITOR,100.0,Conditions optimal for Onion (Moisture: 79.0%). No immediate watering needed.,0
2026-05-26 03:58:45,77.0,17.0,60.0,0.0,11.2,MONITOR,100.0,Conditions optimal for Onion (Moisture: 77.0%). No immediate watering needed.,0
2026-05-26 03:58:53,78.0,17.0,60.0,0.0,11.2,MONITOR,100.0,Conditions optimal for Onion (Moisture: 78.0%). No immediate watering needed.,0
2026-05-26 03:59:00,78.0,17.0,60.0,0.0,11.2,MONITOR,100.0,Conditions optimal for Onion (Moisture: 78.0%). No immediate watering needed.,0
2026-05-26 03:59:05,78.0,17.0,60.0,0.0,11.2,MONITOR,100.0,Conditions optimal for Onion (Moisture: 78.0%). No immediate watering needed.,0
2026-05-26 03:59:10,77.0,17.0,60.0,0.0,11.2,MONITOR,100.0,Conditions optimal for Onion (Moisture: 77.0%). No immediate watering needed.,0
2026-05-26 03:59:18,77.0,17.0,60.0,0.0,11.2,MONITOR,100.0,Conditions optimal for Onion (Moisture: 77.0%). No immediate watering needed.,0
2026-05-26 03:59:23,77.0,17.0,60.0,0.0,11.2,MONITOR,100.0,Conditions optimal for Onion (Moisture: 77.0%). No immediate watering needed.,0
2026-05-26 03:59:28,78.0,17.0,60.0,0.0,11.2,MONITOR,100.0,Conditions optimal for Onion (Moisture: 78.0%). No immediate watering needed.,0
2026-05-26 03:59:35,78.0,17.0,60.0,0.0,11.2,MONITOR,100.0,Conditions optimal for Onion (Moisture: 78.0%). No immediate watering needed.,0
2026-05-26 03:59:41,77.0,17.0,60.0,0.0,11.2,MONITOR,100.0,Conditions optimal for Onion (Moisture: 77.0%). No immediate watering needed.,0
2026-05-26 03:59:48,77.0,17.0,60.0,0.0,11.2,MONITOR,100.0,Conditions optimal for Onion (Moisture: 77.0%). No immediate watering needed.,0
2026-05-26 03:59:53,77.0,17.0,61.0,0.0,11.2,MONITOR,100.0,Conditions optimal for Onion (Moisture: 77.0%). No immediate watering needed.,0
2026-05-26 03:59:58,78.0,17.0,60.0,0.0,11.2,MONITOR,100.0,Conditions optimal for Onion (Moisture: 78.0%). No immediate watering needed.,0
2026-05-26 04:00:05,79.0,17.0,61.0,0.0,11.2,MONITOR,100.0,Conditions optimal for Onion (Moisture: 79.0%). No immediate watering needed.,0
2026-05-26 04:00:13,78.0,17.0,61.0,0.0,11.2,MONITOR,100.0,Conditions optimal for Onion (Moisture: 78.0%). No immediate watering needed.,0
2026-05-26 04:00:20,80.0,17.0,61.0,0.0,11.2,MONITOR,100.0,Conditions optimal for Onion (Moisture: 80.0%). No immediate watering needed.,0
2026-05-26 04:00:27,77.0,17.0,61.0,0.0,11.2,MONITOR,100.0,Conditions optimal for Onion (Moisture: 77.0%). No immediate watering needed.,0
2026-05-26 04:00:34,79.0,17.0,61.0,0.0,11.2,MONITOR,100.0,Conditions optimal for Onion (Moisture: 79.0%). No immediate watering needed.,0
2026-05-26 04:00:42,78.0,17.0,61.0,0.0,11.2,MONITOR,100.0,Conditions optimal for Onion (Moisture: 78.0%). No immediate watering needed.,0
2026-05-26 04:00:49,77.0,17.0,61.0,0.0,11.2,MONITOR,100.0,Conditions optimal for Onion (Moisture: 77.0%). No immediate watering needed.,0
2026-05-26 04:00:56,77.0,17.0,61.0,0.0,11.2,MONITOR,100.0,Conditions optimal for Onion (Moisture: 77.0%). No immediate watering needed.,0
2026-05-26 04:01:02,77.0,17.0,61.0,0.0,11.2,MONITOR,100.0,Conditions optimal for Onion (Moisture: 77.0%). No immediate watering needed.,0
2026-05-26 04:01:07,78.0,17.0,61.0,0.0,11.2,MONITOR,100.0,Conditions optimal for Onion (Moisture: 78.0%). No immediate watering needed.,0
2026-05-26 04:01:14,78.0,17.0,61.0,0.0,11.2,MONITOR,100.0,Conditions optimal for Onion (Moisture: 78.0%). No immediate watering needed.,0
2026-05-26 04:01:19,78.0,17.0,61.0,0.0,11.2,MONITOR,100.0,Conditions optimal for Onion (Moisture: 78.0%). No immediate watering needed.,0
2026-05-26 04:01:24,78.0,17.0,61.0,0.0,11.2,MONITOR,100.0,Conditions optimal for Onion (Moisture: 78.0%). No immediate watering needed.,0
2026-05-26 04:01:30,78.0,17.0,61.0,0.0,11.2,MONITOR,100.0,Conditions optimal for Onion (Moisture: 78.0%). No immediate watering needed.,0
2026-05-26 04:01:35,77.0,17.0,61.0,0.0,11.2,MONITOR,100.0,Conditions optimal for Onion (Moisture: 77.0%). No immediate watering needed.,0
2026-05-26 04:01:42,78.0,17.0,61.0,0.0,11.2,MONITOR,100.0,Conditions optimal for Onion (Moisture: 78.0%). No immediate watering needed.,0
2026-05-26 04:01:49,79.0,17.0,61.0,0.0,11.2,MONITOR,100.0,Conditions optimal for Onion (Moisture: 79.0%). No immediate watering needed.,0
2026-05-26 04:01:57,77.0,17.0,61.0,0.0,11.2,MONITOR,100.0,Conditions optimal for Onion (Moisture: 77.0%). No immediate watering needed.,0
2026-05-26 04:02:04,78.0,17.0,61.0,0.0,11.2,MONITOR,100.0,Conditions optimal for Onion (Moisture: 78.0%). No immediate watering needed.,0
2026-05-26 04:02:11,78.0,17.0,61.0,0.0,11.2,MONITOR,100.0,Conditions optimal for Onion (Moisture: 78.0%). No immediate watering needed.,0
2026-05-26 04:02:16,78.0,17.0,61.0,0.0,11.2,MONITOR,100.0,Conditions optimal for Onion (Moisture: 78.0%). No immediate watering needed.,0
2026-05-26 04:02:22,77.0,17.0,61.0,0.0,11.2,MONITOR,100.0,Conditions optimal for Onion (Moisture: 77.0%). No immediate watering needed.,0
2026-05-26 04:02:29,78.0,17.0,61.0,0.0,11.2,MONITOR,100.0,Conditions optimal for Onion (Moisture: 78.0%). No immediate watering needed.,0
2026-05-26 04:02:36,78.0,17.0,61.0,0.0,11.2,MONITOR,100.0,Conditions optimal for Onion (Moisture: 78.0%). No immediate watering needed.,0
2026-05-26 04:02:41,77.0,17.0,61.0,0.0,11.2,MONITOR,100.0,Conditions optimal for Onion (Moisture: 77.0%). No immediate watering needed.,0
2026-05-26 04:02:49,78.0,17.0,61.0,0.0,11.2,MONITOR,100.0,Conditions optimal for Onion (Moisture: 78.0%). No immediate watering needed.,0
2026-05-26 04:02:56,77.0,17.0,61.0,0.0,11.2,MONITOR,100.0,Conditions optimal for Onion (Moisture: 77.0%). No immediate watering needed.,0
2026-05-26 04:03:03,76.0,17.0,61.0,0.0,11.2,MONITOR,100.0,Conditions optimal for Onion (Moisture: 76.0%). No immediate watering needed.,0
2026-05-26 04:03:10,78.0,17.0,61.0,0.0,11.2,MONITOR,100.0,Conditions optimal for Onion (Moisture: 78.0%). No immediate watering needed.,0
2026-05-26 04:03:18,77.0,17.0,61.0,0.0,11.2,MONITOR,100.0,Conditions optimal for Onion (Moisture: 77.0%). No immediate watering needed.,0
2026-05-26 04:03:25,79.0,17.0,61.0,0.0,11.2,MONITOR,100.0,Conditions optimal for Onion (Moisture: 79.0%). No immediate watering needed.,0
2026-05-26 04:03:32,76.0,17.0,61.0,0.0,11.2,MONITOR,100.0,Conditions optimal for Onion (Moisture: 76.0%). No immediate watering needed.,0
2026-05-26 04:03:40,78.0,17.0,61.0,0.0,11.2,MONITOR,100.0,Conditions optimal for Onion (Moisture: 78.0%). No immediate watering needed.,0
2026-05-26 04:03:47,78.0,17.0,61.0,0.0,11.2,MONITOR,100.0,Conditions optimal for Onion (Moisture: 78.0%). No immediate watering needed.,0
2026-05-26 04:03:52,76.0,17.0,61.0,0.0,11.2,MONITOR,100.0,Conditions optimal for Onion (Moisture: 76.0%). No immediate watering needed.,0
2026-05-26 04:03:59,78.0,17.0,61.0,0.0,11.2,MONITOR,100.0,Conditions optimal for Onion (Moisture: 78.0%). No immediate watering needed.,0
2026-05-26 04:04:06,77.0,17.0,61.0,0.0,11.2,MONITOR,100.0,Conditions optimal for Onion (Moisture: 77.0%). No immediate watering needed.,0
2026-05-26 04:04:14,78.0,17.0,61.0,0.0,11.2,MONITOR,100.0,Conditions optimal for Onion (Moisture: 78.0%). No immediate watering needed.,0
2026-05-26 04:04:21,77.0,17.0,61.0,0.0,11.2,MONITOR,100.0,Conditions optimal for Onion (Moisture: 77.0%). No immediate watering needed.,0
2026-05-26 04:04:28,78.0,17.0,61.0,0.0,11.2,MONITOR,100.0,Conditions optimal for Onion (Moisture: 78.0%). No immediate watering needed.,0
2026-05-26 04:04:35,78.0,17.0,61.0,0.0,11.2,MONITOR,100.0,Conditions optimal for Onion (Moisture: 78.0%). No immediate watering needed.,0
2026-05-26 04:04:41,78.0,17.0,61.0,0.0,11.2,MONITOR,100.0,Conditions optimal for Onion (Moisture: 78.0%). No immediate watering needed.,0
2026-05-26 04:04:46,78.0,17.0,61.0,0.0,11.2,MONITOR,100.0,Conditions optimal for Onion (Moisture: 78.0%). No immediate watering needed.,0
2026-05-26 04:04:51,77.0,17.0,61.0,0.0,11.2,MONITOR,100.0,Conditions optimal for Onion (Moisture: 77.0%). No immediate watering needed.,0
2026-05-26 04:04:58,77.0,17.0,61.0,0.0,11.2,MONITOR,100.0,Conditions optimal for Onion (Moisture: 77.0%). No immediate watering needed.,0
2026-05-26 04:05:04,79.0,17.0,61.0,0.0,11.2,MONITOR,100.0,Conditions optimal for Onion (Moisture: 79.0%). No immediate watering needed.,0
2026-05-26 04:05:11,78.0,17.0,61.0,0.0,11.2,MONITOR,100.0,Conditions optimal for Onion (Moisture: 78.0%). No immediate watering needed.,0
2026-05-26 04:05:18,77.0,17.0,61.0,0.0,11.2,MONITOR,100.0,Conditions optimal for Onion (Moisture: 77.0%). No immediate watering needed.,0
2026-05-26 04:05:25,78.0,17.0,61.0,0.0,11.2,MONITOR,100.0,Conditions optimal for Onion (Moisture: 78.0%). No immediate watering needed.,0
2026-05-26 04:05:33,78.0,17.0,61.0,0.0,11.2,MONITOR,100.0,Conditions optimal for Onion (Moisture: 78.0%). No immediate watering needed.,0
2026-05-26 04:05:38,78.0,17.0,61.0,0.0,11.2,MONITOR,100.0,Conditions optimal for Onion (Moisture: 78.0%). No immediate watering needed.,0
2026-05-26 04:05:43,77.0,17.0,61.0,0.0,11.2,MONITOR,100.0,Conditions optimal for Onion (Moisture: 77.0%). No immediate watering needed.,0
2026-05-26 04:05:50,79.0,17.0,61.0,0.0,11.2,MONITOR,100.0,Conditions optimal for Onion (Moisture: 79.0%). No immediate watering needed.,0
2026-05-26 04:05:58,78.0,17.0,61.0,0.0,11.2,MONITOR,100.0,Conditions optimal for Onion (Moisture: 78.0%). No immediate watering needed.,0
2026-05-26 04:06:05,78.0,17.0,61.0,0.0,11.2,MONITOR,100.0,Conditions optimal for Onion (Moisture: 78.0%). No immediate watering needed.,0
2026-05-26 04:06:10,78.0,17.0,61.0,0.0,11.2,MONITOR,100.0,Conditions optimal for Onion (Moisture: 78.0%). No immediate watering needed.,0
2026-05-26 04:06:15,78.0,17.0,61.0,0.0,11.2,MONITOR,100.0,Conditions optimal for Onion (Moisture: 78.0%). No immediate watering needed.,0
2026-05-26 04:06:21,77.0,17.0,61.0,0.0,11.2,MONITOR,100.0,Conditions optimal for Onion (Moisture: 77.0%). No immediate watering needed.,0
2026-05-26 04:06:28,76.0,17.0,61.0,0.0,11.2,MONITOR,100.0,Conditions optimal for Onion (Moisture: 76.0%). No immediate watering needed.,0
2026-05-26 04:06:35,76.0,17.0,61.0,0.0,11.2,MONITOR,100.0,Conditions optimal for Onion (Moisture: 76.0%). No immediate watering needed.,0
2026-05-26 04:06:40,77.0,17.0,61.0,0.0,11.2,MONITOR,100.0,Conditions optimal for Onion (Moisture: 77.0%). No immediate watering needed.,0
2026-05-26 04:06:48,77.0,17.0,61.0,0.0,11.2,MONITOR,100.0,Conditions optimal for Onion (Moisture: 77.0%). No immediate watering needed.,0
2026-05-26 04:06:53,76.0,17.0,61.0,0.0,11.2,MONITOR,100.0,Conditions optimal for Onion (Moisture: 76.0%). No immediate watering needed.,0
2026-05-26 04:07:00,77.0,17.0,61.0,0.0,11.2,MONITOR,100.0,Conditions optimal for Onion (Moisture: 77.0%). No immediate watering needed.,0
2026-05-26 04:07:07,78.0,17.0,61.0,0.0,11.2,MONITOR,100.0,Conditions optimal for Onion (Moisture: 78.0%). No immediate watering needed.,0
2026-05-26 04:07:15,77.0,17.0,61.0,0.0,11.2,MONITOR,100.0,Conditions optimal for Onion (Moisture: 77.0%). No immediate watering needed.,0
2026-05-26 04:07:22,77.0,17.0,61.0,0.0,11.2,MONITOR,100.0,Conditions optimal for Onion (Moisture: 77.0%). No immediate watering needed.,0
2026-05-26 04:07:27,77.0,17.0,61.0,0.0,11.2,MONITOR,100.0,Conditions optimal for Onion (Moisture: 77.0%). No immediate watering needed.,0
2026-05-26 04:07:32,78.0,17.0,61.0,0.0,11.2,MONITOR,100.0,Conditions optimal for Onion (Moisture: 78.0%). No immediate watering needed.,0
2026-05-26 04:07:40,79.0,17.0,61.0,0.0,11.2,MONITOR,100.0,Conditions optimal for Onion (Moisture: 79.0%). No immediate watering needed.,0
2026-05-26 04:07:47,77.0,17.0,61.0,0.0,11.2,MONITOR,100.0,Conditions optimal for Onion (Moisture: 77.0%). No immediate watering needed.,0
2026-05-26 04:07:54,78.0,17.0,61.0,0.0,11.2,MONITOR,100.0,Conditions optimal for Onion (Moisture: 78.0%). No immediate watering needed.,0
2026-05-26 04:08:01,77.0,17.0,61.0,0.0,11.2,MONITOR,100.0,Conditions optimal for Onion (Moisture: 77.0%). No immediate watering needed.,0
2026-05-26 04:08:09,77.0,17.0,61.0,0.0,11.2,MONITOR,100.0,Conditions optimal for Onion (Moisture: 77.0%). No immediate watering needed.,0
2026-05-26 04:08:14,77.0,17.0,61.0,0.0,11.2,MONITOR,100.0,Conditions optimal for Onion (Moisture: 77.0%). No immediate watering needed.,0
2026-05-26 04:08:19,77.0,17.0,61.0,0.0,11.2,MONITOR,100.0,Conditions optimal for Onion (Moisture: 77.0%). No immediate watering needed.,0
2026-05-26 04:08:24,77.0,17.0,61.0,0.0,11.2,MONITOR,100.0,Conditions optimal for Onion (Moisture: 77.0%). No immediate watering needed.,0
2026-05-26 04:08:30,79.0,17.0,61.0,0.0,11.2,MONITOR,100.0,Conditions optimal for Onion (Moisture: 79.0%). No immediate watering needed.,0
2026-05-26 04:08:37,77.0,17.0,61.0,0.0,11.2,MONITOR,100.0,Conditions optimal for Onion (Moisture: 77.0%). No immediate watering needed.,0
2026-05-26 04:08:44,77.0,17.0,61.0,0.0,11.2,MONITOR,100.0,Conditions optimal for Onion (Moisture: 77.0%). No immediate watering needed.,0
2026-05-26 04:08:49,77.0,17.0,61.0,0.0,11.2,MONITOR,100.0,Conditions optimal for Onion (Moisture: 77.0%). No immediate watering needed.,0
2026-05-26 04:08:54,78.0,17.0,61.0,0.0,11.2,MONITOR,100.0,Conditions optimal for Onion (Moisture: 78.0%). No immediate watering needed.,0
2026-05-26 04:09:02,76.0,17.0,61.0,0.0,11.2,MONITOR,100.0,Conditions optimal for Onion (Moisture: 76.0%). No immediate watering needed.,0
2026-05-26 04:09:09,79.0,17.0,61.0,0.0,11.2,MONITOR,100.0,Conditions optimal for Onion (Moisture: 79.0%). No immediate watering needed.,0
2026-05-26 04:09:16,78.0,17.0,61.0,0.0,11.2,MONITOR,100.0,Conditions optimal for Onion (Moisture: 78.0%). No immediate watering needed.,0
2026-05-26 04:09:24,78.0,17.0,61.0,0.0,11.2,MONITOR,100.0,Conditions optimal for Onion (Moisture: 78.0%). No immediate watering needed.,0
2026-05-26 04:09:29,77.0,17.0,61.0,0.0,11.2,MONITOR,100.0,Conditions optimal for Onion (Moisture: 77.0%). No immediate watering needed.,0
2026-05-26 04:09:36,77.0,17.0,61.0,0.0,11.2,MONITOR,100.0,Conditions optimal for Onion (Moisture: 77.0%). No immediate watering needed.,0
2026-05-26 04:09:41,77.0,17.0,61.0,0.0,11.2,MONITOR,100.0,Conditions optimal for Onion (Moisture: 77.0%). No immediate watering needed.,0
2026-05-26 04:09:47,77.0,17.0,61.0,0.0,11.2,MONITOR,100.0,Conditions optimal for Onion (Moisture: 77.0%). No immediate watering needed.,0
2026-05-26 04:09:52,78.0,17.0,61.0,0.0,11.2,MONITOR,100.0,Conditions optimal for Onion (Moisture: 78.0%). No immediate watering needed.,0
2026-05-26 04:09:59,77.0,17.0,61.0,0.0,11.2,MONITOR,100.0,Conditions optimal for Onion (Moisture: 77.0%). No immediate watering needed.,0
2026-05-26 04:10:06,77.0,17.0,61.0,0.0,11.2,MONITOR,100.0,Conditions optimal for Onion (Moisture: 77.0%). No immediate watering needed.,0
2026-05-26 04:10:12,77.0,17.0,61.0,0.0,11.2,MONITOR,100.0,Conditions optimal for Onion (Moisture: 77.0%). No immediate watering needed.,0
2026-05-26 04:10:17,78.0,17.0,61.0,0.0,11.2,MONITOR,100.0,Conditions optimal for Onion (Moisture: 78.0%). No immediate watering needed.,0
2026-05-26 04:10:24,78.0,17.0,61.0,0.0,11.2,MONITOR,100.0,Conditions optimal for Onion (Moisture: 78.0%). No immediate watering needed.,0
2026-05-26 04:10:29,77.0,17.0,61.0,0.0,11.2,MONITOR,100.0,Conditions optimal for Onion (Moisture: 77.0%). No immediate watering needed.,0
2026-05-26 04:10:37,76.0,17.0,61.0,0.0,11.2,MONITOR,100.0,Conditions optimal for Onion (Moisture: 76.0%). No immediate watering needed.,0
2026-05-26 04:10:44,79.0,17.0,61.0,0.0,11.2,MONITOR,100.0,Conditions optimal for Onion (Moisture: 79.0%). No immediate watering needed.,0
2026-05-26 04:10:51,77.0,17.0,61.0,0.0,11.2,MONITOR,100.0,Conditions optimal for Onion (Moisture: 77.0%). No immediate watering needed.,0
2026-05-26 04:10:58,78.0,17.0,61.0,0.0,11.2,MONITOR,100.0,Conditions optimal for Onion (Moisture: 78.0%). No immediate watering needed.,0
2026-05-26 04:11:06,78.0,17.0,61.0,0.0,11.2,MONITOR,100.0,Conditions optimal for Onion (Moisture: 78.0%). No immediate watering needed.,0
2026-05-26 04:11:11,78.0,17.0,61.0,0.0,11.2,MONITOR,100.0,Conditions optimal for Onion (Moisture: 78.0%). No immediate watering needed.,0
2026-05-26 04:11:16,78.0,17.0,61.0,0.0,11.2,MONITOR,100.0,Conditions optimal for Onion (Moisture: 78.0%). No immediate watering needed.,0
2026-05-26 04:11:21,77.0,17.0,61.0,0.0,11.2,MONITOR,100.0,Conditions optimal for Onion (Moisture: 77.0%). No immediate watering needed.,0
2026-05-26 04:11:29,78.0,17.0,61.0,0.0,11.2,MONITOR,100.0,Conditions optimal for Onion (Moisture: 78.0%). No immediate watering needed.,0
2026-05-26 04:11:36,77.0,17.0,61.0,0.0,11.2,MONITOR,100.0,Conditions optimal for Onion (Moisture: 77.0%). No immediate watering needed.,0
2026-05-26 04:11:43,77.0,17.0,61.0,0.0,11.2,MONITOR,100.0,Conditions optimal for Onion (Moisture: 77.0%). No immediate watering needed.,0
2026-05-26 04:11:48,76.0,17.0,61.0,0.0,11.2,MONITOR,100.0,Conditions optimal for Onion (Moisture: 76.0%). No immediate watering needed.,0
2026-05-26 04:11:56,79.0,17.0,61.0,0.0,11.2,MONITOR,100.0,Conditions optimal for Onion (Moisture: 79.0%). No immediate watering needed.,0
2026-05-26 04:12:03,77.0,17.0,61.0,0.0,11.2,MONITOR,100.0,Conditions optimal for Onion (Moisture: 77.0%). No immediate watering needed.,0
2026-05-26 04:12:10,78.0,17.0,61.0,0.0,11.2,MONITOR,100.0,Conditions optimal for Onion (Moisture: 78.0%). No immediate watering needed.,0
2026-05-26 04:12:17,78.0,17.0,61.0,0.0,11.2,MONITOR,100.0,Conditions optimal for Onion (Moisture: 78.0%). No immediate watering needed.,0
2026-05-26 04:12:23,77.0,17.0,61.0,0.0,11.2,MONITOR,100.0,Conditions optimal for Onion (Moisture: 77.0%). No immediate watering needed.,0
2026-05-26 04:12:30,78.0,17.0,61.0,0.0,11.2,MONITOR,100.0,Conditions optimal for Onion (Moisture: 78.0%). No immediate watering needed.,0
2026-05-26 04:12:37,78.0,17.0,61.0,0.0,11.2,MONITOR,100.0,Conditions optimal for Onion (Moisture: 78.0%). No immediate watering needed.,0
2026-05-26 04:12:43,78.0,17.0,61.0,0.0,11.2,MONITOR,100.0,Conditions optimal for Onion (Moisture: 78.0%). No immediate watering needed.,0
2026-05-26 04:12:48,78.0,17.0,61.0,0.0,11.2,MONITOR,100.0,Conditions optimal for Onion (Moisture: 78.0%). No immediate watering needed.,0
2026-05-26 04:12:53,77.0,17.0,61.0,0.0,11.2,MONITOR,100.0,Conditions optimal for Onion (Moisture: 79.0%). No immediate watering needed.,0
2026-05-26 04:13:00,79.0,17.0,61.0,0.0,11.2,MONITOR,100.0,Conditions optimal for Onion (Moisture: 79.0%). No immediate watering needed.,0
2026-05-26 04:13:06,77.0,17.0,61.0,0.0,11.2,MONITOR,100.0,Conditions optimal for Onion (Moisture: 77.0%). No immediate watering needed.,0
2026-05-26 04:13:13,78.0,17.0,61.0,0.0,11.2,MONITOR,100.0,Conditions optimal for Onion (Moisture: 78.0%). No immediate watering needed.,0
2026-05-26 04:13:20,78.0,17.0,61.0,0.0,11.2,MONITOR,100.0,Conditions optimal for Onion (Moisture: 78.0%). No immediate watering needed.,0
2026-05-26 04:13:25,76.0,17.0,61.0,0.0,11.2,MONITOR,100.0,Conditions optimal for Onion (Moisture: 76.0%). No immediate watering needed.,0
2026-05-26 04:13:33,77.0,17.0,61.0,0.0,11.2,MONITOR,100.0,Conditions optimal for Onion (Moisture: 77.0%). No immediate watering needed.,0
2026-05-26 04:13:40,77.0,17.0,61.0,0.0,11.2,MONITOR,100.0,Conditions optimal for Onion (Moisture: 77.0%). No immediate watering needed.,0
2026-05-26 04:13:45,78.0,17.0,61.0,0.0,11.2,MONITOR,100.0,Conditions optimal for Onion (Moisture: 78.0%). No immediate watering needed.,0
2026-05-26 04:13:52,78.0,17.0,61.0,0.0,11.2,MONITOR,100.0,Conditions optimal for Onion (Moisture: 78.0%). No immediate watering needed.,0
2026-05-26 04:13:58,77.0,17.0,61.0,0.0,11.2,MONITOR,100.0,Conditions optimal for Onion (Moisture: 77.0%). No immediate watering needed.,0
2026-05-26 04:14:05,76.0,17.0,61.0,0.0,11.2,MONITOR,100.0,Conditions optimal for Onion (Moisture: 76.0%). No immediate watering needed.,0
2026-05-26 04:14:12,77.0,17.0,61.0,0.0,11.2,MONITOR,100.0,Conditions optimal for Onion (Moisture: 77.0%). No immediate watering needed.,0
2026-05-26 04:14:19,77.0,17.0,61.0,0.0,11.2,MONITOR,100.0,Conditions optimal for Onion (Moisture: 77.0%). No immediate watering needed.,0
2026-05-26 04:14:25,77.0,17.0,61.0,0.0,11.2,MONITOR,100.0,Conditions optimal for Onion (Moisture: 77.0%). No immediate watering needed.,0
2026-05-26 04:14:30,77.0,17.0,61.0,0.0,11.2,MONITOR,100.0,Conditions optimal for Onion (Moisture: 77.0%). No immediate watering needed.,0
2026-05-26 04:14:35,77.0,17.0,61.0,0.0,11.2,MONITOR,100.0,Conditions optimal for Onion (Moisture: 77.0%). No immediate watering needed.,0
2026-05-26 04:14:40,77.0,17.0,61.0,0.0,11.2,MONITOR,100.0,Conditions optimal for Onion (Moisture: 77.0%). No immediate watering needed.,0
2026-05-26 04:14:46,78.0,17.0,61.0,0.0,11.2,MONITOR,100.0,Conditions optimal for Onion (Moisture: 78.0%). No immediate watering needed.,0
2026-05-26 04:14:53,78.0,17.0,61.0,0.0,11.2,MONITOR,100.0,Conditions optimal for Onion (Moisture: 78.0%). No immediate watering needed.,0
2026-05-26 04:14:58,78.0,17.0,61.0,0.0,11.2,MONITOR,100.0,Conditions optimal for Onion (Moisture: 78.0%). No immediate watering needed.,0
2026-05-26 04:15:03,76.0,17.0,61.0,0.0,11.2,MONITOR,100.0,Conditions optimal for Onion (Moisture: 76.0%). No immediate watering needed.,0
2026-05-26 04:15:11,78.0,17.0,61.0,0.0,11.2,MONITOR,100.0,Conditions optimal for Onion (Moisture: 78.0%). No immediate watering needed.,0
2026-05-26 04:15:18,78.0,17.0,61.0,0.0,11.2,MONITOR,100.0,Conditions optimal for Onion (Moisture: 78.0%). No immediate watering needed.,0
2026-05-26 04:15:23,75.0,17.0,61.0,0.0,11.2,MONITOR,100.0,Conditions optimal for Onion (Moisture: 75.0%). No immediate watering needed.,0
2026-05-26 04:15:30,77.0,17.0,61.0,0.0,11.2,MONITOR,100.0,Conditions optimal for Onion (Moisture: 77.0%). No immediate watering needed.,0
2026-05-26 04:15:38,77.0,17.0,61.0,0.0,11.2,MONITOR,100.0,Conditions optimal for Onion (Moisture: 77.0%). No immediate watering needed.,0
2026-05-26 04:15:43,78.0,17.0,61.0,0.0,11.2,MONITOR,100.0,Conditions optimal for Onion (Moisture: 78.0%). No immediate watering needed.,0
2026-05-26 04:15:50,78.0,17.0,61.0,0.0,11.2,MONITOR,100.0,Conditions optimal for Onion (Moisture: 78.0%). No immediate watering needed.,0
2026-05-26 04:15:55,77.0,17.0,61.0,0.0,11.2,MONITOR,100.0,Conditions optimal for Onion (Moisture: 77.0%). No immediate watering needed.,0
2026-05-26 04:16:03,78.0,17.0,61.0,0.0,11.2,MONITOR,100.0,Conditions optimal for Onion (Moisture: 78.0%). No immediate watering needed.,0
2026-05-26 04:16:10,79.0,17.0,61.0,0.0,11.2,MONITOR,100.0,Conditions optimal for Onion (Moisture: 79.0%). No immediate watering needed.,0
2026-05-26 04:16:17,77.0,17.0,61.0,0.0,11.2,MONITOR,100.0,Conditions optimal for Onion (Moisture: 77.0%). No immediate watering needed.,0
2026-05-26 04:16:24,77.0,17.0,61.0,0.0,11.2,MONITOR,100.0,Conditions optimal for Onion (Moisture: 77.0%). No immediate watering needed.,0
2026-05-26 04:16:30,78.0,17.0,61.0,0.0,11.2,MONITOR,100.0,Conditions optimal for Onion (Moisture: 78.0%). No immediate watering needed.,0
2026-05-26 04:16:37,77.0,17.0,61.0,0.0,11.2,MONITOR,100.0,Conditions optimal for Onion (Moisture: 77.0%). No immediate watering needed.,0
2026-05-26 04:16:44,80.0,17.0,61.0,0.0,11.2,MONITOR,100.0,Conditions optimal for Onion (Moisture: 80.0%). No immediate watering needed.,0
2026-05-26 04:16:51,78.0,17.0,61.0,0.0,11.2,MONITOR,100.0,Conditions optimal for Onion (Moisture: 78.0%). No immediate watering needed.,0
2026-05-26 04:16:59,78.0,17.0,61.0,0.0,11.2,MONITOR,100.0,Conditions optimal for Onion (Moisture: 78.0%). No immediate watering needed.,0
2026-05-26 04:17:04,77.0,17.0,61.0,0.0,11.2,MONITOR,100.0,Conditions optimal for Onion (Moisture: 77.0%). No immediate watering needed.,0
2026-05-26 04:17:11,75.0,17.0,61.0,0.0,11.2,MONITOR,100.0,Conditions optimal for Onion (Moisture: 75.0%). No immediate watering needed.,0
2026-05-26 04:17:19,78.0,17.0,61.0,0.0,11.2,MONITOR,100.0,Conditions optimal for Onion (Moisture: 78.0%). No immediate watering needed.,0
2026-05-26 04:17:27,78.0,17.0,61.0,0.0,11.2,MONITOR,100.0,Conditions optimal for Onion (Moisture: 78.0%). No immediate watering needed.,0
2026-05-26 04:17:32,77.0,17.0,61.0,0.0,11.2,MONITOR,100.0,Conditions optimal for Onion (Moisture: 77.0%). No immediate watering needed.,0
2026-05-26 04:17:39,77.0,17.0,61.0,0.0,11.2,MONITOR,100.0,Conditions optimal for Onion (Moisture: 77.0%). No immediate watering needed.,0
2026-05-26 04:17:45,77.0,17.0,61.0,0.0,11.2,MONITOR,100.0,Conditions optimal for Onion (Moisture: 77.0%). No immediate watering needed.,0
2026-05-26 04:17:50,77.0,17.0,61.0,0.0,11.2,MONITOR,100.0,Conditions optimal for Onion (Moisture: 77.0%). No immediate watering needed.,0
2026-05-26 04:17:55,78.0,17.0,61.0,0.0,11.2,MONITOR,100.0,Conditions optimal for Onion (Moisture: 78.0%). No immediate watering needed.,0
2026-05-26 04:18:02,77.0,17.0,61.0,0.0,11.2,MONITOR,100.0,Conditions optimal for Onion (Moisture: 77.0%). No immediate watering needed.,0
2026-05-26 04:18:10,77.0,17.0,61.0,0.0,11.2,MONITOR,100.0,Conditions optimal for Onion (Moisture: 77.0%). No immediate watering needed.,0
2026-05-26 04:18:15,77.0,17.0,61.0,0.0,11.2,MONITOR,100.0,Conditions optimal for Onion (Moisture: 77.0%). No immediate watering needed.,0
2026-05-26 04:18:20,77.0,17.0,61.0,0.0,11.2,MONITOR,100.0,Conditions optimal for Onion (Moisture: 77.0%). No immediate watering needed.,0
2026-05-26 04:18:25,76.0,17.0,61.0,0.0,11.2,MONITOR,100.0,Conditions optimal for Onion (Moisture: 76.0%). No immediate watering needed.,0
2026-05-26 04:18:32,79.0,17.0,61.0,0.0,11.2,MONITOR,100.0,Conditions optimal for Onion (Moisture: 79.0%). No immediate watering needed.,0
2026-05-26 04:18:40,78.0,17.0,61.0,0.0,11.2,MONITOR,100.0,Conditions optimal for Onion (Moisture: 78.0%). No immediate watering needed.,0
2026-05-26 04:18:47,78.0,17.0,61.0,0.0,11.2,MONITOR,100.0,Conditions optimal for Onion (Moisture: 78.0%). No immediate watering needed.,0
2026-05-26 04:18:52,77.0,17.0,61.0,0.0,11.2,MONITOR,100.0,Conditions optimal for Onion (Moisture: 77.0%). No immediate watering needed.,0
2026-05-26 04:19:00,77.0,17.0,61.0,0.0,11.2,MONITOR,100.0,Conditions optimal for Onion (Moisture: 77.0%). No immediate watering needed.,0
2026-05-26 04:19:05,77.0,17.0,61.0,0.0,11.2,MONITOR,100.0,Conditions optimal for Onion (Moisture: 77.0%). No immediate watering needed.,0
2026-05-26 04:19:10,77.0,17.0,61.0,0.0,11.2,MONITOR,100.0,Conditions optimal for Onion (Moisture: 77.0%). No immediate watering needed.,0
2026-05-26 04:19:15,77.0,17.0,61.0,0.0,11.2,MONITOR,100.0,Conditions optimal for Onion (Moisture: 77.0%). No immediate watering needed.,0
2026-05-26 04:19:21,79.0,17.0,61.0,0.0,11.2,MONITOR,100.0,Conditions optimal for Onion (Moisture: 79.0%). No immediate watering needed.,0
2026-05-26 04:19:28,77.0,17.0,61.0,0.0,11.2,MONITOR,100.0,Conditions optimal for Onion (Moisture: 77.0%). No immediate watering needed.,0
2026-05-26 04:19:35,77.0,17.0,61.0,0.0,11.2,MONITOR,100.0,Conditions optimal for Onion (Moisture: 77.0%). No immediate watering needed.,0
2026-05-26 04:19:40,77.0,17.0,61.0,0.0,11.2,MONITOR,100.0,Conditions optimal for Onion (Moisture: 77.0%). No immediate watering needed.,0
2026-05-26 04:19:46,80.0,17.0,61.0,0.0,11.2,MONITOR,100.0,Conditions optimal for Onion (Moisture: 80.0%). No immediate watering needed.,0
2026-05-26 04:19:53,77.0,17.0,61.0,0.0,11.2,MONITOR,100.0,Conditions optimal for Onion (Moisture: 77.0%). No immediate watering needed.,0
2026-05-26 04:20:00,77.0,17.0,61.0,0.0,11.2,MONITOR,100.0,Conditions optimal for Onion (Moisture: 77.0%). No immediate watering needed.,0
2026-05-26 04:20:05,77.0,17.0,61.0,0.0,11.2,MONITOR,100.0,Conditions optimal for Onion (Moisture: 77.0%). No immediate watering needed.,0
2026-05-26 04:20:10,77.0,17.0,61.0,0.0,11.2,MONITOR,100.0,Conditions optimal for Onion (Moisture: 77.0%). No immediate watering needed.,0
2026-05-26 04:20:16,78.0,17.0,61.0,0.0,11.2,MONITOR,100.0,Conditions optimal for Onion (Moisture: 78.0%). No immediate watering needed.,0
2026-05-26 04:20:23,77.0,17.0,61.0,0.0,11.2,MONITOR,100.0,Conditions optimal for Onion (Moisture: 77.0%). No immediate watering needed.,0
2026-05-26 04:20:30,77.0,17.0,61.0,0.0,11.2,MONITOR,100.0,Conditions optimal for Onion (Moisture: 77.0%). No immediate watering needed.,0
2026-05-26 04:20:35,78.0,17.0,61.0,0.0,11.2,MONITOR,100.0,Conditions optimal for Onion (Moisture: 78.0%). No immediate watering needed.,0
2026-05-26 04:20:43,75.0,17.0,61.0,0.0,11.2,MONITOR,100.0,Conditions optimal for Onion (Moisture: 75.0%). No immediate watering needed.,0
2026-05-26 04:20:50,77.0,17.0,61.0,0.0,11.2,MONITOR,100.0,Conditions optimal for Onion (Moisture: 77.0%). No immediate watering needed.,0
2026-05-26 04:20:57,78.0,17.0,61.0,0.0,11.2,MONITOR,100.0,Conditions optimal for Onion (Moisture: 78.0%). No immediate watering needed.,0
2026-05-26 04:21:04,77.0,17.0,61.0,0.0,11.2,MONITOR,100.0,Conditions optimal for Onion (Moisture: 77.0%). No immediate watering needed.,0
2026-05-26 04:21:12,76.0,17.0,61.0,0.0,11.2,MONITOR,100.0,Conditions optimal for Onion (Moisture: 76.0%). No immediate watering needed.,0
2026-05-26 04:21:19,76.0,17.0,61.0,0.0,11.2,MONITOR,100.0,Conditions optimal for Onion (Moisture: 76.0%). No immediate watering needed.,0
2026-05-26 04:21:24,78.0,17.0,61.0,0.0,11.2,MONITOR,100.0,Conditions optimal for Onion (Moisture: 78.0%). No immediate watering needed.,0
2026-05-26 04:21:31,77.0,17.0,61.0,0.0,11.2,MONITOR,100.0,Conditions optimal for Onion (Moisture: 77.0%). No immediate watering needed.,0
2026-05-26 04:21:39,78.0,17.0,61.0,0.0,11.2,MONITOR,100.0,Conditions optimal for Onion (Moisture: 78.0%). No immediate watering needed.,0
2026-05-26 04:21:46,76.0,17.0,61.0,0.0,11.2,MONITOR,100.0,Conditions optimal for Onion (Moisture: 76.0%). No immediate watering needed.,0
2026-05-26 04:21:53,77.0,17.0,61.0,0.0,11.2,MONITOR,100.0,Conditions optimal for Onion (Moisture: 77.0%). No immediate watering needed.,0
2026-05-26 04:22:01,77.0,17.0,61.0,0.0,11.2,MONITOR,100.0,Conditions optimal for Onion (Moisture: 77.0%). No immediate watering needed.,0
2026-05-26 04:22:06,77.0,17.0,61.0,0.0,11.2,MONITOR,100.0,Conditions optimal for Onion (Moisture: 77.0%). No immediate watering needed.,0
2026-05-26 04:22:11,77.0,17.0,61.0,0.0,11.2,MONITOR,100.0,Conditions optimal for Onion (Moisture: 77.0%). No immediate watering needed.,0
2026-05-26 04:22:16,77.0,17.0,61.0,0.0,11.2,MONITOR,100.0,Conditions optimal for Onion (Moisture: 77.0%). No immediate watering needed.,0
2026-05-26 04:22:21,78.0,17.0,61.0,0.0,11.2,MONITOR,100.0,Conditions optimal for Onion (Moisture: 78.0%). No immediate watering needed.,0
2026-05-26 04:22:29,77.0,17.0,61.0,0.0,11.2,MONITOR,100.0,Conditions optimal for Onion (Moisture: 77.0%). No immediate watering needed.,0
2026-05-26 04:22:36,77.0,17.0,61.0,0.0,11.2,MONITOR,100.0,Conditions optimal for Onion (Moisture: 77.0%). No immediate watering needed.,0
2026-05-26 04:22:41,77.0,17.0,61.0,0.0,11.2,MONITOR,100.0,Conditions optimal for Onion (Moisture: 77.0%). No immediate watering needed.,0
2026-05-26 04:22:46,78.0,17.0,61.0,0.0,11.2,MONITOR,100.0,Conditions optimal for Onion (Moisture: 78.0%). No immediate watering needed.,0
2026-05-26 04:22:54,75.0,17.0,61.0,0.0,11.2,MONITOR,100.0,Conditions optimal for Onion (Moisture: 75.0%). No immediate watering needed.,0
2026-05-26 04:23:01,78.0,17.0,61.0,0.0,11.2,MONITOR,100.0,Conditions optimal for Onion (Moisture: 78.0%). No immediate watering needed.,0
2026-05-26 04:23:08,77.0,17.0,61.0,0.0,11.2,MONITOR,100.0,Conditions optimal for Onion (Moisture: 77.0%). No immediate watering needed.,0
2026-05-26 04:23:16,77.0,17.0,61.0,0.0,11.2,MONITOR,100.0,Conditions optimal for Onion (Moisture: 77.0%). No immediate watering needed.,0
2026-05-26 04:23:21,78.0,17.0,61.0,0.0,11.2,MONITOR,100.0,Conditions optimal for Onion (Moisture: 78.0%). No immediate watering needed.,0
2026-05-26 04:23:28,77.0,17.0,61.0,0.0,11.2,MONITOR,100.0,Conditions optimal for Onion (Moisture: 77.0%). No immediate watering needed.,0
2026-05-26 04:23:35,75.0,17.0,61.0,0.0,11.2,MONITOR,100.0,Conditions optimal for Onion (Moisture: 75.0%). No immediate watering needed.,0
2026-05-26 04:23:43,76.0,17.0,61.0,0.0,11.2,MONITOR,100.0,Conditions optimal for Onion (Moisture: 76.0%). No immediate watering needed.,0
2026-05-26 04:23:50,77.0,17.0,61.0,0.0,11.2,MONITOR,100.0,Conditions optimal for Onion (Moisture: 77.0%). No immediate watering needed.,0
2026-05-26 04:23:57,78.0,17.0,61.0,0.0,11.2,MONITOR,100.0,Conditions optimal for Onion (Moisture: 78.0%). No immediate watering needed.,0
2026-05-26 04:24:04,77.0,17.0,61.0,0.0,11.2,MONITOR,100.0,Conditions optimal for Onion (Moisture: 77.0%). No immediate watering needed.,0
2026-05-26 04:24:12,78.0,17.0,61.0,0.0,11.2,MONITOR,100.0,Conditions optimal for Onion (Moisture: 78.0%). No immediate watering needed.,0
2026-05-26 04:24:19,77.0,17.0,61.0,0.0,11.2,MONITOR,100.0,Conditions optimal for Onion (Moisture: 77.0%). No immediate watering needed.,0
2026-05-26 04:24:26,79.0,17.0,61.0,0.0,11.2,MONITOR,100.0,Conditions optimal for Onion (Moisture: 79.0%). No immediate watering needed.,0
2026-05-26 04:24:33,79.0,17.0,61.0,0.0,11.2,MONITOR,100.0,Conditions optimal for Onion (Moisture: 79.0%). No immediate watering needed.,0
2026-05-26 04:24:39,78.0,17.0,61.0,0.0,11.2,MONITOR,100.0,Conditions optimal for Onion (Moisture: 78.0%). No immediate watering needed.,0
2026-05-26 04:24:46,77.0,17.0,61.0,0.0,11.2,MONITOR,100.0,Conditions optimal for Onion (Moisture: 77.0%). No immediate watering needed.,0
2026-05-26 04:24:53,77.0,17.0,61.0,0.0,11.2,MONITOR,100.0,Conditions optimal for Onion (Moisture: 77.0%). No immediate watering needed.,0
2026-05-26 04:24:59,78.0,17.0,61.0,0.0,11.2,MONITOR,100.0,Conditions optimal for Onion (Moisture: 78.0%). No immediate watering needed.,0
2026-05-26 04:25:06,77.0,17.0,61.0,0.0,11.2,MONITOR,100.0,Conditions optimal for Onion (Moisture: 77.0%). No immediate watering needed.,0
2026-05-26 04:25:13,79.0,17.0,61.0,0.0,11.2,MONITOR,100.0,Conditions optimal for Onion (Moisture: 79.0%). No immediate watering needed.,0
2026-05-26 04:25:20,76.0,17.0,61.0,0.0,11.2,MONITOR,100.0,Conditions optimal for Onion (Moisture: 76.0%). No immediate watering needed.,0
2026-05-26 04:25:28,76.0,17.0,61.0,0.0,11.2,MONITOR,100.0,Conditions optimal for Onion (Moisture: 76.0%). No immediate watering needed.,0
2026-05-26 04:25:33,77.0,17.0,61.0,0.0,11.2,MONITOR,100.0,Conditions optimal for Onion (Moisture: 77.0%). No immediate watering needed.,0
2026-05-26 04:25:40,78.0,17.0,61.0,0.0,11.2,MONITOR,100.0,Conditions optimal for Onion (Moisture: 78.0%). No immediate watering needed.,0
2026-05-26 04:25:47,78.0,17.0,61.0,0.0,11.2,MONITOR,100.0,Conditions optimal for Onion (Moisture: 78.0%). No immediate watering needed.,0
2026-05-26 04:25:53,78.0,17.0,61.0,0.0,11.2,MONITOR,100.0,Conditions optimal for Onion (Moisture: 78.0%). No immediate watering needed.,0
2026-05-26 04:25:58,78.0,17.0,61.0,0.0,11.2,MONITOR,100.0,Conditions optimal for Onion (Moisture: 78.0%). No immediate watering needed.,0
2026-05-26 04:26:03,77.0,17.0,61.0,0.0,11.2,MONITOR,100.0,Conditions optimal for Onion (Moisture: 77.0%). No immediate watering needed.,0
2026-05-26 04:26:10,78.0,17.0,61.0,0.0,11.2,MONITOR,100.0,Conditions optimal for Onion (Moisture: 78.0%). No immediate watering needed.,0
2026-05-26 04:26:18,78.0,17.0,61.0,0.0,11.2,MONITOR,100.0,Conditions optimal for Onion (Moisture: 78.0%). No immediate watering needed.,0
2026-05-26 04:26:23,78.0,17.0,61.0,0.0,11.2,MONITOR,100.0,Conditions optimal for Onion (Moisture: 78.0%). No immediate watering needed.,0
2026-05-26 04:26:28,78.0,17.0,61.0,0.0,11.2,MONITOR,100.0,Conditions optimal for Onion (Moisture: 78.0%). No immediate watering needed.,0
2026-05-26 04:26:33,78.0,17.0,61.0,0.0,11.2,MONITOR,100.0,Conditions optimal for Onion (Moisture: 78.0%). No immediate watering needed.,0
2026-05-26 04:26:39,77.0,17.0,61.0,0.0,11.2,MONITOR,100.0,Conditions optimal for Onion (Moisture: 77.0%). No immediate watering needed.,0
2026-05-26 04:26:46,77.0,17.0,61.0,0.0,11.2,MONITOR,100.0,Conditions optimal for Onion (Moisture: 77.0%). No immediate watering needed.,0
2026-05-26 04:26:51,77.0,17.0,61.0,0.0,11.2,MONITOR,100.0,Conditions optimal for Onion (Moisture: 77.0%). No immediate watering needed.,0
2026-05-26 04:26:56,78.0,17.0,61.0,0.0,11.2,MONITOR,100.0,Conditions optimal for Onion (Moisture: 78.0%). No immediate watering needed.,0
2026-05-26 04:27:04,77.0,17.0,61.0,0.0,11.2,MONITOR,100.0,Conditions optimal for Onion (Moisture: 77.0%). No immediate watering needed.,0
2026-05-26 04:27:11,77.0,17.0,61.0,0.0,11.2,MONITOR,100.0,Conditions optimal for Onion (Moisture: 77.0%). No immediate watering needed.,0
2026-05-26 04:27:16,77.0,17.0,61.0,0.0,11.2,MONITOR,100.0,Conditions optimal for Onion (Moisture: 77.0%). No immediate watering needed.,0
2026-05-26 04:27:21,79.0,17.0,61.0,0.0,11.2,MONITOR,100.0,Conditions optimal for Onion (Moisture: 79.0%). No immediate watering needed.,0
2026-05-26 04:27:29,76.0,17.0,61.0,0.0,11.2,MONITOR,100.0,Conditions optimal for Onion (Moisture: 76.0%). No immediate watering needed.,0
2026-05-26 04:27:36,78.0,17.0,61.0,0.0,11.2,MONITOR,100.0,Conditions optimal for Onion (Moisture: 78.0%). No immediate watering needed.,0
2026-05-26 04:27:43,76.0,17.0,61.0,0.0,11.2,MONITOR,100.0,Conditions optimal for Onion (Moisture: 76.0%). No immediate watering needed.,0
2026-05-26 04:27:51,77.0,17.0,61.0,0.0,11.2,MONITOR,100.0,Conditions optimal for Onion (Moisture: 77.0%). No immediate watering needed.,0
2026-05-26 04:27:58,77.0,17.0,61.0,0.0,11.2,MONITOR,100.0,Conditions optimal for Onion (Moisture: 77.0%). No immediate watering needed.,0
2026-05-26 04:28:03,77.0,17.0,61.0,0.0,11.2,MONITOR,100.0,Conditions optimal for Onion (Moisture: 77.0%). No immediate watering needed.,0
2026-05-26 04:28:08,78.0,17.0,61.0,0.0,11.2,MONITOR,100.0,Conditions optimal for Onion (Moisture: 78.0%). No immediate watering needed.,0
2026-05-26 04:28:16,77.0,17.0,61.0,0.0,11.2,MONITOR,100.0,Conditions optimal for Onion (Moisture: 77.0%). No immediate watering needed.,0
2026-05-26 04:28:23,76.0,17.0,61.0,0.0,11.2,MONITOR,100.0,Conditions optimal for Onion (Moisture: 76.0%). No immediate watering needed.,0
2026-05-26 04:28:30,78.0,17.0,61.0,0.0,11.2,MONITOR,100.0,Conditions optimal for Onion (Moisture: 78.0%). No immediate watering needed.,0
2026-05-26 04:28:37,76.0,17.0,61.0,0.0,11.2,MONITOR,100.0,Conditions optimal for Onion (Moisture: 76.0%). No immediate watering needed.,0
2026-05-26 04:28:45,78.0,17.0,61.0,0.0,11.2,MONITOR,100.0,Conditions optimal for Onion (Moisture: 78.0%). No immediate watering needed.,0
2026-05-26 04:28:52,78.0,17.0,61.0,0.0,11.2,MONITOR,100.0,Conditions optimal for Onion (Moisture: 78.0%). No immediate watering needed.,0
2026-05-26 04:28:57,78.0,17.0,61.0,0.0,11.2,MONITOR,100.0,Conditions optimal for Onion (Moisture: 78.0%). No immediate watering needed.,0
2026-05-26 04:29:02,77.0,17.0,61.0,0.0,11.2,MONITOR,100.0,Conditions optimal for Onion (Moisture: 77.0%). No immediate watering needed.,0
2026-05-26 04:29:10,78.0,17.0,61.0,0.0,11.2,MONITOR,100.0,Conditions optimal for Onion (Moisture: 78.0%). No immediate watering needed.,0
2026-05-26 04:29:17,78.0,17.0,61.0,0.0,11.2,MONITOR,100.0,Conditions optimal for Onion (Moisture: 78.0%). No immediate watering needed.,0
2026-05-26 04:29:22,77.0,17.0,61.0,0.0,11.2,MONITOR,100.0,Conditions optimal for Onion (Moisture: 77.0%). No immediate watering needed.,0
2026-05-26 04:29:29,78.0,17.0,61.0,0.0,11.2,MONITOR,100.0,Conditions optimal for Onion (Moisture: 78.0%). No immediate watering needed.,0
2026-05-26 04:29:37,77.0,17.0,61.0,0.0,11.2,MONITOR,100.0,Conditions optimal for Onion (Moisture: 77.0%). No immediate watering needed.,0
2026-05-26 04:29:44,77.0,17.0,61.0,0.0,11.2,MONITOR,100.0,Conditions optimal for Onion (Moisture: 77.0%). No immediate watering needed.,0
2026-05-26 04:29:49,78.0,17.0,61.0,0.0,11.2,MONITOR,100.0,Conditions optimal for Onion (Moisture: 78.0%). No immediate watering needed.,0
2026-05-26 04:29:56,77.0,17.0,61.0,0.0,11.2,MONITOR,100.0,Conditions optimal for Onion (Moisture: 77.0%). No immediate watering needed.,0
2026-05-26 04:30:04,77.0,17.0,61.0,0.0,11.2,MONITOR,100.0,Conditions optimal for Onion (Moisture: 77.0%). No immediate watering needed.,0
2026-05-26 04:30:09,77.0,17.0,61.0,0.0,11.2,MONITOR,100.0,Conditions optimal for Onion (Moisture: 77.0%). No immediate watering needed.,0
2026-05-26 04:30:14,78.0,17.0,61.0,0.0,11.2,MONITOR,100.0,Conditions optimal for Onion (Moisture: 78.0%). No immediate watering needed.,0
2026-05-26 04:30:21,78.0,17.0,61.0,0.0,11.2,MONITOR,100.0,Conditions optimal for Onion (Moisture: 78.0%). No immediate watering needed.,0
2026-05-26 04:30:27,78.0,17.0,61.0,0.0,11.2,MONITOR,100.0,Conditions optimal for Onion (Moisture: 78.0%). No immediate watering needed.,0
2026-05-26 04:30:32,77.0,17.0,61.0,0.0,11.2,MONITOR,100.0,Conditions optimal for Onion (Moisture: 77.0%). No immediate watering needed.,0
2026-05-26 04:30:39,77.0,17.0,61.0,0.0,11.2,MONITOR,100.0,Conditions optimal for Onion (Moisture: 77.0%). No immediate watering needed.,0
2026-05-26 04:30:44,78.0,17.0,61.0,0.0,11.2,MONITOR,100.0,Conditions optimal for Onion (Moisture: 78.0%). No immediate watering needed.,0
2026-05-26 04:30:52,77.0,17.0,61.0,0.0,11.2,MONITOR,100.0,Conditions optimal for Onion (Moisture: 77.0%). No immediate watering needed.,0
2026-05-26 04:30:59,77.0,17.0,61.0,0.0,11.2,MONITOR,100.0,Conditions optimal for Onion (Moisture: 77.0%). No immediate watering needed.,0
2026-05-26 04:31:04,77.0,17.0,61.0,0.0,11.2,MONITOR,100.0,Conditions optimal for Onion (Moisture: 77.0%). No immediate watering needed.,0
2026-05-26 04:31:09,78.0,17.0,61.0,0.0,11.2,MONITOR,100.0,Conditions optimal for Onion (Moisture: 78.0%). No immediate watering needed.,0
2026-05-26 04:31:17,76.0,17.0,61.0,0.0,11.2,MONITOR,100.0,Conditions optimal for Onion (Moisture: 76.0%). No immediate watering needed.,0
2026-05-26 04:31:24,78.0,17.0,61.0,0.0,11.2,MONITOR,100.0,Conditions optimal for Onion (Moisture: 78.0%). No immediate watering needed.,0
2026-05-26 04:31:31,78.0,17.0,61.0,0.0,11.2,MONITOR,100.0,Conditions optimal for Onion (Moisture: 78.0%). No immediate watering needed.,0
2026-05-26 04:31:36,78.0,17.0,62.0,0.0,11.2,MONITOR,100.0,Conditions optimal for Onion (Moisture: 78.0%). No immediate watering needed.,0
2026-05-26 04:31:42,77.0,17.0,62.0,0.0,11.2,MONITOR,100.0,Conditions optimal for Onion (Moisture: 77.0%). No immediate watering needed.,0
2026-05-26 04:31:49,78.0,17.0,61.0,0.0,11.2,MONITOR,100.0,Conditions optimal for Onion (Moisture: 78.0%). No immediate watering needed.,0
2026-05-26 04:31:56,79.0,17.0,61.0,0.0,11.2,MONITOR,100.0,Conditions optimal for Onion (Moisture: 79.0%). No immediate watering needed.,0
2026-05-26 04:32:03,78.0,17.0,61.0,0.0,11.2,MONITOR,100.0,Conditions optimal for Onion (Moisture: 78.0%). No immediate watering needed.,0
2026-05-26 04:32:11,77.0,17.0,61.0,0.0,11.2,MONITOR,100.0,Conditions optimal for Onion (Moisture: 77.0%). No immediate watering needed.,0
2026-05-26 04:32:18,77.0,17.0,61.0,0.0,11.2,MONITOR,100.0,Conditions optimal for Onion (Moisture: 77.0%). No immediate watering needed.,0
2026-05-26 04:32:23,77.0,17.0,62.0,0.0,11.2,MONITOR,100.0,Conditions optimal for Onion (Moisture: 77.0%). No immediate watering needed.,0
2026-05-26 04:32:28,76.0,17.0,62.0,0.0,11.2,MONITOR,100.0,Conditions optimal for Onion (Moisture: 76.0%). No immediate watering needed.,0
2026-05-26 04:32:36,77.0,17.0,62.0,0.0,11.2,MONITOR,100.0,Conditions optimal for Onion (Moisture: 77.0%). No immediate watering needed.,0
2026-05-26 04:32:43,77.0,17.0,62.0,0.0,11.2,MONITOR,100.0,Conditions optimal for Onion (Moisture: 77.0%). No immediate watering needed.,0
2026-05-26 04:32:48,78.0,17.0,61.0,0.0,11.2,MONITOR,100.0,Conditions optimal for Onion (Moisture: 78.0%). No immediate watering needed.,0
2026-05-26 04:32:55,77.0,17.0,61.0,0.0,11.2,MONITOR,100.0,Conditions optimal for Onion (Moisture: 77.0%). No immediate watering needed.,0
2026-05-26 04:33:03,78.0,17.0,61.0,0.0,11.2,MONITOR,100.0,Conditions optimal for Onion (Moisture: 78.0%). No immediate watering needed.,0
2026-05-26 04:33:10,77.0,17.0,61.0,0.0,11.2,MONITOR,100.0,Conditions optimal for Onion (Moisture: 77.0%). No immediate watering needed.,0
2026-05-26 04:33:17,78.0,17.0,61.0,0.0,11.2,MONITOR,100.0,Conditions optimal for Onion (Moisture: 78.0%). No immediate watering needed.,0
2026-05-26 04:33:25,78.0,17.0,61.0,0.0,11.2,MONITOR,100.0,Conditions optimal for Onion (Moisture: 78.0%). No immediate watering needed.,0
2026-05-26 04:33:30,77.0,17.0,61.0,0.0,11.2,MONITOR,100.0,Conditions optimal for Onion (Moisture: 77.0%). No immediate watering needed.,0
2026-05-26 04:33:37,78.0,17.0,61.0,0.0,11.2,MONITOR,100.0,Conditions optimal for Onion (Moisture: 78.0%). No immediate watering needed.,0
2026-05-26 04:33:44,78.0,17.0,61.0,0.0,11.2,MONITOR,100.0,Conditions optimal for Onion (Moisture: 78.0%). No immediate watering needed.,0
2026-05-26 04:33:49,78.0,17.0,61.0,0.0,11.2,MONITOR,100.0,Conditions optimal for Onion (Moisture: 78.0%). No immediate watering needed.,0
2026-05-26 04:33:55,78.0,17.0,61.0,0.0,10.6,MONITOR,100.0,Conditions optimal for Onion (Moisture: 78.0%). No immediate watering needed.,0
2026-05-26 04:34:00,78.0,17.0,61.0,0.0,10.6,MONITOR,100.0,Conditions optimal for Onion (Moisture: 78.0%). No immediate watering needed.,0
2026-05-26 04:34:05,77.0,17.0,61.0,0.0,10.6,MONITOR,100.0,Conditions optimal for Onion (Moisture: 77.0%). No immediate watering needed.,0
2026-05-26 04:34:12,78.0,17.0,61.0,0.0,10.6,MONITOR,100.0,Conditions optimal for Onion (Moisture: 78.0%). No immediate watering needed.,0
2026-05-26 04:34:20,78.0,17.0,61.0,0.0,10.6,MONITOR,100.0,Conditions optimal for Onion (Moisture: 78.0%). No immediate watering needed.,0
2026-05-26 04:34:25,78.0,17.0,61.0,0.0,10.6,MONITOR,100.0,Conditions optimal for Onion (Moisture: 78.0%). No immediate watering needed.,0
2026-05-26 04:34:30,77.0,17.0,61.0,0.0,10.6,MONITOR,100.0,Conditions optimal for Onion (Moisture: 77.0%). No immediate watering needed.,0
2026-05-26 04:34:37,77.0,17.0,61.0,0.0,10.6,MONITOR,100.0,Conditions optimal for Onion (Moisture: 77.0%). No immediate watering needed.,0
2026-05-26 04:34:43,77.0,17.0,61.0,0.0,10.6,MONITOR,100.0,Conditions optimal for Onion (Moisture: 77.0%). No immediate watering needed.,0
2026-05-26 04:34:48,78.0,17.0,62.0,0.0,10.6,MONITOR,100.0,Conditions optimal for Onion (Moisture: 78.0%). No immediate watering needed.,0
2026-05-26 04:34:55,76.0,17.0,61.0,0.0,10.6,MONITOR,100.0,Conditions optimal for Onion (Moisture: 76.0%). No immediate watering needed.,0
2026-05-26 04:35:02,77.0,17.0,61.0,0.0,10.6,MONITOR,100.0,Conditions optimal for Onion (Moisture: 77.0%). No immediate watering needed.,0
2026-05-26 04:35:10,77.0,17.0,61.0,0.0,10.6,MONITOR,100.0,Conditions optimal for Onion (Moisture: 77.0%). No immediate watering needed.,0
2026-05-26 04:35:15,80.0,17.0,61.0,0.0,10.6,MONITOR,100.0,Conditions optimal for Onion (Moisture: 80.0%). No immediate watering needed.,0
2026-05-26 04:35:22,78.0,17.0,61.0,0.0,10.6,MONITOR,100.0,Conditions optimal for Onion (Moisture: 78.0%). No immediate watering needed.,0
2026-05-26 04:35:29,78.0,17.0,61.0,0.0,10.6,MONITOR,100.0,Conditions optimal for Onion (Moisture: 78.0%). No immediate watering needed.,0
2026-05-26 04:35:35,77.0,17.0,61.0,0.0,10.6,MONITOR,100.0,Conditions optimal for Onion (Moisture: 77.0%). No immediate watering needed.,0
2026-05-26 04:35:42,77.0,17.0,61.0,0.0,10.6,MONITOR,100.0,Conditions optimal for Onion (Moisture: 77.0%). No immediate watering needed.,0
2026-05-26 04:35:47,77.0,17.0,61.0,0.0,10.6,MONITOR,100.0,Conditions optimal for Onion (Moisture: 77.0%). No immediate watering needed.,0
2026-05-26 04:35:52,78.0,17.0,61.0,0.0,10.6,MONITOR,100.0,Conditions optimal for Onion (Moisture: 78.0%). No immediate watering needed.,0
2026-05-26 04:36:00,78.0,17.0,61.0,0.0,10.6,MONITOR,100.0,Conditions optimal for Onion (Moisture: 78.0%). No immediate watering needed.,0
2026-05-26 04:36:05,77.0,17.0,61.0,0.0,10.6,MONITOR,100.0,Conditions optimal for Onion (Moisture: 77.0%). No immediate watering needed.,0
2026-05-26 04:36:12,77.0,17.0,61.0,0.0,10.6,MONITOR,100.0,Conditions optimal for Onion (Moisture: 77.0%). No immediate watering needed.,0
2026-05-26 04:36:17,78.0,17.0,61.0,0.0,10.6,MONITOR,100.0,Conditions optimal for Onion (Moisture: 78.0%). No immediate watering needed.,0
2026-05-26 04:36:25,77.0,17.0,61.0,0.0,10.6,MONITOR,100.0,Conditions optimal for Onion (Moisture: 77.0%). No immediate watering needed.,0
2026-05-26 04:36:32,77.0,17.0,61.0,0.0,10.6,MONITOR,100.0,Conditions optimal for Onion (Moisture: 77.0%). No immediate watering needed.,0
2026-05-26 04:36:37,78.0,17.0,61.0,0.0,10.6,MONITOR,100.0,Conditions optimal for Onion (Moisture: 78.0%). No immediate watering needed.,0
2026-05-26 04:36:45,78.0,17.0,61.0,0.0,10.6,MONITOR,100.0,Conditions optimal for Onion (Moisture: 78.0%). No immediate watering needed.,0
2026-05-26 04:36:50,78.0,17.0,61.0,0.0,10.6,MONITOR,100.0,Conditions optimal for Onion (Moisture: 78.0%). No immediate watering needed.,0
2026-05-26 04:36:55,79.0,17.0,61.0,0.0,10.6,MONITOR,100.0,Conditions optimal for Onion (Moisture: 79.0%). No immediate watering needed.,0
2026-05-26 04:37:02,78.0,16.9,61.0,0.0,10.6,MONITOR,100.0,Conditions optimal for Onion (Moisture: 78.0%). No immediate watering needed.,0
2026-05-26 04:37:10,77.0,16.8,61.0,0.0,10.6,MONITOR,100.0,Conditions optimal for Onion (Moisture: 77.0%). No immediate watering needed.,0
2026-05-26 04:37:17,77.0,16.6,61.0,0.0,10.6,MONITOR,100.0,Conditions optimal for Onion (Moisture: 77.0%). No immediate watering needed.,0
2026-05-26 04:37:22,78.0,16.6,61.0,0.0,10.6,MONITOR,100.0,Conditions optimal for Onion (Moisture: 78.0%). No immediate watering needed.,0
2026-05-26 04:37:29,77.0,16.6,61.0,0.0,10.6,MONITOR,100.0,Conditions optimal for Onion (Moisture: 77.0%). No immediate watering needed.,0
2026-05-26 04:37:37,78.0,16.6,61.0,0.0,10.6,MONITOR,100.0,Conditions optimal for Onion (Moisture: 78.0%). No immediate watering needed.,0
2026-05-26 04:37:44,77.0,16.6,61.0,0.0,10.6,MONITOR,100.0,Conditions optimal for Onion (Moisture: 77.0%). No immediate watering needed.,0
2026-05-26 04:37:51,79.0,16.6,61.0,0.0,10.6,MONITOR,100.0,Conditions optimal for Onion (Moisture: 79.0%). No immediate watering needed.,0
2026-05-26 04:37:59,79.0,16.7,61.0,0.0,10.6,MONITOR,100.0,Conditions optimal for Onion (Moisture: 79.0%). No immediate watering needed.,0
2026-05-26 04:38:04,79.0,16.8,61.0,0.0,10.6,MONITOR,100.0,Conditions optimal for Onion (Moisture: 79.0%). No immediate watering needed.,0
2026-05-26 04:38:09,75.0,17.0,61.0,0.0,10.6,MONITOR,100.0,Conditions optimal for Onion (Moisture: 75.0%). No immediate watering needed.,0
2026-05-26 04:38:16,78.0,17.0,61.0,0.0,10.6,MONITOR,100.0,Conditions optimal for Onion (Moisture: 78.0%). No immediate watering needed.,0
2026-05-26 04:38:23,78.0,17.0,61.0,0.0,10.6,MONITOR,100.0,Conditions optimal for Onion (Moisture: 78.0%). No immediate watering needed.,0
2026-05-26 04:38:29,77.0,17.0,61.0,0.0,10.6,MONITOR,100.0,Conditions optimal for Onion (Moisture: 77.0%). No immediate watering needed.,0
2026-05-26 04:38:36,77.0,17.0,61.0,0.0,10.6,MONITOR,100.0,Conditions optimal for Onion (Moisture: 77.0%). No immediate watering needed.,0
2026-05-26 04:38:41,76.0,16.9,61.0,0.0,10.6,MONITOR,100.0,Conditions optimal for Onion (Moisture: 76.0%). No immediate watering needed.,0
2026-05-26 04:38:48,78.0,16.9,61.0,0.0,10.6,MONITOR,100.0,Conditions optimal for Onion (Moisture: 78.0%). No immediate watering needed.,0
2026-05-26 04:38:56,77.0,16.6,61.0,0.0,10.6,MONITOR,100.0,Conditions optimal for Onion (Moisture: 77.0%). No immediate watering needed.,0
2026-05-26 04:39:03,77.0,16.6,61.0,0.0,10.6,MONITOR,100.0,Conditions optimal for Onion (Moisture: 77.0%). No immediate watering needed.,0
2026-05-26 04:39:08,76.0,16.6,61.0,0.0,10.6,MONITOR,100.0,Conditions optimal for Onion (Moisture: 76.0%). No immediate watering needed.,0
2026-05-26 04:39:15,77.0,16.6,61.0,0.0,10.6,MONITOR,100.0,Conditions optimal for Onion (Moisture: 77.0%). No immediate watering needed.,0
2026-05-26 04:39:23,76.0,16.6,61.0,0.0,10.6,MONITOR,100.0,Conditions optimal for Onion (Moisture: 76.0%). No immediate watering needed.,0
2026-05-26 04:39:30,78.0,16.6,61.0,0.0,10.6,MONITOR,100.0,Conditions optimal for Onion (Moisture: 78.0%). No immediate watering needed.,0
2026-05-26 04:39:37,78.0,16.6,61.0,0.0,10.6,MONITOR,100.0,Conditions optimal for Onion (Moisture: 78.0%). No immediate watering needed.,0
2026-05-26 04:39:42,78.0,16.6,61.0,0.0,10.6,MONITOR,100.0,Conditions optimal for Onion (Moisture: 78.0%). No immediate watering needed.,0
2026-05-26 04:39:48,77.0,16.6,61.0,0.0,10.6,MONITOR,100.0,Conditions optimal for Onion (Moisture: 77.0%). No immediate watering needed.,0
2026-05-26 04:39:55,78.0,16.6,61.0,0.0,10.6,MONITOR,100.0,Conditions optimal for Onion (Moisture: 78.0%). No immediate watering needed.,0
2026-05-26 04:40:02,77.0,16.6,61.0,0.0,10.6,MONITOR,100.0,Conditions optimal for Onion (Moisture: 77.0%). No immediate watering needed.,0
2026-05-26 04:40:10,78.0,16.6,61.0,0.0,10.6,MONITOR,100.0,Conditions optimal for Onion (Moisture: 78.0%). No immediate watering needed.,0
2026-05-26 04:40:17,78.0,16.6,61.0,0.0,10.6,MONITOR,100.0,Conditions optimal for Onion (Moisture: 78.0%). No immediate watering needed.,0
2026-05-26 04:40:22,75.0,16.6,61.0,0.0,10.6,MONITOR,100.0,Conditions optimal for Onion (Moisture: 75.0%). No immediate watering needed.,0
2026-05-26 04:40:29,78.0,16.6,61.0,0.0,10.6,MONITOR,100.0,Conditions optimal for Onion (Moisture: 78.0%). No immediate watering needed.,0
2026-05-26 04:40:36,79.0,16.6,61.0,0.0,10.6,MONITOR,100.0,Conditions optimal for Onion (Moisture: 79.0%). No immediate watering needed.,0
2026-05-26 04:40:44,75.0,16.6,61.0,0.0,10.6,MONITOR,100.0,Conditions optimal for Onion (Moisture: 75.0%). No immediate watering needed.,0
2026-05-26 04:40:51,78.0,16.6,62.0,0.0,10.6,MONITOR,100.0,Conditions optimal for Onion (Moisture: 78.0%). No immediate watering needed.,0
2026-05-26 04:40:58,77.0,16.6,62.0,0.0,10.6,MONITOR,100.0,Conditions optimal for Onion (Moisture: 77.0%). No immediate watering needed.,0
2026-05-26 04:41:05,77.0,16.6,62.0,0.0,10.6,MONITOR,100.0,Conditions optimal for Onion (Moisture: 77.0%). No immediate watering needed.,0
2026-05-26 04:41:11,77.0,16.6,62.0,0.0,10.6,MONITOR,100.0,Conditions optimal for Onion (Moisture: 77.0%). No immediate watering needed.,0
2026-05-26 04:41:16,78.0,16.6,62.0,0.0,10.6,MONITOR,100.0,Conditions optimal for Onion (Moisture: 78.0%). No immediate watering needed.,0
2026-05-26 04:41:23,77.0,16.6,62.0,0.0,10.6,MONITOR,100.0,Conditions optimal for Onion (Moisture: 77.0%). No immediate watering needed.,0
2026-05-26 04:41:30,78.0,16.6,61.0,0.0,10.6,MONITOR,100.0,Conditions optimal for Onion (Moisture: 78.0%). No immediate watering needed.,0
2026-05-26 04:41:38,77.0,16.6,61.0,0.0,10.6,MONITOR,100.0,Conditions optimal for Onion (Moisture: 77.0%). No immediate watering needed.,0
2026-05-26 04:41:45,77.0,16.6,61.0,0.0,10.6,MONITOR,100.0,Conditions optimal for Onion (Moisture: 77.0%). No immediate watering needed.,0
2026-05-26 04:41:50,77.0,16.6,62.0,0.0,10.6,MONITOR,100.0,Conditions optimal for Onion (Moisture: 77.0%). No immediate watering needed.,0
2026-05-26 04:41:55,79.0,16.6,61.0,0.0,10.6,MONITOR,100.0,Conditions optimal for Onion (Moisture: 78.0%). No immediate watering needed.,0
2026-05-26 04:42:03,77.0,16.6,61.0,0.0,10.6,MONITOR,100.0,Conditions optimal for Onion (Moisture: 77.0%). No immediate watering needed.,0
2026-05-26 04:42:10,77.0,16.6,62.0,0.0,10.6,MONITOR,100.0,Conditions optimal for Onion (Moisture: 77.0%). No immediate watering needed.,0
2026-05-26 04:42:15,78.0,16.6,62.0,0.0,10.6,MONITOR,100.0,Conditions optimal for Onion (Moisture: 78.0%). No immediate watering needed.,0
2026-05-26 04:42:23,80.0,16.6,62.0,0.0,10.6,MONITOR,100.0,Conditions optimal for Onion (Moisture: 80.0%). No immediate watering needed.,0
2026-05-26 04:42:30,77.0,16.6,62.0,0.0,10.6,MONITOR,100.0,Conditions optimal for Onion (Moisture: 77.0%). No immediate watering needed.,0
2026-05-26 04:42:37,76.0,16.6,62.0,0.0,10.6,MONITOR,100.0,Conditions optimal for Onion (Moisture: 76.0%). No immediate watering needed.,0
2026-05-26 04:42:44,77.0,16.6,62.0,0.0,10.6,MONITOR,100.0,Conditions optimal for Onion (Moisture: 77.0%). No immediate watering needed.,0
2026-05-26 04:42:52,76.0,16.6,62.0,0.0,10.6,MONITOR,100.0,Conditions optimal for Onion (Moisture: 76.0%). No immediate watering needed.,0
2026-05-26 04:42:59,77.0,16.6,62.0,0.0,10.6,MONITOR,100.0,Conditions optimal for Onion (Moisture: 77.0%). No immediate watering needed.,0
2026-05-26 04:43:06,77.0,16.6,62.0,0.0,10.6,MONITOR,100.0,Conditions optimal for Onion (Moisture: 77.0%). No immediate watering needed.,0
2026-05-26 04:43:11,77.0,16.6,62.0,0.0,10.6,MONITOR,100.0,Conditions optimal for Onion (Moisture: 77.0%). No immediate watering needed.,0
2026-05-26 04:43:17,77.0,16.6,62.0,0.0,10.6,MONITOR,100.0,Conditions optimal for Onion (Moisture: 77.0%). No immediate watering needed.,0
2026-05-26 04:43:22,77.0,16.6,62.0,0.0,10.6,MONITOR,100.0,Conditions optimal for Onion (Moisture: 77.0%). No immediate watering needed.,0
2026-05-26 04:43:27,77.0,16.6,62.0,0.0,10.6,MONITOR,100.0,Conditions optimal for Onion (Moisture: 77.0%). No immediate watering needed.,0
2026-05-26 04:43:32,77.0,16.6,62.0,0.0,10.6,MONITOR,100.0,Conditions optimal for Onion (Moisture: 77.0%). No immediate watering needed.,0
2026-05-26 04:43:38,78.0,16.6,62.0,0.0,10.6,MONITOR,100.0,Conditions optimal for Onion (Moisture: 78.0%). No immediate watering needed.,0
2026-05-26 04:43:45,77.0,16.6,62.0,0.0,10.6,MONITOR,100.0,Conditions optimal for Onion (Moisture: 77.0%). No immediate watering needed.,0
2026-05-26 04:43:52,77.0,16.6,62.0,0.0,10.6,MONITOR,100.0,Conditions optimal for Onion (Moisture: 77.0%). No immediate watering needed.,0
2026-05-26 04:43:57,76.0,16.6,62.0,0.0,10.6,MONITOR,100.0,Conditions optimal for Onion (Moisture: 76.0%). No immediate watering needed.,0
2026-05-26 04:44:05,78.0,16.6,62.0,0.0,10.6,MONITOR,100.0,Conditions optimal for Onion (Moisture: 78.0%). No immediate watering needed.,0
2026-05-26 04:44:12,78.0,16.6,62.0,0.0,10.6,MONITOR,100.0,Conditions optimal for Onion (Moisture: 78.0%). No immediate watering needed.,0
2026-05-26 04:44:17,77.0,16.6,62.0,0.0,10.6,MONITOR,100.0,Conditions optimal for Onion (Moisture: 77.0%). No immediate watering needed.,0
2026-05-26 04:44:25,78.0,16.6,62.0,0.0,10.6,MONITOR,100.0,Conditions optimal for Onion (Moisture: 78.0%). No immediate watering needed.,0
2026-05-26 04:44:32,78.0,16.6,62.0,0.0,10.6,MONITOR,100.0,Conditions optimal for Onion (Moisture: 78.0%). No immediate watering needed.,0
2026-05-26 04:44:37,78.0,16.6,62.0,0.0,10.6,MONITOR,100.0,Conditions optimal for Onion (Moisture: 78.0%). No immediate watering needed.,0
2026-05-26 04:44:42,77.0,16.6,62.0,0.0,10.6,MONITOR,100.0,Conditions optimal for Onion (Moisture: 77.0%). No immediate watering needed.,0
2026-05-26 04:44:49,78.0,16.6,62.0,0.0,10.6,MONITOR,100.0,Conditions optimal for Onion (Moisture: 78.0%). No immediate watering needed.,0
2026-05-26 04:44:57,78.0,16.6,62.0,0.0,10.6,MONITOR,100.0,Conditions optimal for Onion (Moisture: 78.0%). No immediate watering needed.,0
2026-05-26 04:45:02,78.0,16.6,62.0,0.0,10.6,MONITOR,100.0,Conditions optimal for Onion (Moisture: 78.0%). No immediate watering needed.,0
2026-05-26 04:45:07,78.0,16.6,62.0,0.0,10.6,MONITOR,100.0,Conditions optimal for Onion (Moisture: 78.0%). No immediate watering needed.,0
2026-05-26 04:45:12,78.0,16.6,62.0,0.0,10.6,MONITOR,100.0,Conditions optimal for Onion (Moisture: 78.0%). No immediate watering needed.,0
2026-05-26 04:45:18,77.0,16.6,62.0,0.0,10.6,MONITOR,100.0,Conditions optimal for Onion (Moisture: 77.0%). No immediate watering needed.,0
2026-05-26 04:45:25,77.0,16.6,62.0,0.0,10.6,MONITOR,100.0,Conditions optimal for Onion (Moisture: 77.0%). No immediate watering needed.,0
2026-05-26 04:45:30,79.0,16.6,62.0,0.0,10.6,MONITOR,100.0,Conditions optimal for Onion (Moisture: 79.0%). No immediate watering needed.,0
2026-05-26 04:45:37,77.0,16.6,62.0,0.0,10.6,MONITOR,100.0,Conditions optimal for Onion (Moisture: 77.0%). No immediate watering needed.,0
2026-05-26 04:45:45,77.0,16.6,62.0,0.0,10.6,MONITOR,100.0,Conditions optimal for Onion (Moisture: 77.0%). No immediate watering needed.,0
2026-05-26 04:45:50,78.0,16.6,62.0,0.0,10.6,MONITOR,100.0,Conditions optimal for Onion (Moisture: 78.0%). No immediate watering needed.,0
2026-05-26 04:45:57,78.0,16.6,62.0,0.0,10.6,MONITOR,100.0,Conditions optimal for Onion (Moisture: 78.0%). No immediate watering needed.,0
2026-05-26 04:46:02,76.0,16.6,62.0,0.0,10.6,MONITOR,100.0,Conditions optimal for Onion (Moisture: 76.0%). No immediate watering needed.,0
2026-05-26 04:46:10,79.0,16.6,62.0,0.0,10.6,MONITOR,100.0,Conditions optimal for Onion (Moisture: 79.0%). No immediate watering needed.,0
2026-05-26 04:46:17,77.0,16.6,62.0,0.0,10.6,MONITOR,100.0,Conditions optimal for Onion (Moisture: 77.0%). No immediate watering needed.,0
2026-05-26 04:46:24,77.0,16.6,62.0,0.0,10.6,MONITOR,100.0,Conditions optimal for Onion (Moisture: 77.0%). No immediate watering needed.,0
2026-05-26 04:46:30,77.0,16.6,62.0,0.0,10.6,MONITOR,100.0,Conditions optimal for Onion (Moisture: 77.0%). No immediate watering needed.,0
2026-05-26 04:46:35,80.0,16.6,62.0,0.0,10.6,MONITOR,100.0,Conditions optimal for Onion (Moisture: 80.0%). No immediate watering needed.,0
2026-05-26 04:46:42,77.0,16.6,62.0,0.0,10.6,MONITOR,100.0,Conditions optimal for Onion (Moisture: 77.0%). No immediate watering needed.,0
2026-05-26 04:46:49,78.0,16.6,62.0,0.0,10.6,MONITOR,100.0,Conditions optimal for Onion (Moisture: 78.0%). No immediate watering needed.,0
2026-05-26 04:46:57,77.0,16.6,62.0,0.0,10.6,MONITOR,100.0,Conditions optimal for Onion (Moisture: 77.0%). No immediate watering needed.,0
2026-05-26 04:47:04,77.0,16.6,62.0,0.0,10.6,MONITOR,100.0,Conditions optimal for Onion (Moisture: 77.0%). No immediate watering needed.,0
2026-05-26 04:47:09,78.0,16.6,62.0,0.0,10.6,MONITOR,100.0,Conditions optimal for Onion (Moisture: 78.0%). No immediate watering needed.,0
2026-05-26 04:47:16,77.0,16.6,62.0,0.0,10.6,MONITOR,100.0,Conditions optimal for Onion (Moisture: 77.0%). No immediate watering needed.,0
2026-05-26 04:47:24,77.0,16.6,62.0,0.0,10.6,MONITOR,100.0,Conditions optimal for Onion (Moisture: 77.0%). No immediate watering needed.,0
2026-05-26 04:47:29,78.0,16.6,62.0,0.0,10.6,MONITOR,100.0,Conditions optimal for Onion (Moisture: 78.0%). No immediate watering needed.,0
2026-05-26 04:47:36,79.0,16.6,62.0,0.0,10.6,MONITOR,100.0,Conditions optimal for Onion (Moisture: 79.0%). No immediate watering needed.,0
2026-05-26 04:47:43,78.0,16.6,62.0,0.0,10.6,MONITOR,100.0,Conditions optimal for Onion (Moisture: 78.0%). No immediate watering needed.,0
2026-05-26 04:47:51,77.0,16.6,62.0,0.0,10.6,MONITOR,100.0,Conditions optimal for Onion (Moisture: 77.0%). No immediate watering needed.,0
2026-05-26 04:47:58,77.0,16.6,62.0,0.0,10.6,MONITOR,100.0,Conditions optimal for Onion (Moisture: 77.0%). No immediate watering needed.,0
2026-05-26 04:48:03,79.0,16.6,62.0,0.0,10.6,MONITOR,100.0,Conditions optimal for Onion (Moisture: 79.0%). No immediate watering needed.,0
2026-05-26 04:48:10,78.0,16.6,62.0,0.0,10.6,MONITOR,100.0,Conditions optimal for Onion (Moisture: 78.0%). No immediate watering needed.,0
2026-05-26 04:48:18,77.0,16.6,62.0,0.0,10.6,MONITOR,100.0,Conditions optimal for Onion (Moisture: 77.0%). No immediate watering needed.,0
2026-05-26 04:48:25,77.0,16.6,62.0,0.0,10.6,MONITOR,100.0,Conditions optimal for Onion (Moisture: 77.0%). No immediate watering needed.,0
2026-05-26 04:48:30,77.0,16.6,62.0,0.0,10.6,MONITOR,100.0,Conditions optimal for Onion (Moisture: 77.0%). No immediate watering needed.,0
2026-05-26 04:48:35,78.0,16.6,62.0,0.0,10.6,MONITOR,100.0,Conditions optimal for Onion (Moisture: 78.0%). No immediate watering needed.,0
2026-05-26 04:48:43,77.0,16.6,62.0,0.0,10.6,MONITOR,100.0,Conditions optimal for Onion (Moisture: 77.0%). No immediate watering needed.,0
2026-05-26 04:48:50,78.0,16.6,62.0,0.0,10.6,MONITOR,100.0,Conditions optimal for Onion (Moisture: 78.0%). No immediate watering needed.,0
2026-05-26 04:48:57,76.0,16.6,62.0,0.0,10.6,MONITOR,100.0,Conditions optimal for Onion (Moisture: 76.0%). No immediate watering needed.,0
2026-05-26 04:49:04,77.0,16.6,62.0,0.0,10.6,MONITOR,100.0,Conditions optimal for Onion (Moisture: 77.0%). No immediate watering needed.,0
2026-05-26 04:49:12,77.0,16.6,62.0,0.0,10.6,MONITOR,100.0,Conditions optimal for Onion (Moisture: 77.0%). No immediate watering needed.,0
2026-05-26 04:49:17,78.0,16.6,62.0,0.0,10.6,MONITOR,100.0,Conditions optimal for Onion (Moisture: 78.0%). No immediate watering needed.,0
2026-05-26 04:49:24,78.0,16.6,62.0,0.0,10.6,MONITOR,100.0,Conditions optimal for Onion (Moisture: 78.0%). No immediate watering needed.,0
2026-05-26 04:49:29,77.0,16.6,62.0,0.0,10.6,MONITOR,100.0,Conditions optimal for Onion (Moisture: 77.0%). No immediate watering needed.,0
2026-05-26 04:49:37,78.0,16.6,62.0,0.0,10.6,MONITOR,100.0,Conditions optimal for Onion (Moisture: 78.0%). No immediate watering needed.,0
2026-05-26 04:49:44,78.0,16.6,62.0,0.0,10.6,MONITOR,100.0,Conditions optimal for Onion (Moisture: 78.0%). No immediate watering needed.,0
2026-05-26 04:49:49,78.0,16.6,62.0,0.0,10.6,MONITOR,100.0,Conditions optimal for Onion (Moisture: 78.0%). No immediate watering needed.,0
2026-05-26 04:49:54,78.0,16.6,62.0,0.0,10.6,MONITOR,100.0,Conditions optimal for Onion (Moisture: 78.0%). No immediate watering needed.,0
2026-05-26 04:50:00,79.0,16.6,62.0,0.0,10.6,MONITOR,100.0,Conditions optimal for Onion (Moisture: 79.0%). No immediate watering needed.,0
2026-05-26 04:50:07,78.0,16.6,62.0,0.0,10.6,MONITOR,100.0,Conditions optimal for Onion (Moisture: 78.0%). No immediate watering needed.,0
2026-05-26 04:50:14,80.0,16.6,62.0,0.0,10.6,MONITOR,100.0,Conditions optimal for Onion (Moisture: 80.0%). No immediate watering needed.,0
2026-05-26 04:50:21,76.0,16.6,62.0,0.0,10.6,MONITOR,100.0,Conditions optimal for Onion (Moisture: 76.0%). No immediate watering needed.,0
2026-05-26 04:50:29,78.0,16.6,62.0,0.0,10.6,MONITOR,100.0,Conditions optimal for Onion (Moisture: 78.0%). No immediate watering needed.,0
2026-05-26 04:50:36,77.0,16.6,62.0,0.0,10.6,MONITOR,100.0,Conditions optimal for Onion (Moisture: 77.0%). No immediate watering needed.,0
2026-05-26 04:50:43,78.0,16.6,62.0,0.0,10.6,MONITOR,100.0,Conditions optimal for Onion (Moisture: 78.0%). No immediate watering needed.,0
2026-05-26 04:50:51,77.0,16.6,62.0,0.0,10.6,MONITOR,100.0,Conditions optimal for Onion (Moisture: 77.0%). No immediate watering needed.,0
2026-05-26 04:50:58,77.0,16.6,62.0,0.0,10.6,MONITOR,100.0,Conditions optimal for Onion (Moisture: 77.0%). No immediate watering needed.,0
2026-05-26 04:51:03,78.0,16.6,62.0,0.0,10.6,MONITOR,100.0,Conditions optimal for Onion (Moisture: 78.0%). No immediate watering needed.,0
2026-05-26 04:51:10,77.0,16.6,62.0,0.0,10.6,MONITOR,100.0,Conditions optimal for Onion (Moisture: 77.0%). No immediate watering needed.,0
2026-05-26 04:51:18,77.0,16.6,62.0,0.0,10.6,MONITOR,100.0,Conditions optimal for Onion (Moisture: 77.0%). No immediate watering needed.,0
2026-05-26 04:51:23,76.0,16.6,62.0,0.0,10.6,MONITOR,100.0,Conditions optimal for Onion (Moisture: 76.0%). No immediate watering needed.,0
2026-05-26 04:51:30,77.0,16.6,62.0,0.0,10.6,MONITOR,100.0,Conditions optimal for Onion (Moisture: 77.0%). No immediate watering needed.,0
2026-05-26 04:51:37,77.0,16.6,62.0,0.0,10.6,MONITOR,100.0,Conditions optimal for Onion (Moisture: 77.0%). No immediate watering needed.,0
2026-05-26 04:51:43,76.0,16.6,62.0,0.0,10.6,MONITOR,100.0,Conditions optimal for Onion (Moisture: 76.0%). No immediate watering needed.,0
2026-05-26 04:51:50,77.0,16.6,62.0,0.0,10.6,MONITOR,100.0,Conditions optimal for Onion (Moisture: 77.0%). No immediate watering needed.,0
2026-05-26 04:51:57,78.0,16.6,62.0,0.0,10.6,MONITOR,100.0,Conditions optimal for Onion (Moisture: 78.0%). No immediate watering needed.,0
2026-05-26 04:52:04,75.0,16.6,62.0,0.0,10.6,MONITOR,100.0,Conditions optimal for Onion (Moisture: 75.0%). No immediate watering needed.,0
2026-05-26 04:52:12,77.0,16.6,62.0,0.0,10.6,MONITOR,100.0,Conditions optimal for Onion (Moisture: 77.0%). No immediate watering needed.,0
2026-05-26 04:52:19,77.0,16.6,62.0,0.0,10.6,MONITOR,100.0,Conditions optimal for Onion (Moisture: 77.0%). No immediate watering needed.,0
2026-05-26 04:52:24,79.0,16.6,62.0,0.0,10.6,MONITOR,100.0,Conditions optimal for Onion (Moisture: 79.0%). No immediate watering needed.,0
2026-05-26 04:52:31,77.0,16.6,62.0,0.0,10.6,MONITOR,100.0,Conditions optimal for Onion (Moisture: 77.0%). No immediate watering needed.,0
2026-05-26 04:52:39,76.0,16.6,62.0,0.0,10.6,MONITOR,100.0,Conditions optimal for Onion (Moisture: 76.0%). No immediate watering needed.,0
2026-05-26 04:52:46,77.0,16.6,62.0,0.0,10.6,MONITOR,100.0,Conditions optimal for Onion (Moisture: 77.0%). No immediate watering needed.,0
2026-05-26 04:52:53,77.0,16.6,62.0,0.0,10.6,MONITOR,100.0,Conditions optimal for Onion (Moisture: 77.0%). No immediate watering needed.,0
2026-05-26 04:52:58,77.0,16.6,62.0,0.0,10.6,MONITOR,100.0,Conditions optimal for Onion (Moisture: 77.0%). No immediate watering needed.,0
2026-05-26 04:53:04,78.0,16.6,62.0,0.0,10.6,MONITOR,100.0,Conditions optimal for Onion (Moisture: 78.0%). No immediate watering needed.,0
2026-05-26 04:53:11,77.0,16.6,62.0,0.0,10.6,MONITOR,100.0,Conditions optimal for Onion (Moisture: 77.0%). No immediate watering needed.,0
2026-05-26 04:53:18,78.0,16.6,62.0,0.0,10.6,MONITOR,100.0,Conditions optimal for Onion (Moisture: 78.0%). No immediate watering needed.,0
2026-05-26 04:53:25,77.0,16.6,62.0,0.0,10.6,MONITOR,100.0,Conditions optimal for Onion (Moisture: 77.0%). No immediate watering needed.,0
2026-05-26 04:53:33,79.0,16.6,62.0,0.0,10.6,MONITOR,100.0,Conditions optimal for Onion (Moisture: 79.0%). No immediate watering needed.,0
2026-05-26 04:53:40,77.0,16.6,62.0,0.0,10.6,MONITOR,100.0,Conditions optimal for Onion (Moisture: 77.0%). No immediate watering needed.,0
2026-05-26 04:53:47,77.0,16.6,62.0,0.0,10.6,MONITOR,100.0,Conditions optimal for Onion (Moisture: 77.0%). No immediate watering needed.,0
2026-05-26 04:53:53,77.0,16.6,62.0,0.0,10.6,MONITOR,100.0,Conditions optimal for Onion (Moisture: 77.0%). No immediate watering needed.,0
2026-05-26 04:53:58,77.0,16.6,62.0,0.0,10.6,MONITOR,100.0,Conditions optimal for Onion (Moisture: 77.0%). No immediate watering needed.,0
2026-05-26 04:54:03,79.0,16.6,62.0,0.0,10.6,MONITOR,100.0,Conditions optimal for Onion (Moisture: 79.0%). No immediate watering needed.,0
2026-05-26 04:54:10,76.0,16.6,62.0,0.0,10.6,MONITOR,100.0,Conditions optimal for Onion (Moisture: 76.0%). No immediate watering needed.,0
2026-05-26 04:54:17,77.0,16.6,62.0,0.0,10.6,MONITOR,100.0,Conditions optimal for Onion (Moisture: 77.0%). No immediate watering needed.,0
2026-05-26 04:54:25,77.0,16.6,62.0,0.0,10.6,MONITOR,100.0,Conditions optimal for Onion (Moisture: 77.0%). No immediate watering needed.,0
2026-05-26 04:54:30,77.0,16.6,62.0,0.0,10.6,MONITOR,100.0,Conditions optimal for Onion (Moisture: 77.0%). No immediate watering needed.,0
2026-05-26 04:54:35,78.0,16.6,62.0,0.0,10.6,MONITOR,100.0,Conditions optimal for Onion (Moisture: 78.0%). No immediate watering needed.,0
2026-05-26 04:54:43,79.0,16.6,62.0,0.0,10.6,MONITOR,100.0,Conditions optimal for Onion (Moisture: 79.0%). No immediate watering needed.,0
2026-05-26 04:54:50,78.0,16.6,62.0,0.0,10.6,MONITOR,100.0,Conditions optimal for Onion (Moisture: 78.0%). No immediate watering needed.,0
2026-05-26 04:54:57,77.0,16.6,62.0,0.0,10.6,MONITOR,100.0,Conditions optimal for Onion (Moisture: 77.0%). No immediate watering needed.,0
2026-05-26 04:55:04,77.0,16.6,62.0,0.0,10.6,MONITOR,100.0,Conditions optimal for Onion (Moisture: 77.0%). No immediate watering needed.,0
2026-05-26 04:55:10,80.0,16.6,62.0,0.0,10.6,MONITOR,100.0,Conditions optimal for Onion (Moisture: 80.0%). No immediate watering needed.,0
2026-05-26 04:55:17,77.0,16.6,62.0,0.0,10.6,MONITOR,100.0,Conditions optimal for Onion (Moisture: 77.0%). No immediate watering needed.,0
2026-05-26 04:55:24,77.0,16.6,62.0,0.0,10.6,MONITOR,100.0,Conditions optimal for Onion (Moisture: 77.0%). No immediate watering needed.,0
2026-05-26 04:55:30,77.0,16.6,62.0,0.0,10.6,MONITOR,100.0,Conditions optimal for Onion (Moisture: 77.0%). No immediate watering needed.,0
2026-05-26 04:55:35,78.0,16.6,62.0,0.0,10.6,MONITOR,100.0,Conditions optimal for Onion (Moisture: 78.0%). No immediate watering needed.,0
2026-05-26 04:55:42,78.0,16.6,62.0,0.0,10.6,MONITOR,100.0,Conditions optimal for Onion (Moisture: 78.0%). No immediate watering needed.,0
2026-05-26 04:55:47,78.0,16.6,62.0,0.0,10.6,MONITOR,100.0,Conditions optimal for Onion (Moisture: 78.0%). No immediate watering needed.,0
2026-05-26 04:55:52,77.0,16.6,62.0,0.0,10.6,MONITOR,100.0,Conditions optimal for Onion (Moisture: 77.0%). No immediate watering needed.,0
2026-05-26 04:56:00,78.0,16.6,62.0,0.0,10.6,MONITOR,100.0,Conditions optimal for Onion (Moisture: 78.0%). No immediate watering needed.,0
2026-05-26 04:56:07,77.0,16.6,62.0,0.0,10.6,MONITOR,100.0,Conditions optimal for Onion (Moisture: 77.0%). No immediate watering needed.,0
2026-05-26 04:56:14,77.0,16.6,62.0,0.0,10.6,MONITOR,100.0,Conditions optimal for Onion (Moisture: 77.0%). No immediate watering needed.,0
2026-05-26 04:56:20,77.0,16.6,62.0,0.0,10.6,MONITOR,100.0,Conditions optimal for Onion (Moisture: 77.0%). No immediate watering needed.,0
2026-05-26 04:56:25,80.0,16.6,62.0,0.0,10.6,MONITOR,100.0,Conditions optimal for Onion (Moisture: 80.0%). No immediate watering needed.,0
2026-05-26 04:56:32,77.0,16.6,62.0,0.0,10.6,MONITOR,100.0,Conditions optimal for Onion (Moisture: 77.0%). No immediate watering needed.,0
2026-05-26 04:56:39,77.0,16.6,62.0,0.0,10.6,MONITOR,100.0,Conditions optimal for Onion (Moisture: 77.0%). No immediate watering needed.,0
2026-05-26 04:56:45,77.0,16.6,62.0,0.0,10.6,MONITOR,100.0,Conditions optimal for Onion (Moisture: 77.0%). No immediate watering needed.,0
2026-05-26 04:56:50,77.0,16.6,62.0,0.0,10.6,MONITOR,100.0,Conditions optimal for Onion (Moisture: 77.0%). No immediate watering needed.,0
2026-05-26 04:56:55,78.0,16.6,62.0,0.0,10.6,MONITOR,100.0,Conditions optimal for Onion (Moisture: 78.0%). No immediate watering needed.,0
2026-05-26 04:57:02,77.0,16.6,62.0,0.0,10.6,MONITOR,100.0,Conditions optimal for Onion (Moisture: 77.0%). No immediate watering needed.,0
2026-05-26 04:57:09,77.0,16.6,62.0,0.0,10.6,MONITOR,100.0,Conditions optimal for Onion (Moisture: 77.0%). No immediate watering needed.,0
2026-05-26 04:57:15,78.0,16.6,62.0,0.0,10.6,MONITOR,100.0,Conditions optimal for Onion (Moisture: 78.0%). No immediate watering needed.,0
2026-05-26 04:57:22,77.0,16.6,62.0,0.0,10.6,MONITOR,100.0,Conditions optimal for Onion (Moisture: 77.0%). No immediate watering needed.,0
2026-05-26 04:57:29,78.0,16.6,62.0,0.0,10.6,MONITOR,100.0,Conditions optimal for Onion (Moisture: 78.0%). No immediate watering needed.,0
2026-05-26 04:57:37,79.0,16.6,62.0,0.0,10.6,MONITOR,100.0,Conditions optimal for Onion (Moisture: 79.0%). No immediate watering needed.,0
2026-05-26 04:57:44,78.0,16.6,62.0,0.0,10.6,MONITOR,100.0,Conditions optimal for Onion (Moisture: 78.0%). No immediate watering needed.,0
2026-05-26 04:57:51,76.0,16.6,62.0,0.0,10.6,MONITOR,100.0,Conditions optimal for Onion (Moisture: 76.0%). No immediate watering needed.,0
2026-05-26 04:57:58,77.0,16.6,62.0,0.0,10.6,MONITOR,100.0,Conditions optimal for Onion (Moisture: 77.0%). No immediate watering needed.,0
2026-05-26 04:58:06,79.0,16.6,62.0,0.0,10.6,MONITOR,100.0,Conditions optimal for Onion (Moisture: 79.0%). No immediate watering needed.,0
2026-05-26 04:58:13,77.0,16.6,62.0,0.0,10.6,MONITOR,100.0,Conditions optimal for Onion (Moisture: 77.0%). No immediate watering needed.,0
2026-05-26 04:58:20,78.0,16.6,62.0,0.0,10.6,MONITOR,100.0,Conditions optimal for Onion (Moisture: 78.0%). No immediate watering needed.,0
2026-05-26 04:58:28,78.0,16.6,62.0,0.0,10.6,MONITOR,100.0,Conditions optimal for Onion (Moisture: 78.0%). No immediate watering needed.,0
2026-05-26 04:58:33,77.0,16.6,62.0,0.0,10.6,MONITOR,100.0,Conditions optimal for Onion (Moisture: 77.0%). No immediate watering needed.,0
2026-05-26 04:58:40,78.0,16.6,62.0,0.0,10.6,MONITOR,100.0,Conditions optimal for Onion (Moisture: 78.0%). No immediate watering needed.,0
2026-05-26 04:58:47,79.0,16.6,62.0,0.0,10.6,MONITOR,100.0,Conditions optimal for Onion (Moisture: 79.0%). No immediate watering needed.,0
2026-05-26 04:58:55,77.0,16.6,62.0,0.0,10.6,MONITOR,100.0,Conditions optimal for Onion (Moisture: 77.0%). No immediate watering needed.,0
2026-05-26 04:59:02,77.0,16.6,62.0,0.0,10.6,MONITOR,100.0,Conditions optimal for Onion (Moisture: 77.0%). No immediate watering needed.,0
2026-05-26 04:59:07,77.0,16.6,62.0,0.0,10.6,MONITOR,100.0,Conditions optimal for Onion (Moisture: 77.0%). No immediate watering needed.,0
2026-05-26 04:59:12,78.0,16.6,62.0,0.0,10.6,MONITOR,100.0,Conditions optimal for Onion (Moisture: 78.0%). No immediate watering needed.,0
2026-05-26 04:59:20,79.0,16.6,62.0,0.0,10.6,MONITOR,100.0,Conditions optimal for Onion (Moisture: 79.0%). No immediate watering needed.,0
2026-05-26 04:59:27,79.0,16.6,62.0,0.0,10.6,MONITOR,100.0,Conditions optimal for Onion (Moisture: 79.0%). No immediate watering needed.,0
2026-05-26 04:59:32,77.0,16.6,62.0,0.0,10.6,MONITOR,100.0,Conditions optimal for Onion (Moisture: 77.0%). No immediate watering needed.,0
2026-05-26 04:59:39,78.0,16.6,62.0,0.0,10.6,MONITOR,100.0,Conditions optimal for Onion (Moisture: 78.0%). No immediate watering needed.,0
2026-05-26 04:59:47,77.0,16.6,62.0,0.0,10.6,MONITOR,100.0,Conditions optimal for Onion (Moisture: 77.0%). No immediate watering needed.,0
2026-05-26 04:59:54,77.0,16.6,62.0,0.0,10.6,MONITOR,100.0,Conditions optimal for Onion (Moisture: 77.0%). No immediate watering needed.,0
2026-05-26 04:59:59,76.0,16.6,62.0,0.0,10.6,MONITOR,100.0,Conditions optimal for Onion (Moisture: 76.0%). No immediate watering needed.,0
2026-05-26 05:00:06,77.0,16.6,62.0,0.0,10.6,MONITOR,100.0,Conditions optimal for Onion (Moisture: 77.0%). No immediate watering needed.,0
2026-05-26 05:00:14,77.0,16.6,62.0,0.0,10.6,MONITOR,100.0,Conditions optimal for Onion (Moisture: 77.0%). No immediate watering needed.,0
2026-05-26 05:00:19,78.0,16.6,62.0,0.0,10.6,MONITOR,100.0,Conditions optimal for Onion (Moisture: 78.0%). No immediate watering needed.,0
2026-05-26 05:00:26,76.0,16.6,62.0,0.0,10.6,MONITOR,100.0,Conditions optimal for Onion (Moisture: 76.0%). No immediate watering needed.,0
2026-05-26 05:00:33,74.0,16.6,62.0,0.0,10.6,MONITOR,100.0,Conditions optimal for Onion (Moisture: 74.0%). No immediate watering needed.,0
2026-05-26 05:00:41,75.0,16.6,62.0,0.0,10.6,MONITOR,100.0,Conditions optimal for Onion (Moisture: 75.0%). No immediate watering needed.,0
2026-05-26 05:00:48,77.0,16.6,62.0,0.0,10.6,MONITOR,100.0,Conditions optimal for Onion (Moisture: 77.0%). No immediate watering needed.,0
2026-05-26 05:00:55,79.0,16.6,62.0,0.0,10.6,MONITOR,100.0,Conditions optimal for Onion (Moisture: 79.0%). No immediate watering needed.,0
2026-05-26 05:01:03,78.0,16.6,62.0,0.0,10.6,MONITOR,100.0,Conditions optimal for Onion (Moisture: 78.0%). No immediate watering needed.,0
2026-05-26 05:01:10,77.0,16.6,62.0,0.0,10.6,MONITOR,100.0,Conditions optimal for Onion (Moisture: 77.0%). No immediate watering needed.,0
2026-05-26 05:01:17,77.0,16.6,62.0,0.0,10.6,MONITOR,100.0,Conditions optimal for Onion (Moisture: 77.0%). No immediate watering needed.,0
2026-05-26 05:01:22,77.0,16.6,62.0,0.0,10.6,MONITOR,100.0,Conditions optimal for Onion (Moisture: 77.0%). No immediate watering needed.,0
2026-05-26 05:01:27,77.0,16.6,62.0,0.0,10.6,MONITOR,100.0,Conditions optimal for Onion (Moisture: 77.0%). No immediate watering needed.,0
2026-05-26 05:01:33,76.0,16.6,62.0,0.0,10.6,MONITOR,100.0,Conditions optimal for Onion (Moisture: 76.0%). No immediate watering needed.,0
2026-05-26 05:01:40,77.0,16.6,62.0,0.0,10.6,MONITOR,100.0,Conditions optimal for Onion (Moisture: 77.0%). No immediate watering needed.,0
2026-05-26 05:01:47,75.0,16.6,62.0,0.0,10.6,MONITOR,100.0,Conditions optimal for Onion (Moisture: 75.0%). No immediate watering needed.,0
2026-05-26 05:01:55,77.0,16.6,62.0,0.0,10.6,MONITOR,100.0,Conditions optimal for Onion (Moisture: 77.0%). No immediate watering needed.,0
2026-05-26 05:02:02,77.0,16.6,62.0,0.0,10.6,MONITOR,100.0,Conditions optimal for Onion (Moisture: 77.0%). No immediate watering needed.,0
2026-05-26 05:02:07,78.0,16.6,62.0,0.0,10.6,MONITOR,100.0,Conditions optimal for Onion (Moisture: 78.0%). No immediate watering needed.,0
2026-05-26 05:02:14,78.0,16.6,62.0,0.0,10.6,MONITOR,100.0,Conditions optimal for Onion (Moisture: 78.0%). No immediate watering needed.,0
2026-05-26 05:02:20,77.0,16.6,62.0,0.0,10.6,MONITOR,100.0,Conditions optimal for Onion (Moisture: 77.0%). No immediate watering needed.,0
2026-05-26 05:02:27,77.0,16.6,62.0,0.0,10.6,MONITOR,100.0,Conditions optimal for Onion (Moisture: 77.0%). No immediate watering needed.,0
2026-05-26 05:02:32,77.0,16.6,62.0,0.0,10.6,MONITOR,100.0,Conditions optimal for Onion (Moisture: 77.0%). No immediate watering needed.,0
2026-05-26 05:02:37,78.0,16.6,62.0,0.0,10.6,MONITOR,100.0,Conditions optimal for Onion (Moisture: 78.0%). No immediate watering needed.,0
2026-05-26 05:02:45,78.0,16.6,62.0,0.0,10.6,MONITOR,100.0,Conditions optimal for Onion (Moisture: 78.0%). No immediate watering needed.,0
2026-05-26 05:02:50,77.0,16.6,62.0,0.0,10.6,MONITOR,100.0,Conditions optimal for Onion (Moisture: 77.0%). No immediate watering needed.,0
2026-05-26 05:02:57,77.0,16.6,62.0,0.0,10.6,MONITOR,100.0,Conditions optimal for Onion (Moisture: 77.0%). No immediate watering needed.,0
2026-05-26 05:03:02,77.0,16.6,62.0,0.0,10.6,MONITOR,100.0,Conditions optimal for Onion (Moisture: 77.0%). No immediate watering needed.,0
2026-05-26 05:03:07,77.0,16.6,62.0,0.0,10.6,MONITOR,100.0,Conditions optimal for Onion (Moisture: 77.0%). No immediate watering needed.,0
2026-05-26 05:03:13,77.0,16.6,62.0,0.0,10.6,MONITOR,100.0,Conditions optimal for Onion (Moisture: 77.0%). No immediate watering needed.,0
2026-05-26 05:03:18,77.0,16.6,62.0,0.0,10.6,MONITOR,100.0,Conditions optimal for Onion (Moisture: 77.0%). No immediate watering needed.,0
2026-05-26 05:03:23,77.0,16.6,62.0,0.0,10.6,MONITOR,100.0,Conditions optimal for Onion (Moisture: 77.0%). No immediate watering needed.,0
2026-05-26 05:03:28,78.0,16.6,62.0,0.0,10.6,MONITOR,100.0,Conditions optimal for Onion (Moisture: 78.0%). No immediate watering needed.,0
2026-05-26 05:03:36,78.0,16.6,62.0,0.0,10.6,MONITOR,100.0,Conditions optimal for Onion (Moisture: 78.0%). No immediate watering needed.,0
2026-05-26 05:03:41,77.0,16.6,62.0,0.0,10.6,MONITOR,100.0,Conditions optimal for Onion (Moisture: 77.0%). No immediate watering needed.,0
2026-05-26 05:03:48,78.0,16.6,62.0,0.0,10.6,MONITOR,100.0,Conditions optimal for Onion (Moisture: 78.0%). No immediate watering needed.,0
2026-05-26 05:03:55,77.0,16.6,62.0,0.0,10.6,MONITOR,100.0,Conditions optimal for Onion (Moisture: 77.0%). No immediate watering needed.,0
2026-05-26 05:04:03,77.0,16.6,62.0,0.0,10.6,MONITOR,100.0,Conditions optimal for Onion (Moisture: 77.0%). No immediate watering needed.,0
2026-05-26 05:04:08,77.0,16.6,62.0,0.0,10.6,MONITOR,100.0,Conditions optimal for Onion (Moisture: 77.0%). No immediate watering needed.,0
2026-05-26 05:04:13,78.0,16.6,62.0,0.0,10.6,MONITOR,100.0,Conditions optimal for Onion (Moisture: 78.0%). No immediate watering needed.,0
2026-05-26 05:04:20,77.0,16.6,62.0,0.0,10.6,MONITOR,100.0,Conditions optimal for Onion (Moisture: 77.0%). No immediate watering needed.,0
2026-05-26 05:04:28,77.0,16.6,62.0,0.0,10.6,MONITOR,100.0,Conditions optimal for Onion (Moisture: 77.0%). No immediate watering needed.,0
2026-05-26 05:04:33,77.0,16.6,62.0,0.0,10.6,MONITOR,100.0,Conditions optimal for Onion (Moisture: 77.0%). No immediate watering needed.,0
2026-05-26 05:04:38,78.0,16.6,62.0,0.0,10.6,MONITOR,100.0,Conditions optimal for Onion (Moisture: 78.0%). No immediate watering needed.,0
2026-05-26 05:04:45,78.0,16.6,62.0,0.0,10.6,MONITOR,100.0,Conditions optimal for Onion (Moisture: 78.0%). No immediate watering needed.,0
2026-05-26 05:04:51,78.0,16.6,62.0,0.0,10.6,MONITOR,100.0,Conditions optimal for Onion (Moisture: 78.0%). No immediate watering needed.,0
2026-05-26 05:04:56,76.0,16.6,62.0,0.0,10.6,MONITOR,100.0,Conditions optimal for Onion (Moisture: 76.0%). No immediate watering needed.,0
2026-05-26 05:05:03,78.0,16.6,62.0,0.0,10.6,MONITOR,100.0,Conditions optimal for Onion (Moisture: 78.0%). No immediate watering needed.,0
2026-05-26 05:05:10,77.0,16.6,62.0,0.0,10.6,MONITOR,100.0,Conditions optimal for Onion (Moisture: 77.0%). No immediate watering needed.,0
2026-05-26 05:05:18,77.0,16.6,62.0,0.0,10.6,MONITOR,100.0,Conditions optimal for Onion (Moisture: 77.0%). No immediate watering needed.,0
2026-05-26 05:05:23,77.0,16.6,62.0,0.0,10.6,MONITOR,100.0,Conditions optimal for Onion (Moisture: 77.0%). No immediate watering needed.,0
2026-05-26 05:05:28,77.0,16.6,62.0,0.0,10.6,MONITOR,100.0,Conditions optimal for Onion (Moisture: 77.0%). No immediate watering needed.,0
2026-05-26 05:05:33,77.0,16.6,62.0,0.0,10.6,MONITOR,100.0,Conditions optimal for Onion (Moisture: 77.0%). No immediate watering needed.,0
2026-05-26 05:05:38,77.0,16.6,62.0,0.0,10.6,MONITOR,100.0,Conditions optimal for Onion (Moisture: 77.0%). No immediate watering needed.,0
2026-05-26 05:05:44,75.0,16.6,62.0,0.0,10.6,MONITOR,100.0,Conditions optimal for Onion (Moisture: 75.0%). No immediate watering needed.,0
2026-05-26 05:05:51,77.0,16.6,62.0,0.0,10.6,MONITOR,100.0,Conditions optimal for Onion (Moisture: 77.0%). No immediate watering needed.,0
2026-05-26 05:05:58,78.0,16.6,62.0,0.0,10.6,MONITOR,100.0,Conditions optimal for Onion (Moisture: 78.0%). No immediate watering needed.,0
2026-05-26 05:06:05,77.0,16.6,62.0,0.0,10.6,MONITOR,100.0,Conditions optimal for Onion (Moisture: 77.0%). No immediate watering needed.,0
2026-05-26 05:06:13,79.0,16.6,62.0,0.0,10.6,MONITOR,100.0,Conditions optimal for Onion (Moisture: 79.0%). No immediate watering needed.,0
2026-05-26 05:06:20,77.0,16.6,62.0,0.0,10.6,MONITOR,100.0,Conditions optimal for Onion (Moisture: 77.0%). No immediate watering needed.,0
2026-05-26 05:06:27,78.0,16.6,62.0,0.0,10.6,MONITOR,100.0,Conditions optimal for Onion (Moisture: 78.0%). No immediate watering needed.,0
2026-05-26 05:06:35,77.0,16.6,62.0,0.0,10.6,MONITOR,100.0,Conditions optimal for Onion (Moisture: 77.0%). No immediate watering needed.,0
2026-05-26 05:06:42,77.0,16.6,62.0,0.0,10.6,MONITOR,100.0,Conditions optimal for Onion (Moisture: 77.0%). No immediate watering needed.,0
2026-05-26 05:06:47,77.0,16.6,62.0,0.0,10.6,MONITOR,100.0,Conditions optimal for Onion (Moisture: 77.0%). No immediate watering needed.,0
2026-05-26 05:06:52,77.0,16.6,62.0,0.0,10.6,MONITOR,100.0,Conditions optimal for Onion (Moisture: 77.0%). No immediate watering needed.,0
2026-05-26 05:06:57,78.0,16.5,62.0,0.0,10.6,MONITOR,100.0,Conditions optimal for Onion (Moisture: 78.0%). No immediate watering needed.,0
2026-05-26 05:07:05,79.0,16.5,62.0,0.0,10.6,MONITOR,100.0,Conditions optimal for Onion (Moisture: 79.0%). No immediate watering needed.,0
2026-05-26 05:07:12,78.0,16.5,62.0,0.0,10.6,MONITOR,100.0,Conditions optimal for Onion (Moisture: 78.0%). No immediate watering needed.,0
2026-05-26 05:07:19,77.0,16.6,62.0,0.0,10.6,MONITOR,100.0,Conditions optimal for Onion (Moisture: 77.0%). No immediate watering needed.,0
2026-05-26 05:07:27,78.0,16.6,62.0,0.0,10.6,MONITOR,100.0,Conditions optimal for Onion (Moisture: 78.0%). No immediate watering needed.,0
2026-05-26 05:07:34,77.0,16.6,62.0,0.0,10.6,MONITOR,100.0,Conditions optimal for Onion (Moisture: 77.0%). No immediate watering needed.,0
2026-05-26 05:07:41,78.0,16.6,62.0,0.0,10.6,MONITOR,100.0,Conditions optimal for Onion (Moisture: 78.0%). No immediate watering needed.,0
2026-05-26 05:07:48,77.0,16.6,62.0,0.0,10.6,MONITOR,100.0,Conditions optimal for Onion (Moisture: 77.0%). No immediate watering needed.,0
2026-05-26 05:07:56,78.0,16.6,62.0,0.0,10.6,MONITOR,100.0,Conditions optimal for Onion (Moisture: 78.0%). No immediate watering needed.,0
2026-05-26 05:08:03,77.0,16.6,62.0,0.0,10.6,MONITOR,100.0,Conditions optimal for Onion (Moisture: 77.0%). No immediate watering needed.,0
2026-05-26 05:08:10,77.0,16.6,62.0,0.0,10.6,MONITOR,100.0,Conditions optimal for Onion (Moisture: 77.0%). No immediate watering needed.,0
2026-05-26 05:08:15,79.0,16.6,62.0,0.0,10.6,MONITOR,100.0,Conditions optimal for Onion (Moisture: 79.0%). No immediate watering needed.,0
2026-05-26 05:08:23,77.0,16.6,62.0,0.0,10.6,MONITOR,100.0,Conditions optimal for Onion (Moisture: 77.0%). No immediate watering needed.,0
2026-05-26 05:08:30,76.0,16.6,62.0,0.0,10.6,MONITOR,100.0,Conditions optimal for Onion (Moisture: 76.0%). No immediate watering needed.,0
2026-05-26 05:08:37,77.0,16.6,62.0,0.0,10.6,MONITOR,100.0,Conditions optimal for Onion (Moisture: 77.0%). No immediate watering needed.,0
2026-05-26 05:08:44,77.0,16.6,62.0,0.0,10.6,MONITOR,100.0,Conditions optimal for Onion (Moisture: 77.0%). No immediate watering needed.,0
2026-05-26 05:08:50,78.0,16.6,62.0,0.0,10.6,MONITOR,100.0,Conditions optimal for Onion (Moisture: 78.0%). No immediate watering needed.,0
2026-05-26 05:08:57,78.0,16.6,62.0,0.0,10.6,MONITOR,100.0,Conditions optimal for Onion (Moisture: 78.0%). No immediate watering needed.,0
2026-05-26 05:09:02,76.0,16.6,62.0,0.0,10.6,MONITOR,100.0,Conditions optimal for Onion (Moisture: 76.0%). No immediate watering needed.,0
2026-05-26 05:09:09,76.0,16.6,62.0,0.0,10.6,MONITOR,100.0,Conditions optimal for Onion (Moisture: 76.0%). No immediate watering needed.,0
2026-05-26 05:09:15,78.0,16.6,62.0,0.0,10.6,MONITOR,100.0,Conditions optimal for Onion (Moisture: 78.0%). No immediate watering needed.,0
2026-05-26 05:09:22,78.0,16.6,62.0,0.0,10.6,MONITOR,100.0,Conditions optimal for Onion (Moisture: 78.0%). No immediate watering needed.,0
2026-05-26 05:09:27,76.0,16.6,62.0,0.0,10.6,MONITOR,100.0,Conditions optimal for Onion (Moisture: 76.0%). No immediate watering needed.,0
2026-05-26 05:09:34,79.0,16.6,62.0,0.0,10.6,MONITOR,100.0,Conditions optimal for Onion (Moisture: 79.0%). No immediate watering needed.,0
2026-05-26 05:09:42,77.0,16.6,62.0,0.0,10.6,MONITOR,100.0,Conditions optimal for Onion (Moisture: 77.0%). No immediate watering needed.,0
2026-05-26 05:09:49,77.0,16.6,62.0,0.0,10.6,MONITOR,100.0,Conditions optimal for Onion (Moisture: 77.0%). No immediate watering needed.,0
2026-05-26 05:09:54,77.0,16.6,62.0,0.0,10.6,MONITOR,100.0,Conditions optimal for Onion (Moisture: 77.0%). No immediate watering needed.,0
2026-05-26 05:09:59,77.0,16.6,62.0,0.0,10.6,MONITOR,100.0,Conditions optimal for Onion (Moisture: 77.0%). No immediate watering needed.,0
2026-05-26 05:10:05,78.0,16.6,62.0,0.0,10.6,MONITOR,100.0,Conditions optimal for Onion (Moisture: 78.0%). No immediate watering needed.,0
2026-05-26 05:10:12,77.0,16.6,62.0,0.0,10.6,MONITOR,100.0,Conditions optimal for Onion (Moisture: 77.0%). No immediate watering needed.,0
2026-05-26 05:10:19,77.0,16.6,62.0,0.0,10.6,MONITOR,100.0,Conditions optimal for Onion (Moisture: 77.0%). No immediate watering needed.,0
2026-05-26 05:10:25,80.0,16.5,62.0,0.0,10.6,MONITOR,100.0,Conditions optimal for Onion (Moisture: 80.0%). No immediate watering needed.,0
2026-05-26 05:10:32,77.0,16.6,62.0,0.0,10.6,MONITOR,100.0,Conditions optimal for Onion (Moisture: 77.0%). No immediate watering needed.,0
2026-05-26 05:10:39,77.0,16.6,62.0,0.0,10.6,MONITOR,100.0,Conditions optimal for Onion (Moisture: 77.0%). No immediate watering needed.,0
2026-05-26 05:10:44,77.0,16.6,62.0,0.0,10.6,MONITOR,100.0,Conditions optimal for Onion (Moisture: 77.0%). No immediate watering needed.,0
2026-05-26 05:10:50,77.0,16.6,62.0,0.0,10.6,MONITOR,100.0,Conditions optimal for Onion (Moisture: 77.0%). No immediate watering needed.,0
2026-05-26 05:10:55,76.0,16.6,62.0,0.0,10.6,MONITOR,100.0,Conditions optimal for Onion (Moisture: 76.0%). No immediate watering needed.,0
2026-05-26 05:11:02,77.0,16.6,62.0,0.0,10.6,MONITOR,100.0,Conditions optimal for Onion (Moisture: 77.0%). No immediate watering needed.,0
2026-05-26 05:11:09,76.0,16.6,62.0,0.0,10.6,MONITOR,100.0,Conditions optimal for Onion (Moisture: 76.0%). No immediate watering needed.,0
2026-05-26 05:11:17,78.0,16.6,62.0,0.0,10.6,MONITOR,100.0,Conditions optimal for Onion (Moisture: 78.0%). No immediate watering needed.,0
2026-05-26 05:11:24,76.0,16.5,62.0,0.0,10.6,MONITOR,100.0,Conditions optimal for Onion (Moisture: 76.0%). No immediate watering needed.,0
2026-05-26 05:11:31,77.0,16.5,62.0,0.0,10.6,MONITOR,100.0,Conditions optimal for Onion (Moisture: 77.0%). No immediate watering needed.,0
2026-05-26 05:11:38,77.0,16.5,62.0,0.0,10.6,MONITOR,100.0,Conditions optimal for Onion (Moisture: 77.0%). No immediate watering needed.,0
2026-05-26 05:11:44,77.0,16.5,62.0,0.0,10.6,MONITOR,100.0,Conditions optimal for Onion (Moisture: 77.0%). No immediate watering needed.,0
2026-05-26 05:11:49,78.0,16.6,62.0,0.0,10.6,MONITOR,100.0,Conditions optimal for Onion (Moisture: 78.0%). No immediate watering needed.,0
2026-05-26 05:11:56,79.0,16.6,62.0,0.0,10.6,MONITOR,100.0,Conditions optimal for Onion (Moisture: 79.0%). No immediate watering needed.,0
2026-05-26 05:12:03,77.0,16.6,62.0,0.0,10.6,MONITOR,100.0,Conditions optimal for Onion (Moisture: 77.0%). No immediate watering needed.,0
2026-05-26 05:12:11,79.0,16.6,62.0,0.0,10.6,MONITOR,100.0,Conditions optimal for Onion (Moisture: 79.0%). No immediate watering needed.,0
2026-05-26 05:12:18,79.0,16.6,62.0,0.0,10.6,MONITOR,100.0,Conditions optimal for Onion (Moisture: 79.0%). No immediate watering needed.,0
2026-05-26 05:12:23,79.0,16.6,62.0,0.0,10.6,MONITOR,100.0,Conditions optimal for Onion (Moisture: 79.0%). No immediate watering needed.,0
2026-05-26 05:12:28,78.0,16.6,62.0,0.0,10.6,MONITOR,100.0,Conditions optimal for Onion (Moisture: 78.0%). No immediate watering needed.,0
2026-05-26 05:12:36,78.0,16.6,62.0,0.0,10.6,MONITOR,100.0,Conditions optimal for Onion (Moisture: 78.0%). No immediate watering needed.,0
2026-05-26 05:12:41,76.0,16.6,62.0,0.0,10.6,MONITOR,100.0,Conditions optimal for Onion (Moisture: 76.0%). No immediate watering needed.,0
2026-05-26 05:12:48,78.0,16.6,62.0,0.0,10.6,MONITOR,100.0,Conditions optimal for Onion (Moisture: 78.0%). No immediate watering needed.,0
2026-05-26 05:12:55,77.0,16.6,62.0,0.0,10.6,MONITOR,100.0,Conditions optimal for Onion (Moisture: 77.0%). No immediate watering needed.,0
2026-05-26 05:13:03,77.0,16.6,62.0,0.0,10.6,MONITOR,100.0,Conditions optimal for Onion (Moisture: 77.0%). No immediate watering needed.,0
2026-05-26 05:13:08,78.0,16.6,62.0,0.0,10.6,MONITOR,100.0,Conditions optimal for Onion (Moisture: 78.0%). No immediate watering needed.,0
2026-05-26 05:13:15,77.0,16.6,62.0,0.0,10.6,MONITOR,100.0,Conditions optimal for Onion (Moisture: 77.0%). No immediate watering needed.,0
2026-05-26 05:13:23,77.0,16.6,62.0,0.0,10.6,MONITOR,100.0,Conditions optimal for Onion (Moisture: 77.0%). No immediate watering needed.,0
2026-05-26 05:13:28,76.0,16.6,62.0,0.0,10.6,MONITOR,100.0,Conditions optimal for Onion (Moisture: 76.0%). No immediate watering needed.,0
2026-05-26 05:13:35,77.0,16.6,62.0,0.0,10.6,MONITOR,100.0,Conditions optimal for Onion (Moisture: 77.0%). No immediate watering needed.,0
2026-05-26 05:13:42,76.0,16.6,62.0,0.0,10.6,MONITOR,100.0,Conditions optimal for Onion (Moisture: 76.0%). No immediate watering needed.,0
2026-05-26 05:13:50,77.0,16.6,62.0,0.0,10.6,MONITOR,100.0,Conditions optimal for Onion (Moisture: 77.0%). No immediate watering needed.,0
2026-05-26 05:13:57,74.0,16.6,62.0,0.0,10.6,MONITOR,100.0,Conditions optimal for Onion (Moisture: 74.0%). No immediate watering needed.,0
2026-05-26 05:14:04,77.0,16.6,62.0,0.0,10.6,MONITOR,100.0,Conditions optimal for Onion (Moisture: 77.0%). No immediate watering needed.,0
2026-05-26 05:14:11,75.0,16.6,62.0,0.0,10.6,MONITOR,100.0,Conditions optimal for Onion (Moisture: 75.0%). No immediate watering needed.,0
2026-05-26 05:14:19,79.0,16.6,62.0,0.0,10.6,MONITOR,100.0,Conditions optimal for Onion (Moisture: 79.0%). No immediate watering needed.,0
2026-05-26 05:14:26,77.0,16.6,62.0,0.0,10.6,MONITOR,100.0,Conditions optimal for Onion (Moisture: 77.0%). No immediate watering needed.,0
2026-05-26 05:14:33,75.0,16.6,62.0,0.0,10.6,MONITOR,100.0,Conditions optimal for Onion (Moisture: 75.0%). No immediate watering needed.,0
2026-05-26 05:14:40,77.0,16.6,62.0,0.0,10.6,MONITOR,100.0,Conditions optimal for Onion (Moisture: 77.0%). No immediate watering needed.,0
2026-05-26 05:14:48,77.0,16.6,62.0,0.0,10.6,MONITOR,100.0,Conditions optimal for Onion (Moisture: 77.0%). No immediate watering needed.,0
2026-05-26 05:14:53,78.0,16.6,62.0,0.0,10.6,MONITOR,100.0,Conditions optimal for Onion (Moisture: 78.0%). No immediate watering needed.,0
2026-05-26 05:15:00,77.0,16.6,62.0,0.0,10.6,MONITOR,100.0,Conditions optimal for Onion (Moisture: 77.0%). No immediate watering needed.,0
2026-05-26 05:15:07,76.0,16.6,62.0,0.0,10.6,MONITOR,100.0,Conditions optimal for Onion (Moisture: 76.0%). No immediate watering needed.,0
2026-05-26 05:15:15,79.0,16.6,62.0,0.0,10.6,MONITOR,100.0,Conditions optimal for Onion (Moisture: 79.0%). No immediate watering needed.,0
2026-05-26 05:15:22,77.0,16.6,62.0,0.0,10.6,MONITOR,100.0,Conditions optimal for Onion (Moisture: 77.0%). No immediate watering needed.,0
2026-05-26 05:15:29,77.0,16.6,62.0,0.0,10.6,MONITOR,100.0,Conditions optimal for Onion (Moisture: 77.0%). No immediate watering needed.,0
2026-05-26 05:15:35,77.0,16.6,62.0,0.0,10.6,MONITOR,100.0,Conditions optimal for Onion (Moisture: 77.0%). No immediate watering needed.,0
2026-05-26 05:15:40,77.0,16.6,62.0,0.0,10.6,MONITOR,100.0,Conditions optimal for Onion (Moisture: 77.0%). No immediate watering needed.,0
2026-05-26 05:15:45,77.0,16.6,62.0,0.0,10.6,MONITOR,100.0,Conditions optimal for Onion (Moisture: 77.0%). No immediate watering needed.,0
2026-05-26 05:15:50,78.0,16.6,62.0,0.0,10.6,MONITOR,100.0,Conditions optimal for Onion (Moisture: 78.0%). No immediate watering needed.,0
2026-05-26 05:15:58,77.0,16.6,62.0,0.0,10.6,MONITOR,100.0,Conditions optimal for Onion (Moisture: 77.0%). No immediate watering needed.,0
2026-05-26 05:16:05,77.0,16.6,62.0,0.0,10.6,MONITOR,100.0,Conditions optimal for Onion (Moisture: 77.0%). No immediate watering needed.,0
2026-05-26 05:16:10,77.0,16.6,62.0,0.0,10.6,MONITOR,100.0,Conditions optimal for Onion (Moisture: 77.0%). No immediate watering needed.,0
2026-05-26 05:16:15,78.0,16.6,62.0,0.0,10.6,MONITOR,100.0,Conditions optimal for Onion (Moisture: 78.0%). No immediate watering needed.,0
2026-05-26 05:16:23,77.0,16.6,62.0,0.0,10.6,MONITOR,100.0,Conditions optimal for Onion (Moisture: 77.0%). No immediate watering needed.,0
2026-05-26 05:16:30,78.0,16.5,62.0,0.0,10.6,MONITOR,100.0,Conditions optimal for Onion (Moisture: 78.0%). No immediate watering needed.,0
2026-05-26 05:16:37,78.0,16.5,62.0,0.0,10.6,MONITOR,100.0,Conditions optimal for Onion (Moisture: 78.0%). No immediate watering needed.,0
2026-05-26 05:16:42,76.0,16.4,62.0,0.0,10.6,MONITOR,100.0,Conditions optimal for Onion (Moisture: 76.0%). No immediate watering needed.,0
2026-05-26 05:16:50,77.0,16.6,62.0,0.0,10.6,MONITOR,100.0,Conditions optimal for Onion (Moisture: 77.0%). No immediate watering needed.,0
2026-05-26 05:16:57,76.0,16.6,62.0,0.0,10.6,MONITOR,100.0,Conditions optimal for Onion (Moisture: 76.0%). No immediate watering needed.,0
2026-05-26 05:17:04,77.0,16.6,62.0,0.0,10.6,MONITOR,100.0,Conditions optimal for Onion (Moisture: 77.0%). No immediate watering needed.,0
2026-05-26 05:17:12,77.0,16.6,62.0,0.0,10.6,MONITOR,100.0,Conditions optimal for Onion (Moisture: 77.0%). No immediate watering needed.,0
2026-05-26 05:17:17,74.0,16.6,62.0,0.0,10.6,MONITOR,100.0,Conditions optimal for Onion (Moisture: 74.0%). No immediate watering needed.,0
2026-05-26 05:17:24,77.0,16.6,62.0,0.0,10.6,MONITOR,100.0,Conditions optimal for Onion (Moisture: 77.0%). No immediate watering needed.,0
2026-05-26 05:17:31,77.0,16.6,62.0,0.0,10.6,MONITOR,100.0,Conditions optimal for Onion (Moisture: 77.0%). No immediate watering needed.,0
2026-05-26 05:17:37,78.0,16.6,62.0,0.0,10.6,MONITOR,100.0,Conditions optimal for Onion (Moisture: 78.0%). No immediate watering needed.,0
2026-05-26 05:17:44,77.0,16.6,62.0,0.0,10.6,MONITOR,100.0,Conditions optimal for Onion (Moisture: 77.0%). No immediate watering needed.,0
2026-05-26 05:17:51,78.0,16.6,62.0,0.0,10.6,MONITOR,100.0,Conditions optimal for Onion (Moisture: 78.0%). No immediate watering needed.,0
2026-05-26 05:17:58,77.0,16.6,62.0,0.0,10.6,MONITOR,100.0,Conditions optimal for Onion (Moisture: 77.0%). No immediate watering needed.,0
2026-05-26 05:18:06,77.0,16.6,62.0,0.0,10.6,MONITOR,100.0,Conditions optimal for Onion (Moisture: 77.0%). No immediate watering needed.,0
2026-05-26 05:18:11,78.0,16.6,62.0,0.0,10.6,MONITOR,100.0,Conditions optimal for Onion (Moisture: 78.0%). No immediate watering needed.,0
2026-05-26 05:18:18,78.0,16.6,62.0,0.0,10.6,MONITOR,100.0,Conditions optimal for Onion (Moisture: 78.0%). No immediate watering needed.,0
2026-05-26 05:18:23,76.0,16.6,62.0,0.0,10.6,MONITOR,100.0,Conditions optimal for Onion (Moisture: 76.0%). No immediate watering needed.,0
2026-05-26 05:18:31,78.0,16.6,62.0,0.0,10.6,MONITOR,100.0,Conditions optimal for Onion (Moisture: 78.0%). No immediate watering needed.,0
2026-05-26 05:18:38,76.0,16.6,62.0,0.0,10.6,MONITOR,100.0,Conditions optimal for Onion (Moisture: 76.0%). No immediate watering needed.,0
2026-05-26 05:18:45,77.0,16.6,62.0,0.0,10.6,MONITOR,100.0,Conditions optimal for Onion (Moisture: 77.0%). No immediate watering needed.,0
2026-05-26 05:18:52,77.0,16.6,62.0,0.0,10.6,MONITOR,100.0,Conditions optimal for Onion (Moisture: 77.0%). No immediate watering needed.,0
2026-05-26 05:18:58,77.0,16.6,62.0,0.0,10.6,MONITOR,100.0,Conditions optimal for Onion (Moisture: 77.0%). No immediate watering needed.,0
2026-05-26 05:19:03,77.0,16.6,62.0,0.0,10.6,MONITOR,100.0,Conditions optimal for Onion (Moisture: 77.0%). No immediate watering needed.,0
2026-05-26 05:19:08,78.0,16.6,62.0,0.0,10.6,MONITOR,100.0,Conditions optimal for Onion (Moisture: 78.0%). No immediate watering needed.,0
2026-05-26 05:19:15,77.0,16.6,62.0,0.0,10.6,MONITOR,100.0,Conditions optimal for Onion (Moisture: 77.0%). No immediate watering needed.,0
2026-05-26 05:19:23,77.0,16.6,62.0,0.0,10.6,MONITOR,100.0,Conditions optimal for Onion (Moisture: 77.0%). No immediate watering needed.,0
2026-05-26 05:19:28,76.0,16.5,62.0,0.0,10.6,MONITOR,100.0,Conditions optimal for Onion (Moisture: 76.0%). No immediate watering needed.,0
2026-05-26 05:19:35,77.0,16.5,62.0,0.0,10.6,MONITOR,100.0,Conditions optimal for Onion (Moisture: 77.0%). No immediate watering needed.,0
2026-05-26 05:19:42,77.0,16.3,62.0,0.0,10.6,MONITOR,100.0,Conditions optimal for Onion (Moisture: 77.0%). No immediate watering needed.,0
2026-05-26 05:19:47,77.0,16.2,62.0,0.0,10.6,MONITOR,100.0,Conditions optimal for Onion (Moisture: 77.0%). No immediate watering needed.,0
2026-05-26 05:19:53,77.0,16.2,62.0,0.0,10.6,MONITOR,100.0,Conditions optimal for Onion (Moisture: 77.0%). No immediate watering needed.,0
2026-05-26 05:19:58,77.0,16.2,62.0,0.0,10.6,MONITOR,100.0,Conditions optimal for Onion (Moisture: 77.0%). No immediate watering needed.,0
2026-05-26 05:20:03,77.0,16.2,62.0,0.0,10.6,MONITOR,100.0,Conditions optimal for Onion (Moisture: 77.0%). No immediate watering needed.,0
2026-05-26 05:20:08,77.0,16.2,62.0,0.0,10.6,MONITOR,100.0,Conditions optimal for Onion (Moisture: 77.0%). No immediate watering needed.,0
2026-05-26 05:20:14,77.0,16.2,62.0,0.0,10.6,MONITOR,100.0,Conditions optimal for Onion (Moisture: 77.0%). No immediate watering needed.,0
2026-05-26 05:20:19,78.0,16.2,62.0,0.0,10.6,MONITOR,100.0,Conditions optimal for Onion (Moisture: 78.0%). No immediate watering needed.,0
2026-05-26 05:20:26,78.0,16.2,62.0,0.0,10.6,MONITOR,100.0,Conditions optimal for Onion (Moisture: 78.0%). No immediate watering needed.,0
2026-05-26 05:20:31,77.0,16.2,63.0,0.0,10.6,MONITOR,100.0,Conditions optimal for Onion (Moisture: 77.0%). No immediate watering needed.,0
2026-05-26 05:20:38,77.0,16.2,63.0,0.0,10.6,MONITOR,100.0,Conditions optimal for Onion (Moisture: 77.0%). No immediate watering needed.,0
2026-05-26 05:20:44,77.0,16.2,63.0,0.0,10.6,MONITOR,100.0,Conditions optimal for Onion (Moisture: 77.0%). No immediate watering needed.,0
2026-05-26 05:20:49,78.0,16.2,63.0,0.0,10.6,MONITOR,100.0,Conditions optimal for Onion (Moisture: 78.0%). No immediate watering needed.,0
2026-05-26 05:20:56,76.0,16.2,63.0,0.0,10.6,MONITOR,100.0,Conditions optimal for Onion (Moisture: 76.0%). No immediate watering needed.,0
2026-05-26 05:21:03,77.0,16.2,63.0,0.0,10.6,MONITOR,100.0,Conditions optimal for Onion (Moisture: 77.0%). No immediate watering needed.,0
2026-05-26 05:21:11,76.0,16.2,63.0,0.0,10.6,MONITOR,100.0,Conditions optimal for Onion (Moisture: 76.0%). No immediate watering needed.,0
2026-05-26 05:21:18,77.0,16.2,63.0,0.0,10.6,MONITOR,100.0,Conditions optimal for Onion (Moisture: 77.0%). No immediate watering needed.,0
2026-05-26 05:21:25,76.0,16.2,63.0,0.0,10.6,MONITOR,100.0,Conditions optimal for Onion (Moisture: 76.0%). No immediate watering needed.,0
2026-05-26 05:21:32,77.0,16.2,63.0,0.0,10.6,MONITOR,100.0,Conditions optimal for Onion (Moisture: 77.0%). No immediate watering needed.,0
2026-05-26 05:21:40,77.0,16.2,63.0,0.0,10.6,MONITOR,100.0,Conditions optimal for Onion (Moisture: 77.0%). No immediate watering needed.,0
2026-05-26 05:21:45,77.0,16.1,63.0,0.0,10.6,MONITOR,100.0,Conditions optimal for Onion (Moisture: 77.0%). No immediate watering needed.,0
2026-05-26 05:21:50,77.0,16.1,62.0,0.0,10.6,MONITOR,100.0,Conditions optimal for Onion (Moisture: 77.0%). No immediate watering needed.,0
2026-05-26 05:21:55,77.0,16.1,62.0,0.0,10.6,MONITOR,100.0,Conditions optimal for Onion (Moisture: 77.0%). No immediate watering needed.,0
2026-05-26 05:22:01,76.0,16.1,62.0,0.0,10.6,MONITOR,100.0,Conditions optimal for Onion (Moisture: 76.0%). No immediate watering needed.,0
2026-05-26 05:22:08,76.0,16.1,62.0,0.0,10.6,MONITOR,100.0,Conditions optimal for Onion (Moisture: 76.0%). No immediate watering needed.,0
2026-05-26 05:22:13,77.0,16.1,63.0,0.0,10.6,MONITOR,100.0,Conditions optimal for Onion (Moisture: 77.0%). No immediate watering needed.,0
2026-05-26 05:22:20,77.0,16.1,63.0,0.0,10.6,MONITOR,100.0,Conditions optimal for Onion (Moisture: 77.0%). No immediate watering needed.,0
2026-05-26 05:22:26,78.0,16.1,63.0,0.0,10.6,MONITOR,100.0,Conditions optimal for Onion (Moisture: 78.0%). No immediate watering needed.,0
2026-05-26 05:22:33,79.0,16.1,63.0,0.0,10.6,MONITOR,100.0,Conditions optimal for Onion (Moisture: 79.0%). No immediate watering needed.,0
2026-05-26 05:22:40,77.0,16.1,63.0,0.0,10.6,MONITOR,100.0,Conditions optimal for Onion (Moisture: 77.0%). No immediate watering needed.,0
2026-05-26 05:22:47,77.0,16.1,63.0,0.0,10.6,MONITOR,100.0,Conditions optimal for Onion (Moisture: 77.0%). No immediate watering needed.,0
2026-05-26 05:22:53,76.0,16.2,63.0,0.0,10.6,MONITOR,100.0,Conditions optimal for Onion (Moisture: 76.0%). No immediate watering needed.,0
2026-05-26 05:23:00,77.0,16.2,63.0,0.0,10.6,MONITOR,100.0,Conditions optimal for Onion (Moisture: 77.0%). No immediate watering needed.,0
2026-05-26 05:23:07,79.0,16.2,63.0,0.0,10.6,MONITOR,100.0,Conditions optimal for Onion (Moisture: 79.0%). No immediate watering needed.,0
2026-05-26 05:23:14,78.0,16.2,63.0,0.0,10.6,MONITOR,100.0,Conditions optimal for Onion (Moisture: 78.0%). No immediate watering needed.,0
2026-05-26 05:23:22,77.0,16.2,63.0,0.0,10.6,MONITOR,100.0,Conditions optimal for Onion (Moisture: 77.0%). No immediate watering needed.,0
2026-05-26 05:23:29,78.0,16.1,63.0,0.0,10.6,MONITOR,100.0,Conditions optimal for Onion (Moisture: 78.0%). No immediate watering needed.,0
2026-05-26 05:23:36,77.0,16.2,63.0,0.0,10.6,MONITOR,100.0,Conditions optimal for Onion (Moisture: 77.0%). No immediate watering needed.,0
2026-05-26 05:23:44,77.0,16.1,63.0,0.0,10.6,MONITOR,100.0,Conditions optimal for Onion (Moisture: 77.0%). No immediate watering needed.,0
2026-05-26 05:23:49,77.0,16.1,63.0,0.0,10.6,MONITOR,100.0,Conditions optimal for Onion (Moisture: 77.0%). No immediate watering needed.,0
2026-05-26 05:23:54,77.0,16.1,63.0,0.0,10.6,MONITOR,100.0,Conditions optimal for Onion (Moisture: 77.0%). No immediate watering needed.,0
2026-05-26 05:23:59,76.0,16.1,63.0,0.0,10.6,MONITOR,100.0,Conditions optimal for Onion (Moisture: 76.0%). No immediate watering needed.,0
2026-05-26 05:24:06,76.0,16.1,63.0,0.0,10.6,MONITOR,100.0,Conditions optimal for Onion (Moisture: 76.0%). No immediate watering needed.,0
2026-05-26 05:24:11,78.0,16.1,63.0,0.0,10.6,MONITOR,100.0,Conditions optimal for Onion (Moisture: 78.0%). No immediate watering needed.,0
2026-05-26 05:24:19,77.0,16.1,63.0,0.0,10.6,MONITOR,100.0,Conditions optimal for Onion (Moisture: 77.0%). No immediate watering needed.,0
2026-05-26 05:24:26,77.0,16.1,63.0,0.0,10.6,MONITOR,100.0,Conditions optimal for Onion (Moisture: 77.0%). No immediate watering needed.,0
2026-05-26 05:24:31,77.0,16.1,63.0,0.0,10.6,MONITOR,100.0,Conditions optimal for Onion (Moisture: 77.0%). No immediate watering needed.,0
2026-05-26 05:24:36,77.0,16.1,63.0,0.0,10.6,MONITOR,100.0,Conditions optimal for Onion (Moisture: 77.0%). No immediate watering needed.,0
2026-05-26 05:24:42,78.0,16.1,63.0,0.0,10.6,MONITOR,100.0,Conditions optimal for Onion (Moisture: 78.0%). No immediate watering needed.,0
2026-05-26 05:24:49,77.0,16.1,63.0,0.0,10.6,MONITOR,100.0,Conditions optimal for Onion (Moisture: 77.0%). No immediate watering needed.,0
2026-05-26 05:24:56,78.0,16.1,63.0,0.0,10.6,MONITOR,100.0,Conditions optimal for Onion (Moisture: 78.0%). No immediate watering needed.,0
2026-05-26 05:25:03,78.0,16.1,63.0,0.0,10.6,MONITOR,100.0,Conditions optimal for Onion (Moisture: 78.0%). No immediate watering needed.,0
2026-05-26 05:25:09,77.0,16.1,63.0,0.0,10.6,MONITOR,100.0,Conditions optimal for Onion (Moisture: 77.0%). No immediate watering needed.,0
2026-05-26 05:25:16,78.0,16.1,63.0,0.0,10.6,MONITOR,100.0,Conditions optimal for Onion (Moisture: 78.0%). No immediate watering needed.,0
2026-05-26 05:25:23,76.0,16.1,63.0,0.0,10.6,MONITOR,100.0,Conditions optimal for Onion (Moisture: 76.0%). No immediate watering needed.,0
2026-05-26 05:25:30,75.0,16.1,63.0,0.0,10.6,MONITOR,100.0,Conditions optimal for Onion (Moisture: 75.0%). No immediate watering needed.,0
2026-05-26 05:25:38,77.0,16.2,63.0,0.0,10.6,MONITOR,100.0,Conditions optimal for Onion (Moisture: 77.0%). No immediate watering needed.,0
2026-05-26 05:25:45,78.0,16.2,63.0,0.0,10.6,MONITOR,100.0,Conditions optimal for Onion (Moisture: 78.0%). No immediate watering needed.,0
2026-05-26 05:25:52,79.0,16.2,63.0,0.0,10.6,MONITOR,100.0,Conditions optimal for Onion (Moisture: 79.0%). No immediate watering needed.,0
2026-05-26 05:26:00,77.0,16.2,63.0,0.0,10.6,MONITOR,100.0,Conditions optimal for Onion (Moisture: 77.0%). No immediate watering needed.,0
2026-05-26 05:26:07,75.0,16.2,63.0,0.0,10.6,MONITOR,100.0,Conditions optimal for Onion (Moisture: 75.0%). No immediate watering needed.,0
2026-05-26 05:26:14,77.0,16.2,63.0,0.0,10.6,MONITOR,100.0,Conditions optimal for Onion (Moisture: 77.0%). No immediate watering needed.,0
2026-05-26 05:26:21,77.0,16.2,63.0,0.0,10.6,MONITOR,100.0,Conditions optimal for Onion (Moisture: 77.0%). No immediate watering needed.,0
2026-05-26 05:26:27,75.0,16.2,63.0,0.0,10.6,MONITOR,100.0,Conditions optimal for Onion (Moisture: 75.0%). No immediate watering needed.,0
2026-05-26 05:26:34,76.0,16.1,63.0,0.0,10.6,MONITOR,100.0,Conditions optimal for Onion (Moisture: 76.0%). No immediate watering needed.,0
2026-05-26 05:26:41,76.0,16.1,63.0,0.0,10.6,MONITOR,100.0,Conditions optimal for Onion (Moisture: 76.0%). No immediate watering needed.,0
2026-05-26 05:26:46,78.0,16.1,63.0,0.0,10.6,MONITOR,100.0,Conditions optimal for Onion (Moisture: 78.0%). No immediate watering needed.,0
2026-05-26 05:26:54,77.0,16.1,63.0,0.0,10.6,MONITOR,100.0,Conditions optimal for Onion (Moisture: 77.0%). No immediate watering needed.,0
2026-05-26 05:27:01,77.0,16.1,63.0,0.0,10.6,MONITOR,100.0,Conditions optimal for Onion (Moisture: 77.0%). No immediate watering needed.,0
2026-05-26 05:27:06,76.0,16.1,63.0,0.0,10.6,MONITOR,100.0,Conditions optimal for Onion (Moisture: 76.0%). No immediate watering needed.,0
2026-05-26 05:27:13,78.0,16.1,63.0,0.0,10.6,MONITOR,100.0,Conditions optimal for Onion (Moisture: 78.0%). No immediate watering needed.,0
2026-05-26 05:27:21,77.0,16.1,63.0,0.0,10.6,MONITOR,100.0,Conditions optimal for Onion (Moisture: 77.0%). No immediate watering needed.,0
2026-05-26 05:27:28,78.0,16.1,63.0,0.0,10.6,MONITOR,100.0,Conditions optimal for Onion (Moisture: 78.0%). No immediate watering needed.,0
2026-05-26 05:27:35,76.0,16.1,63.0,0.0,10.6,MONITOR,100.0,Conditions optimal for Onion (Moisture: 76.0%). No immediate watering needed.,0
2026-05-26 05:27:42,77.0,16.1,63.0,0.0,10.6,MONITOR,100.0,Conditions optimal for Onion (Moisture: 77.0%). No immediate watering needed.,0
2026-05-26 05:27:50,78.0,16.1,63.0,0.0,10.6,MONITOR,100.0,Conditions optimal for Onion (Moisture: 78.0%). No immediate watering needed.,0
2026-05-26 05:27:57,77.0,16.1,63.0,0.0,10.6,MONITOR,100.0,Conditions optimal for Onion (Moisture: 77.0%). No immediate watering needed.,0
2026-05-26 05:28:04,76.0,16.1,63.0,0.0,10.6,MONITOR,100.0,Conditions optimal for Onion (Moisture: 76.0%). No immediate watering needed.,0
2026-05-26 05:28:12,77.0,16.1,63.0,0.0,10.6,MONITOR,100.0,Conditions optimal for Onion (Moisture: 77.0%). No immediate watering needed.,0
2026-05-26 05:28:19,77.0,16.1,63.0,0.0,10.6,MONITOR,100.0,Conditions optimal for Onion (Moisture: 77.0%). No immediate watering needed.,0
2026-05-26 05:28:24,76.0,16.1,63.0,0.0,10.6,MONITOR,100.0,Conditions optimal for Onion (Moisture: 76.0%). No immediate watering needed.,0
2026-05-26 05:28:31,77.0,16.1,63.0,0.0,10.6,MONITOR,100.0,Conditions optimal for Onion (Moisture: 77.0%). No immediate watering needed.,0
2026-05-26 05:28:39,77.0,16.1,63.0,0.0,10.6,MONITOR,100.0,Conditions optimal for Onion (Moisture: 77.0%). No immediate watering needed.,0
2026-05-26 05:28:44,77.0,16.1,63.0,0.0,10.6,MONITOR,100.0,Conditions optimal for Onion (Moisture: 77.0%). No immediate watering needed.,0
2026-05-26 05:28:49,77.0,16.1,63.0,0.0,10.6,MONITOR,100.0,Conditions optimal for Onion (Moisture: 77.0%). No immediate watering needed.,0
2026-05-26 05:28:54,77.0,16.1,63.0,0.0,10.6,MONITOR,100.0,Conditions optimal for Onion (Moisture: 77.0%). No immediate watering needed.,0
2026-05-26 05:28:59,77.0,16.1,63.0,0.0,10.6,MONITOR,100.0,Conditions optimal for Onion (Moisture: 77.0%). No immediate watering needed.,0
2026-05-26 05:29:05,77.0,16.1,63.0,0.0,10.6,MONITOR,100.0,Conditions optimal for Onion (Moisture: 77.0%). No immediate watering needed.,0
2026-05-26 05:29:10,77.0,16.1,63.0,0.0,10.6,MONITOR,100.0,Conditions optimal for Onion (Moisture: 77.0%). No immediate watering needed.,0
2026-05-26 05:29:15,78.0,16.1,63.0,0.0,10.6,MONITOR,100.0,Conditions optimal for Onion (Moisture: 78.0%). No immediate watering needed.,0
2026-05-26 05:29:22,77.0,16.1,63.0,0.0,10.6,MONITOR,100.0,Conditions optimal for Onion (Moisture: 77.0%). No immediate watering needed.,0
2026-05-26 05:29:29,77.0,16.1,63.0,0.0,10.6,MONITOR,100.0,Conditions optimal for Onion (Moisture: 77.0%). No immediate watering needed.,0
2026-05-26 05:29:35,75.0,16.1,63.0,0.0,10.6,MONITOR,100.0,Conditions optimal for Onion (Moisture: 75.0%). No immediate watering needed.,0
2026-05-26 05:29:42,77.0,16.1,63.0,0.0,10.6,MONITOR,100.0,Conditions optimal for Onion (Moisture: 77.0%). No immediate watering needed.,0
2026-05-26 05:29:49,76.0,16.1,63.0,0.0,10.6,MONITOR,100.0,Conditions optimal for Onion (Moisture: 76.0%). No immediate watering needed.,0
2026-05-26 05:29:57,77.0,16.1,63.0,0.0,10.6,MONITOR,100.0,Conditions optimal for Onion (Moisture: 77.0%). No immediate watering needed.,0
2026-05-26 05:30:04,77.0,16.1,63.0,0.0,10.6,MONITOR,100.0,Conditions optimal for Onion (Moisture: 77.0%). No immediate watering needed.,0
2026-05-26 05:30:09,77.0,16.1,63.0,0.0,10.6,MONITOR,100.0,Conditions optimal for Onion (Moisture: 77.0%). No immediate watering needed.,0
2026-05-26 05:30:14,76.0,16.1,63.0,0.0,10.6,MONITOR,100.0,Conditions optimal for Onion (Moisture: 77.0%). No immediate watering needed.,0
2026-05-26 05:30:19,78.0,16.1,63.0,0.0,10.6,MONITOR,100.0,Conditions optimal for Onion (Moisture: 78.0%). No immediate watering needed.,0
2026-05-26 05:30:27,77.0,16.2,63.0,0.0,10.6,MONITOR,100.0,Conditions optimal for Onion (Moisture: 77.0%). No immediate watering needed.,0
2026-05-26 05:30:34,77.0,16.2,63.0,0.0,10.6,MONITOR,100.0,Conditions optimal for Onion (Moisture: 77.0%). No immediate watering needed.,0
2026-05-26 05:30:39,77.0,16.2,63.0,0.0,10.6,MONITOR,100.0,Conditions optimal for Onion (Moisture: 77.0%). No immediate watering needed.,0
2026-05-26 05:30:44,76.0,16.2,63.0,0.0,10.6,MONITOR,100.0,Conditions optimal for Onion (Moisture: 76.0%). No immediate watering needed.,0
2026-05-26 05:30:52,77.0,16.2,63.0,0.0,10.6,MONITOR,100.0,Conditions optimal for Onion (Moisture: 77.0%). No immediate watering needed.,0
2026-05-26 05:30:59,77.0,16.2,63.0,0.0,10.6,MONITOR,100.0,Conditions optimal for Onion (Moisture: 77.0%). No immediate watering needed.,0
2026-05-26 05:31:04,77.0,16.2,63.0,0.0,10.6,MONITOR,100.0,Conditions optimal for Onion (Moisture: 77.0%). No immediate watering needed.,0
2026-05-26 05:31:09,80.0,16.1,63.0,0.0,10.6,MONITOR,100.0,Conditions optimal for Onion (Moisture: 80.0%). No immediate watering needed.,0
2026-05-26 05:31:17,77.0,16.1,63.0,0.0,10.6,MONITOR,100.0,Conditions optimal for Onion (Moisture: 77.0%). No immediate watering needed.,0
2026-05-26 05:31:24,77.0,16.1,63.0,0.0,10.6,MONITOR,100.0,Conditions optimal for Onion (Moisture: 77.0%). No immediate watering needed.,0
2026-05-26 05:31:29,77.0,16.1,63.0,0.0,10.6,MONITOR,100.0,Conditions optimal for Onion (Moisture: 77.0%). No immediate watering needed.,0
2026-05-26 05:31:34,76.0,16.1,63.0,0.0,10.6,MONITOR,100.0,Conditions optimal for Onion (Moisture: 76.0%). No immediate watering needed.,0
2026-05-26 05:31:41,76.0,16.1,63.0,0.0,10.6,MONITOR,100.0,Conditions optimal for Onion (Moisture: 76.0%). No immediate watering needed.,0
2026-05-26 05:31:47,77.0,16.1,63.0,0.0,10.6,MONITOR,100.0,Conditions optimal for Onion (Moisture: 77.0%). No immediate watering needed.,0
2026-05-26 05:31:54,76.0,16.1,63.0,0.0,10.6,MONITOR,100.0,Conditions optimal for Onion (Moisture: 76.0%). No immediate watering needed.,0
2026-05-26 05:32:01,75.0,16.1,63.0,0.0,10.6,MONITOR,100.0,Conditions optimal for Onion (Moisture: 75.0%). No immediate watering needed.,0
2026-05-26 05:32:09,76.0,16.1,63.0,0.0,10.6,MONITOR,100.0,Conditions optimal for Onion (Moisture: 76.0%). No immediate watering needed.,0
2026-05-26 05:32:16,77.0,16.1,63.0,0.0,10.6,MONITOR,100.0,Conditions optimal for Onion (Moisture: 77.0%). No immediate watering needed.,0
2026-05-26 05:32:23,77.0,16.1,63.0,0.0,10.6,MONITOR,100.0,Conditions optimal for Onion (Moisture: 77.0%). No immediate watering needed.,0
2026-05-26 05:32:28,76.0,16.1,63.0,0.0,10.6,MONITOR,100.0,Conditions optimal for Onion (Moisture: 76.0%). No immediate watering needed.,0
2026-05-26 05:32:36,76.0,16.1,63.0,0.0,10.6,MONITOR,100.0,Conditions optimal for Onion (Moisture: 76.0%). No immediate watering needed.,0
2026-05-26 05:32:41,77.0,16.1,63.0,0.0,10.6,MONITOR,100.0,Conditions optimal for Onion (Moisture: 77.0%). No immediate watering needed.,0
2026-05-26 05:32:48,80.0,16.1,63.0,0.0,10.6,MONITOR,100.0,Conditions optimal for Onion (Moisture: 80.0%). No immediate watering needed.,0
2026-05-26 05:32:56,77.0,16.1,63.0,0.0,10.6,MONITOR,100.0,Conditions optimal for Onion (Moisture: 77.0%). No immediate watering needed.,0
2026-05-26 05:33:03,77.0,16.1,63.0,0.0,10.6,MONITOR,100.0,Conditions optimal for Onion (Moisture: 77.0%). No immediate watering needed.,0
2026-05-26 05:33:08,77.0,16.1,63.0,0.0,10.6,MONITOR,100.0,Conditions optimal for Onion (Moisture: 77.0%). No immediate watering needed.,0
2026-05-26 05:33:13,77.0,16.1,63.0,0.0,10.6,MONITOR,100.0,Conditions optimal for Onion (Moisture: 77.0%). No immediate watering needed.,0
2026-05-26 05:33:19,77.0,16.1,63.0,0.0,10.6,MONITOR,100.0,Conditions optimal for Onion (Moisture: 77.0%). No immediate watering needed.,0
2026-05-26 05:33:24,77.0,16.1,63.0,0.0,10.6,MONITOR,100.0,Conditions optimal for Onion (Moisture: 77.0%). No immediate watering needed.,0
2026-05-26 05:33:29,77.0,16.1,63.0,0.0,10.6,MONITOR,100.0,Conditions optimal for Onion (Moisture: 77.0%). No immediate watering needed.,0
2026-05-26 05:33:34,77.0,16.1,63.0,0.0,10.6,MONITOR,100.0,Conditions optimal for Onion (Moisture: 77.0%). No immediate watering needed.,0
2026-05-26 05:33:39,78.0,16.1,63.0,0.0,10.6,MONITOR,100.0,Conditions optimal for Onion (Moisture: 78.0%). No immediate watering needed.,0
2026-05-26 05:33:47,76.0,16.1,63.0,0.0,10.6,MONITOR,100.0,Conditions optimal for Onion (Moisture: 76.0%). No immediate watering needed.,0
2026-05-26 05:33:54,79.0,16.1,63.0,0.0,10.6,MONITOR,100.0,Conditions optimal for Onion (Moisture: 79.0%). No immediate watering needed.,0
2026-05-26 05:34:01,76.0,16.1,63.0,0.0,10.6,MONITOR,100.0,Conditions optimal for Onion (Moisture: 76.0%). No immediate watering needed.,0
2026-05-26 05:34:09,77.0,16.1,63.0,0.0,10.6,MONITOR,100.0,Conditions optimal for Onion (Moisture: 77.0%). No immediate watering needed.,0
2026-05-26 05:34:16,78.0,16.1,63.0,0.0,10.6,MONITOR,100.0,Conditions optimal for Onion (Moisture: 78.0%). No immediate watering needed.,0
2026-05-26 05:34:23,78.0,16.1,63.0,0.0,10.6,MONITOR,100.0,Conditions optimal for Onion (Moisture: 78.0%). No immediate watering needed.,0
2026-05-26 05:34:28,77.0,16.1,63.0,0.0,10.2,MONITOR,100.0,Conditions optimal for Onion (Moisture: 77.0%). No immediate watering needed.,0
2026-05-26 05:34:36,77.0,16.1,63.0,0.0,10.2,MONITOR,100.0,Conditions optimal for Onion (Moisture: 77.0%). No immediate watering needed.,0
2026-05-26 05:34:41,76.0,16.1,63.0,0.0,10.2,MONITOR,100.0,Conditions optimal for Onion (Moisture: 76.0%). No immediate watering needed.,0
2026-05-26 05:34:48,75.0,16.1,63.0,0.0,10.2,MONITOR,100.0,Conditions optimal for Onion (Moisture: 75.0%). No immediate watering needed.,0
2026-05-26 05:34:55,77.0,16.1,63.0,0.0,10.2,MONITOR,100.0,Conditions optimal for Onion (Moisture: 77.0%). No immediate watering needed.,0
2026-05-26 05:35:03,77.0,16.1,63.0,0.0,10.2,MONITOR,100.0,Conditions optimal for Onion (Moisture: 77.0%). No immediate watering needed.,0
2026-05-26 05:35:08,77.0,16.1,63.0,0.0,10.2,MONITOR,100.0,Conditions optimal for Onion (Moisture: 77.0%). No immediate watering needed.,0
2026-05-26 05:35:13,76.0,16.1,63.0,0.0,10.2,MONITOR,100.0,Conditions optimal for Onion (Moisture: 76.0%). No immediate watering needed.,0
2026-05-26 05:35:20,77.0,16.1,63.0,0.0,10.2,MONITOR,100.0,Conditions optimal for Onion (Moisture: 77.0%). No immediate watering needed.,0
2026-05-26 05:35:28,77.0,16.1,63.0,0.0,10.2,MONITOR,100.0,Conditions optimal for Onion (Moisture: 77.0%). No immediate watering needed.,0
2026-05-26 05:35:33,76.0,16.1,63.0,0.0,10.2,MONITOR,100.0,Conditions optimal for Onion (Moisture: 76.0%). No immediate watering needed.,0
2026-05-26 05:35:40,76.0,16.1,63.0,0.0,10.2,MONITOR,100.0,Conditions optimal for Onion (Moisture: 76.0%). No immediate watering needed.,0
2026-05-26 05:35:45,77.0,16.1,63.0,0.0,10.2,MONITOR,100.0,Conditions optimal for Onion (Moisture: 77.0%). No immediate watering needed.,0
2026-05-26 05:35:53,77.0,16.1,63.0,0.0,10.6,MONITOR,100.0,Conditions optimal for Onion (Moisture: 77.0%). No immediate watering needed.,0
2026-05-26 05:35:58,77.0,16.1,63.0,0.0,10.2,MONITOR,100.0,Conditions optimal for Onion (Moisture: 77.0%). No immediate watering needed.,0
2026-05-26 05:36:03,77.0,16.1,63.0,0.0,10.2,MONITOR,100.0,Conditions optimal for Onion (Moisture: 77.0%). No immediate watering needed.,0
2026-05-26 05:36:08,77.0,16.1,63.0,0.0,10.2,MONITOR,100.0,Conditions optimal for Onion (Moisture: 77.0%). No immediate watering needed.,0
2026-05-26 05:36:14,78.0,16.1,63.0,0.0,10.2,MONITOR,100.0,Conditions optimal for Onion (Moisture: 78.0%). No immediate watering needed.,0
2026-05-26 05:36:21,77.0,16.1,63.0,0.0,10.2,MONITOR,100.0,Conditions optimal for Onion (Moisture: 77.0%). No immediate watering needed.,0
2026-05-26 05:36:28,80.0,16.1,63.0,0.0,10.2,MONITOR,100.0,Conditions optimal for Onion (Moisture: 80.0%). No immediate watering needed.,0
2026-05-26 05:36:35,77.0,16.1,63.0,0.0,10.2,MONITOR,100.0,Conditions optimal for Onion (Moisture: 77.0%). No immediate watering needed.,0
2026-05-26 05:36:43,76.0,16.1,63.0,0.0,10.2,MONITOR,100.0,Conditions optimal for Onion (Moisture: 76.0%). No immediate watering needed.,0
2026-05-26 05:36:50,77.0,16.1,63.0,0.0,10.2,MONITOR,100.0,Conditions optimal for Onion (Moisture: 77.0%). No immediate watering needed.,0
2026-05-26 05:36:57,76.0,16.1,63.0,0.0,10.2,MONITOR,100.0,Conditions optimal for Onion (Moisture: 76.0%). No immediate watering needed.,0
2026-05-26 05:37:04,77.0,16.1,63.0,0.0,10.2,MONITOR,100.0,Conditions optimal for Onion (Moisture: 77.0%). No immediate watering needed.,0
2026-05-26 05:37:12,77.0,16.1,63.0,0.0,10.2,MONITOR,100.0,Conditions optimal for Onion (Moisture: 77.0%). No immediate watering needed.,0
2026-05-26 05:37:17,77.0,16.1,63.0,0.0,10.2,MONITOR,100.0,Conditions optimal for Onion (Moisture: 77.0%). No immediate watering needed.,0
2026-05-26 05:37:22,79.0,16.1,63.0,0.0,10.2,MONITOR,100.0,Conditions optimal for Onion (Moisture: 79.0%). No immediate watering needed.,0
2026-05-26 05:37:29,75.0,16.1,63.0,0.0,10.2,MONITOR,100.0,Conditions optimal for Onion (Moisture: 75.0%). No immediate watering needed.,0
2026-05-26 05:37:37,77.0,16.1,63.0,0.0,10.2,MONITOR,100.0,Conditions optimal for Onion (Moisture: 77.0%). No immediate watering needed.,0
2026-05-26 05:37:44,77.0,16.1,63.0,0.0,10.2,MONITOR,100.0,Conditions optimal for Onion (Moisture: 77.0%). No immediate watering needed.,0
2026-05-26 05:37:49,75.0,16.1,63.0,0.0,10.2,MONITOR,100.0,Conditions optimal for Onion (Moisture: 75.0%). No immediate watering needed.,0
2026-05-26 05:37:56,77.0,16.1,63.0,0.0,10.2,MONITOR,100.0,Conditions optimal for Onion (Moisture: 77.0%). No immediate watering needed.,0
2026-05-26 05:38:04,77.0,16.1,63.0,0.0,10.2,MONITOR,100.0,Conditions optimal for Onion (Moisture: 77.0%). No immediate watering needed.,0
2026-05-26 05:38:09,77.0,16.1,63.0,0.0,10.2,MONITOR,100.0,Conditions optimal for Onion (Moisture: 77.0%). No immediate watering needed.,0
2026-05-26 05:38:14,76.0,16.1,63.0,0.0,10.2,MONITOR,100.0,Conditions optimal for Onion (Moisture: 76.0%). No immediate watering needed.,0
2026-05-26 05:38:21,77.0,16.1,63.0,0.0,10.2,MONITOR,100.0,Conditions optimal for Onion (Moisture: 77.0%). No immediate watering needed.,0
2026-05-26 05:38:29,78.0,16.1,63.0,0.0,10.2,MONITOR,100.0,Conditions optimal for Onion (Moisture: 78.0%). No immediate watering needed.,0
2026-05-26 05:38:36,77.0,16.1,63.0,0.0,10.2,MONITOR,100.0,Conditions optimal for Onion (Moisture: 77.0%). No immediate watering needed.,0
2026-05-26 05:38:43,77.0,16.1,63.0,0.0,10.2,MONITOR,100.0,Conditions optimal for Onion (Moisture: 77.0%). No immediate watering needed.,0
2026-05-26 05:38:48,77.0,16.1,63.0,0.0,10.2,MONITOR,100.0,Conditions optimal for Onion (Moisture: 77.0%). No immediate watering needed.,0
2026-05-26 05:38:54,76.0,16.1,63.0,0.0,10.6,MONITOR,100.0,Conditions optimal for Onion (Moisture: 76.0%). No immediate watering needed.,0
2026-05-26 05:39:01,77.0,16.1,63.0,0.0,10.2,MONITOR,100.0,Conditions optimal for Onion (Moisture: 77.0%). No immediate watering needed.,0
2026-05-26 05:39:08,77.0,16.1,63.0,0.0,10.2,MONITOR,100.0,Conditions optimal for Onion (Moisture: 77.0%). No immediate watering needed.,0
2026-05-26 05:39:13,75.0,16.1,63.0,0.0,10.2,MONITOR,100.0,Conditions optimal for Onion (Moisture: 75.0%). No immediate watering needed.,0
2026-05-26 05:39:21,77.0,16.1,63.0,0.0,10.2,MONITOR,100.0,Conditions optimal for Onion (Moisture: 77.0%). No immediate watering needed.,0
2026-05-26 05:39:28,76.0,16.1,63.0,0.0,10.2,MONITOR,100.0,Conditions optimal for Onion (Moisture: 76.0%). No immediate watering needed.,0
2026-05-26 05:39:35,78.0,16.1,63.0,0.0,10.2,MONITOR,100.0,Conditions optimal for Onion (Moisture: 78.0%). No immediate watering needed.,0
2026-05-26 05:39:42,79.0,16.1,63.0,0.0,10.2,MONITOR,100.0,Conditions optimal for Onion (Moisture: 79.0%). No immediate watering needed.,0
2026-05-26 05:39:50,77.0,16.1,63.0,0.0,10.2,MONITOR,100.0,Conditions optimal for Onion (Moisture: 77.0%). No immediate watering needed.,0
2026-05-26 05:39:57,77.0,16.1,63.0,0.0,10.2,MONITOR,100.0,Conditions optimal for Onion (Moisture: 77.0%). No immediate watering needed.,0
2026-05-26 05:40:02,76.0,16.1,63.0,0.0,10.2,MONITOR,100.0,Conditions optimal for Onion (Moisture: 76.0%). No immediate watering needed.,0
2026-05-26 05:40:09,77.0,16.1,63.0,0.0,10.2,MONITOR,100.0,Conditions optimal for Onion (Moisture: 77.0%). No immediate watering needed.,0
2026-05-26 05:40:17,77.0,16.1,63.0,0.0,10.2,MONITOR,100.0,Conditions optimal for Onion (Moisture: 77.0%). No immediate watering needed.,0
2026-05-26 05:40:22,77.0,16.1,63.0,0.0,10.2,MONITOR,100.0,Conditions optimal for Onion (Moisture: 77.0%). No immediate watering needed.,0
2026-05-26 05:40:27,77.0,16.1,63.0,0.0,10.2,MONITOR,100.0,Conditions optimal for Onion (Moisture: 77.0%). No immediate watering needed.,0
2026-05-26 05:40:32,77.0,16.1,63.0,0.0,10.2,MONITOR,100.0,Conditions optimal for Onion (Moisture: 77.0%). No immediate watering needed.,0
2026-05-26 05:40:38,77.0,16.1,63.0,0.0,10.2,MONITOR,100.0,Conditions optimal for Onion (Moisture: 77.0%). No immediate watering needed.,0
2026-05-26 05:40:43,78.0,16.1,63.0,0.0,10.2,MONITOR,100.0,Conditions optimal for Onion (Moisture: 78.0%). No immediate watering needed.,0
2026-05-26 05:40:50,77.0,16.1,63.0,0.0,10.2,MONITOR,100.0,Conditions optimal for Onion (Moisture: 77.0%). No immediate watering needed.,0
2026-05-26 05:40:57,75.0,16.1,63.0,0.0,10.2,MONITOR,100.0,Conditions optimal for Onion (Moisture: 75.0%). No immediate watering needed.,0
2026-05-26 05:41:05,77.0,16.1,63.0,0.0,10.2,MONITOR,100.0,Conditions optimal for Onion (Moisture: 77.0%). No immediate watering needed.,0
2026-05-26 05:41:12,77.0,16.1,63.0,0.0,10.2,MONITOR,100.0,Conditions optimal for Onion (Moisture: 77.0%). No immediate watering needed.,0
2026-05-26 05:41:17,75.0,16.1,63.0,0.0,10.2,MONITOR,100.0,Conditions optimal for Onion (Moisture: 75.0%). No immediate watering needed.,0
2026-05-26 05:41:24,77.0,16.1,63.0,0.0,10.2,MONITOR,100.0,Conditions optimal for Onion (Moisture: 77.0%). No immediate watering needed.,0
2026-05-26 05:41:32,77.0,16.1,63.0,0.0,10.2,MONITOR,100.0,Conditions optimal for Onion (Moisture: 77.0%). No immediate watering needed.,0
2026-05-26 05:41:37,78.0,16.1,63.0,0.0,10.2,MONITOR,100.0,Conditions optimal for Onion (Moisture: 78.0%). No immediate watering needed.,0
2026-05-26 05:41:44,76.0,16.1,63.0,0.0,10.2,MONITOR,100.0,Conditions optimal for Onion (Moisture: 76.0%). No immediate watering needed.,0
2026-05-26 05:41:51,76.0,16.1,63.0,0.0,10.2,MONITOR,100.0,Conditions optimal for Onion (Moisture: 76.0%). No immediate watering needed.,0
2026-05-26 05:41:57,78.0,16.1,63.0,0.0,10.2,MONITOR,100.0,Conditions optimal for Onion (Moisture: 78.0%). No immediate watering needed.,0
2026-05-26 05:42:04,77.0,16.1,63.0,0.0,10.2,MONITOR,100.0,Conditions optimal for Onion (Moisture: 77.0%). No immediate watering needed.,0
2026-05-26 05:42:11,77.0,16.1,63.0,0.0,10.2,MONITOR,100.0,Conditions optimal for Onion (Moisture: 77.0%). No immediate watering needed.,0
2026-05-26 05:42:16,78.0,16.1,63.0,0.0,10.2,MONITOR,100.0,Conditions optimal for Onion (Moisture: 78.0%). No immediate watering needed.,0
2026-05-26 05:42:24,77.0,16.1,63.0,0.0,10.2,MONITOR,100.0,Conditions optimal for Onion (Moisture: 77.0%). No immediate watering needed.,0
2026-05-26 05:42:31,74.0,16.1,63.0,0.0,10.2,MONITOR,100.0,Conditions optimal for Onion (Moisture: 74.0%). No immediate watering needed.,0
2026-05-26 05:42:38,77.0,16.1,63.0,0.0,10.2,MONITOR,100.0,Conditions optimal for Onion (Moisture: 77.0%). No immediate watering needed.,0
2026-05-26 05:42:45,77.0,16.1,63.0,0.0,10.2,MONITOR,100.0,Conditions optimal for Onion (Moisture: 77.0%). No immediate watering needed.,0
2026-05-26 05:42:51,77.0,16.1,63.0,0.0,10.2,MONITOR,100.0,Conditions optimal for Onion (Moisture: 77.0%). No immediate watering needed.,0
2026-05-26 05:42:56,77.0,16.2,63.0,0.0,10.2,MONITOR,100.0,Conditions optimal for Onion (Moisture: 77.0%). No immediate watering needed.,0
2026-05-26 05:43:01,77.0,16.2,63.0,0.0,10.2,MONITOR,100.0,Conditions optimal for Onion (Moisture: 77.0%). No immediate watering needed.,0
2026-05-26 05:43:06,77.0,16.2,63.0,0.0,10.2,MONITOR,100.0,Conditions optimal for Onion (Moisture: 77.0%). No immediate watering needed.,0
2026-05-26 05:43:11,77.0,16.2,63.0,0.0,10.2,MONITOR,100.0,Conditions optimal for Onion (Moisture: 77.0%). No immediate watering needed.,0
2026-05-26 05:43:17,76.0,16.2,63.0,0.0,10.2,MONITOR,100.0,Conditions optimal for Onion (Moisture: 76.0%). No immediate watering needed.,0
2026-05-26 05:43:24,76.0,16.2,63.0,0.0,10.2,MONITOR,100.0,Conditions optimal for Onion (Moisture: 76.0%). No immediate watering needed.,0
2026-05-26 05:43:29,77.0,16.2,63.0,0.0,10.2,MONITOR,100.0,Conditions optimal for Onion (Moisture: 77.0%). No immediate watering needed.,0
2026-05-26 05:43:36,77.0,16.2,63.0,0.0,10.2,MONITOR,100.0,Conditions optimal for Onion (Moisture: 77.0%). No immediate watering needed.,0
2026-05-26 05:43:42,76.0,16.2,63.0,0.0,10.2,MONITOR,100.0,Conditions optimal for Onion (Moisture: 76.0%). No immediate watering needed.,0
2026-05-26 05:43:49,77.0,16.2,63.0,0.0,10.2,MONITOR,100.0,Conditions optimal for Onion (Moisture: 77.0%). No immediate watering needed.,0
2026-05-26 05:43:56,77.0,16.2,63.0,0.0,10.2,MONITOR,100.0,Conditions optimal for Onion (Moisture: 77.0%). No immediate watering needed.,0
2026-05-26 05:44:01,78.0,16.2,63.0,0.0,10.2,MONITOR,100.0,Conditions optimal for Onion (Moisture: 78.0%). No immediate watering needed.,0
2026-05-26 05:44:09,79.0,16.2,63.0,0.0,10.2,MONITOR,100.0,Conditions optimal for Onion (Moisture: 79.0%). No immediate watering needed.,0
2026-05-26 05:44:16,77.0,16.4,63.0,0.0,10.2,MONITOR,100.0,Conditions optimal for Onion (Moisture: 77.0%). No immediate watering needed.,0
2026-05-26 05:44:23,76.0,16.5,63.0,0.0,10.2,MONITOR,100.0,Conditions optimal for Onion (Moisture: 76.0%). No immediate watering needed.,0
2026-05-26 05:44:30,77.0,16.5,63.0,0.0,10.2,MONITOR,100.0,Conditions optimal for Onion (Moisture: 77.0%). No immediate watering needed.,0
2026-05-26 05:44:38,74.0,16.6,63.0,0.0,10.2,MONITOR,100.0,Conditions optimal for Onion (Moisture: 74.0%). No immediate watering needed.,0
2026-05-26 05:44:45,77.0,16.6,63.0,0.0,10.2,MONITOR,100.0,Conditions optimal for Onion (Moisture: 77.0%). No immediate watering needed.,0
2026-05-26 05:44:52,76.0,16.6,63.0,0.0,10.2,MONITOR,100.0,Conditions optimal for Onion (Moisture: 76.0%). No immediate watering needed.,0
2026-05-26 05:45:00,76.0,16.6,63.0,0.0,10.2,MONITOR,100.0,Conditions optimal for Onion (Moisture: 76.0%). No immediate watering needed.,0
2026-05-26 05:45:05,78.0,16.6,63.0,0.0,10.2,MONITOR,100.0,Conditions optimal for Onion (Moisture: 78.0%). No immediate watering needed.,0
2026-05-26 05:45:12,76.0,16.6,63.0,0.0,10.2,MONITOR,100.0,Conditions optimal for Onion (Moisture: 76.0%). No immediate watering needed.,0
2026-05-26 05:45:19,77.0,16.6,63.0,0.0,10.2,MONITOR,100.0,Conditions optimal for Onion (Moisture: 77.0%). No immediate watering needed.,0
2026-05-26 05:45:27,77.0,16.6,63.0,0.0,10.2,MONITOR,100.0,Conditions optimal for Onion (Moisture: 77.0%). No immediate watering needed.,0
2026-05-26 05:45:32,77.0,16.6,63.0,0.0,10.2,MONITOR,100.0,Conditions optimal for Onion (Moisture: 77.0%). No immediate watering needed.,0
2026-05-26 05:45:37,77.0,16.6,63.0,0.0,10.2,MONITOR,100.0,Conditions optimal for Onion (Moisture: 77.0%). No immediate watering needed.,0
2026-05-26 05:45:42,77.0,16.6,63.0,0.0,10.2,MONITOR,100.0,Conditions optimal for Onion (Moisture: 77.0%). No immediate watering needed.,0
2026-05-26 05:45:47,77.0,16.6,63.0,0.0,10.2,MONITOR,100.0,Conditions optimal for Onion (Moisture: 77.0%). No immediate watering needed.,0
2026-05-26 05:45:53,77.0,16.6,63.0,0.0,10.2,MONITOR,100.0,Conditions optimal for Onion (Moisture: 77.0%). No immediate watering needed.,0
2026-05-26 05:45:58,77.0,16.6,63.0,0.0,10.2,MONITOR,100.0,Conditions optimal for Onion (Moisture: 77.0%). No immediate watering needed.,0
2026-05-26 05:46:03,76.0,16.6,63.0,0.0,10.2,MONITOR,100.0,Conditions optimal for Onion (Moisture: 76.0%). No immediate watering needed.,0
2026-05-26 05:46:10,76.0,16.6,63.0,0.0,10.2,MONITOR,100.0,Conditions optimal for Onion (Moisture: 76.0%). No immediate watering needed.,0
2026-05-26 05:46:16,73.0,16.6,63.0,0.0,10.2,MONITOR,100.0,Conditions optimal for Onion (Moisture: 73.0%). No immediate watering needed.,0
2026-05-26 05:46:23,77.0,16.6,63.0,0.0,10.2,MONITOR,100.0,Conditions optimal for Onion (Moisture: 77.0%). No immediate watering needed.,0
2026-05-26 05:46:30,76.0,16.6,63.0,0.0,10.2,MONITOR,100.0,Conditions optimal for Onion (Moisture: 76.0%). No immediate watering needed.,0
2026-05-26 05:46:37,78.0,16.6,63.0,0.0,10.2,MONITOR,100.0,Conditions optimal for Onion (Moisture: 78.0%). No immediate watering needed.,0
2026-05-26 05:46:45,77.0,16.6,63.0,0.0,10.2,MONITOR,100.0,Conditions optimal for Onion (Moisture: 77.0%). No immediate watering needed.,0
2026-05-26 05:46:52,77.0,16.6,63.0,0.0,10.2,MONITOR,100.0,Conditions optimal for Onion (Moisture: 77.0%). No immediate watering needed.,0
2026-05-26 05:46:57,77.0,16.6,63.0,0.0,10.2,MONITOR,100.0,Conditions optimal for Onion (Moisture: 77.0%). No immediate watering needed.,0
2026-05-26 05:47:02,79.0,16.6,63.0,0.0,10.2,MONITOR,100.0,Conditions optimal for Onion (Moisture: 79.0%). No immediate watering needed.,0
2026-05-26 05:47:10,76.0,16.6,63.0,0.0,10.2,MONITOR,100.0,Conditions optimal for Onion (Moisture: 76.0%). No immediate watering needed.,0
2026-05-26 05:47:17,77.0,16.6,63.0,0.0,10.2,MONITOR,100.0,Conditions optimal for Onion (Moisture: 77.0%). No immediate watering needed.,0
2026-05-26 05:47:24,76.0,16.6,63.0,0.0,10.2,MONITOR,100.0,Conditions optimal for Onion (Moisture: 76.0%). No immediate watering needed.,0
2026-05-26 05:47:31,77.0,16.6,63.0,0.0,10.2,MONITOR,100.0,Conditions optimal for Onion (Moisture: 77.0%). No immediate watering needed.,0
2026-05-26 05:47:39,77.0,16.6,63.0,0.0,10.2,MONITOR,100.0,Conditions optimal for Onion (Moisture: 77.0%). No immediate watering needed.,0
2026-05-26 05:47:44,77.0,16.6,63.0,0.0,10.2,MONITOR,100.0,Conditions optimal for Onion (Moisture: 77.0%). No immediate watering needed.,0
2026-05-26 05:47:49,75.0,16.6,63.0,0.0,10.2,MONITOR,100.0,Conditions optimal for Onion (Moisture: 75.0%). No immediate watering needed.,0
2026-05-26 05:47:56,77.0,16.6,63.0,0.0,10.2,MONITOR,100.0,Conditions optimal for Onion (Moisture: 77.0%). No immediate watering needed.,0
2026-05-26 05:48:04,77.0,16.6,63.0,0.0,10.2,MONITOR,100.0,Conditions optimal for Onion (Moisture: 77.0%). No immediate watering needed.,0
2026-05-26 05:48:09,76.0,16.6,63.0,0.0,10.2,MONITOR,100.0,Conditions optimal for Onion (Moisture: 76.0%). No immediate watering needed.,0
2026-05-26 05:48:16,78.0,16.6,63.0,0.0,10.2,MONITOR,100.0,Conditions optimal for Onion (Moisture: 78.0%). No immediate watering needed.,0
2026-05-26 05:48:23,77.0,16.6,63.0,0.0,10.2,MONITOR,100.0,Conditions optimal for Onion (Moisture: 77.0%). No immediate watering needed.,0
2026-05-26 05:48:31,76.0,16.6,63.0,0.0,10.2,MONITOR,100.0,Conditions optimal for Onion (Moisture: 76.0%). No immediate watering needed.,0
2026-05-26 05:48:38,80.0,16.6,63.0,0.0,10.2,MONITOR,100.0,Conditions optimal for Onion (Moisture: 80.0%). No immediate watering needed.,0
2026-05-26 05:48:45,77.0,16.6,63.0,0.0,10.2,MONITOR,100.0,Conditions optimal for Onion (Moisture: 77.0%). No immediate watering needed.,0
2026-05-26 05:48:52,77.0,16.6,63.0,0.0,10.2,MONITOR,100.0,Conditions optimal for Onion (Moisture: 77.0%). No immediate watering needed.,0
2026-05-26 05:48:58,76.0,16.6,63.0,0.0,10.2,MONITOR,100.0,Conditions optimal for Onion (Moisture: 76.0%). No immediate watering needed.,0
2026-05-26 05:49:05,78.0,16.6,63.0,0.0,10.2,MONITOR,100.0,Conditions optimal for Onion (Moisture: 78.0%). No immediate watering needed.,0
2026-05-26 05:49:12,77.0,16.6,63.0,0.0,10.2,MONITOR,100.0,Conditions optimal for Onion (Moisture: 77.0%). No immediate watering needed.,0
2026-05-26 05:49:20,77.0,16.6,63.0,0.0,10.2,MONITOR,100.0,Conditions optimal for Onion (Moisture: 77.0%). No immediate watering needed.,0
2026-05-26 05:49:25,77.0,16.6,63.0,0.0,10.2,MONITOR,100.0,Conditions optimal for Onion (Moisture: 77.0%). No immediate watering needed.,0
2026-05-26 05:49:30,76.0,16.6,63.0,0.0,10.2,MONITOR,100.0,Conditions optimal for Onion (Moisture: 76.0%). No immediate watering needed.,0
2026-05-26 05:49:37,77.0,16.6,63.0,0.0,10.2,MONITOR,100.0,Conditions optimal for Onion (Moisture: 77.0%). No immediate watering needed.,0
2026-05-26 05:49:45,77.0,16.6,63.0,0.0,10.2,MONITOR,100.0,Conditions optimal for Onion (Moisture: 77.0%). No immediate watering needed.,0
2026-05-26 05:49:50,77.0,16.6,63.0,0.0,10.2,MONITOR,100.0,Conditions optimal for Onion (Moisture: 77.0%). No immediate watering needed.,0
2026-05-26 05:49:55,77.0,16.6,63.0,0.0,10.2,MONITOR,100.0,Conditions optimal for Onion (Moisture: 77.0%). No immediate watering needed.,0
2026-05-26 05:50:00,78.0,16.6,63.0,0.0,10.2,MONITOR,100.0,Conditions optimal for Onion (Moisture: 78.0%). No immediate watering needed.,0
2026-05-26 05:50:07,77.0,16.6,63.0,0.0,10.2,MONITOR,100.0,Conditions optimal for Onion (Moisture: 77.0%). No immediate watering needed.,0
2026-05-26 05:50:15,77.0,16.6,63.0,0.0,10.2,MONITOR,100.0,Conditions optimal for Onion (Moisture: 77.0%). No immediate watering needed.,0
2026-05-26 05:50:20,77.0,16.6,63.0,0.0,10.2,MONITOR,100.0,Conditions optimal for Onion (Moisture: 77.0%). No immediate watering needed.,0
2026-05-26 05:50:25,77.0,16.6,62.0,0.0,10.2,MONITOR,100.0,Conditions optimal for Onion (Moisture: 77.0%). No immediate watering needed.,0
2026-05-26 05:50:30,79.0,16.6,62.0,0.0,10.2,MONITOR,100.0,Conditions optimal for Onion (Moisture: 79.0%). No immediate watering needed.,0
2026-05-26 05:50:38,74.0,16.6,62.0,0.0,10.2,MONITOR,100.0,Conditions optimal for Onion (Moisture: 74.0%). No immediate watering needed.,0
2026-05-26 05:50:45,76.0,16.6,62.0,0.0,10.2,MONITOR,100.0,Conditions optimal for Onion (Moisture: 76.0%). No immediate watering needed.,0
2026-05-26 05:50:52,76.0,16.6,62.0,0.0,10.2,MONITOR,100.0,Conditions optimal for Onion (Moisture: 76.0%). No immediate watering needed.,0
2026-05-26 05:50:57,77.0,16.6,62.0,0.0,10.2,MONITOR,100.0,Conditions optimal for Onion (Moisture: 77.0%). No immediate watering needed.,0
2026-05-26 05:51:05,76.0,16.6,62.0,0.0,10.2,MONITOR,100.0,Conditions optimal for Onion (Moisture: 76.0%). No immediate watering needed.,0
2026-05-26 05:51:12,77.0,16.6,62.0,0.0,10.2,MONITOR,100.0,Conditions optimal for Onion (Moisture: 77.0%). No immediate watering needed.,0
2026-05-26 05:51:19,75.0,16.6,62.0,0.0,10.2,MONITOR,100.0,Conditions optimal for Onion (Moisture: 75.0%). No immediate watering needed.,0
2026-05-26 05:51:27,77.0,16.6,62.0,0.0,10.2,MONITOR,100.0,Conditions optimal for Onion (Moisture: 77.0%). No immediate watering needed.,0
2026-05-26 05:51:34,76.0,16.6,62.0,0.0,10.2,MONITOR,100.0,Conditions optimal for Onion (Moisture: 76.0%). No immediate watering needed.,0
2026-05-26 05:51:41,76.0,16.6,62.0,0.0,10.2,MONITOR,100.0,Conditions optimal for Onion (Moisture: 76.0%). No immediate watering needed.,0
2026-05-26 05:51:46,77.0,16.6,62.0,0.0,10.2,MONITOR,100.0,Conditions optimal for Onion (Moisture: 77.0%). No immediate watering needed.,0
2026-05-26 05:51:54,77.0,16.6,62.0,0.0,10.2,MONITOR,100.0,Conditions optimal for Onion (Moisture: 77.0%). No immediate watering needed.,0
2026-05-26 05:51:59,77.0,16.6,62.0,0.0,10.2,MONITOR,100.0,Conditions optimal for Onion (Moisture: 77.0%). No immediate watering needed.,0
2026-05-26 05:52:04,77.0,16.6,62.0,0.0,10.2,MONITOR,100.0,Conditions optimal for Onion (Moisture: 77.0%). No immediate watering needed.,0
2026-05-26 05:52:09,76.0,16.5,62.0,0.0,10.2,MONITOR,100.0,Conditions optimal for Onion (Moisture: 76.0%). No immediate watering needed.,0
2026-05-26 05:52:17,77.0,16.5,62.0,0.0,10.2,MONITOR,100.0,Conditions optimal for Onion (Moisture: 77.0%). No immediate watering needed.,0
2026-05-26 05:52:24,77.0,16.5,62.0,0.0,10.2,MONITOR,100.0,Conditions optimal for Onion (Moisture: 77.0%). No immediate watering needed.,0
2026-05-26 05:52:29,77.0,16.5,62.0,0.0,10.2,MONITOR,100.0,Conditions optimal for Onion (Moisture: 77.0%). No immediate watering needed.,0
2026-05-26 05:52:34,77.0,16.4,62.0,0.0,10.2,MONITOR,100.0,Conditions optimal for Onion (Moisture: 77.0%). No immediate watering needed.,0
2026-05-26 05:52:40,76.0,16.3,62.0,0.0,10.2,MONITOR,100.0,Conditions optimal for Onion (Moisture: 76.0%). No immediate watering needed.,0
2026-05-26 05:52:47,77.0,16.2,63.0,0.0,10.2,MONITOR,100.0,Conditions optimal for Onion (Moisture: 77.0%). No immediate watering needed.,0
2026-05-26 05:52:54,77.0,16.2,63.0,0.0,10.2,MONITOR,100.0,Conditions optimal for Onion (Moisture: 77.0%). No immediate watering needed.,0
2026-05-26 05:53:00,77.0,16.2,63.0,0.0,10.2,MONITOR,100.0,Conditions optimal for Onion (Moisture: 77.0%). No immediate watering needed.,0
2026-05-26 05:53:05,77.0,16.2,63.0,0.0,10.2,MONITOR,100.0,Conditions optimal for Onion (Moisture: 77.0%). No immediate watering needed.,0
2026-05-26 05:53:10,77.0,16.2,63.0,0.0,10.2,MONITOR,100.0,Conditions optimal for Onion (Moisture: 77.0%). No immediate watering needed.,0
2026-05-26 05:53:15,77.0,16.2,63.0,0.0,10.2,MONITOR,100.0,Conditions optimal for Onion (Moisture: 77.0%). No immediate watering needed.,0
2026-05-26 05:53:20,77.0,16.2,63.0,0.0,10.2,MONITOR,100.0,Conditions optimal for Onion (Moisture: 77.0%). No immediate watering needed.,0
2026-05-26 05:53:26,76.0,16.2,63.0,0.0,10.2,MONITOR,100.0,Conditions optimal for Onion (Moisture: 76.0%). No immediate watering needed.,0
2026-05-26 05:53:33,77.0,16.1,62.0,0.0,10.2,MONITOR,100.0,Conditions optimal for Onion (Moisture: 77.0%). No immediate watering needed.,0
2026-05-26 05:53:40,77.0,16.1,63.0,0.0,10.2,MONITOR,100.0,Conditions optimal for Onion (Moisture: 77.0%). No immediate watering needed.,0
2026-05-26 05:53:45,77.0,16.1,63.0,0.0,10.2,MONITOR,100.0,Conditions optimal for Onion (Moisture: 77.0%). No immediate watering needed.,0
2026-05-26 05:53:51,76.0,16.1,63.0,0.0,10.2,MONITOR,100.0,Conditions optimal for Onion (Moisture: 76.0%). No immediate watering needed.,0
2026-05-26 05:53:58,76.0,16.1,63.0,0.0,10.2,MONITOR,100.0,Conditions optimal for Onion (Moisture: 76.0%). No immediate watering needed.,0
2026-05-26 05:54:03,74.0,16.1,63.0,0.0,10.2,MONITOR,100.0,Conditions optimal for Onion (Moisture: 74.0%). No immediate watering needed.,0
2026-05-26 05:54:10,77.0,16.1,63.0,0.0,10.2,MONITOR,100.0,Conditions optimal for Onion (Moisture: 77.0%). No immediate watering needed.,0
2026-05-26 05:54:18,77.0,16.1,63.0,0.0,10.2,MONITOR,100.0,Conditions optimal for Onion (Moisture: 77.0%). No immediate watering needed.,0
2026-05-26 05:54:23,78.0,16.1,63.0,0.0,10.2,MONITOR,100.0,Conditions optimal for Onion (Moisture: 78.0%). No immediate watering needed.,0
2026-05-26 05:54:30,78.0,16.1,63.0,0.0,10.2,MONITOR,100.0,Conditions optimal for Onion (Moisture: 78.0%). No immediate watering needed.,0
2026-05-26 05:54:35,76.0,16.1,63.0,0.0,10.2,MONITOR,100.0,Conditions optimal for Onion (Moisture: 76.0%). No immediate watering needed.,0
2026-05-26 05:54:42,76.0,16.1,63.0,0.0,10.2,MONITOR,100.0,Conditions optimal for Onion (Moisture: 76.0%). No immediate watering needed.,0
2026-05-26 05:54:48,75.0,16.1,63.0,0.0,10.2,MONITOR,100.0,Conditions optimal for Onion (Moisture: 75.0%). No immediate watering needed.,0
2026-05-26 05:54:55,77.0,16.1,63.0,0.0,10.2,MONITOR,100.0,Conditions optimal for Onion (Moisture: 77.0%). No immediate watering needed.,0
2026-05-26 05:55:02,76.0,16.1,63.0,0.0,10.2,MONITOR,100.0,Conditions optimal for Onion (Moisture: 76.0%). No immediate watering needed.,0
2026-05-26 05:55:10,76.0,16.1,63.0,0.0,10.2,MONITOR,100.0,Conditions optimal for Onion (Moisture: 76.0%). No immediate watering needed.,0
2026-05-26 05:55:15,75.0,16.1,63.0,0.0,10.2,MONITOR,100.0,Conditions optimal for Onion (Moisture: 75.0%). No immediate watering needed.,0
2026-05-26 05:55:22,76.0,16.1,63.0,0.0,10.2,MONITOR,100.0,Conditions optimal for Onion (Moisture: 76.0%). No immediate watering needed.,0
2026-05-26 05:55:29,77.0,16.1,63.0,0.0,10.2,MONITOR,100.0,Conditions optimal for Onion (Moisture: 77.0%). No immediate watering needed.,0
2026-05-26 05:55:37,77.0,16.1,63.0,0.0,10.2,MONITOR,100.0,Conditions optimal for Onion (Moisture: 77.0%). No immediate watering needed.,0
2026-05-26 05:55:42,77.0,16.1,63.0,0.0,10.2,MONITOR,100.0,Conditions optimal for Onion (Moisture: 77.0%). No immediate watering needed.,0
2026-05-26 05:55:47,77.0,16.1,63.0,0.0,10.2,MONITOR,100.0,Conditions optimal for Onion (Moisture: 77.0%). No immediate watering needed.,0
2026-05-26 05:55:52,77.0,16.1,63.0,0.0,10.2,MONITOR,100.0,Conditions optimal for Onion (Moisture: 77.0%). No immediate watering needed.,0
2026-05-26 05:55:57,77.0,16.1,63.0,0.0,10.2,MONITOR,100.0,Conditions optimal for Onion (Moisture: 77.0%). No immediate watering needed.,0
2026-05-26 05:56:03,77.0,16.1,63.0,0.0,10.2,MONITOR,100.0,Conditions optimal for Onion (Moisture: 77.0%). No immediate watering needed.,0
2026-05-26 05:56:08,77.0,16.1,63.0,0.0,10.2,MONITOR,100.0,Conditions optimal for Onion (Moisture: 77.0%). No immediate watering needed.,0
2026-05-26 05:56:13,77.0,16.1,63.0,0.0,10.2,MONITOR,100.0,Conditions optimal for Onion (Moisture: 77.0%). No immediate watering needed.,0
2026-05-26 05:56:18,75.0,16.1,63.0,0.0,10.2,MONITOR,100.0,Conditions optimal for Onion (Moisture: 75.0%). No immediate watering needed.,0
2026-05-26 05:56:26,77.0,16.1,63.0,0.0,10.2,MONITOR,100.0,Conditions optimal for Onion (Moisture: 77.0%). No immediate watering needed.,0
2026-05-26 05:56:33,77.0,16.1,63.0,0.0,10.2,MONITOR,100.0,Conditions optimal for Onion (Moisture: 77.0%). No immediate watering needed.,0
2026-05-26 05:56:38,76.0,16.1,63.0,0.0,10.2,MONITOR,100.0,Conditions optimal for Onion (Moisture: 76.0%). No immediate watering needed.,0
2026-05-26 05:56:45,76.0,16.1,63.0,0.0,10.2,MONITOR,100.0,Conditions optimal for Onion (Moisture: 76.0%). No immediate watering needed.,0
2026-05-26 05:56:51,77.0,16.1,62.0,0.0,10.2,MONITOR,100.0,Conditions optimal for Onion (Moisture: 77.0%). No immediate watering needed.,0
2026-05-26 05:56:58,77.0,16.1,62.0,0.0,10.2,MONITOR,100.0,Conditions optimal for Onion (Moisture: 77.0%). No immediate watering needed.,0
2026-05-26 05:57:03,77.0,16.1,62.0,0.0,10.2,MONITOR,100.0,Conditions optimal for Onion (Moisture: 77.0%). No immediate watering needed.,0
2026-05-26 05:57:08,77.0,16.1,62.0,0.0,10.2,MONITOR,100.0,Conditions optimal for Onion (Moisture: 77.0%). No immediate watering needed.,0
2026-05-26 05:57:14,77.0,16.1,62.0,0.0,10.2,MONITOR,100.0,Conditions optimal for Onion (Moisture: 77.0%). No immediate watering needed.,0
2026-05-26 05:57:19,77.0,16.1,62.0,0.0,10.2,MONITOR,100.0,Conditions optimal for Onion (Moisture: 77.0%). No immediate watering needed.,0
2026-05-26 05:57:24,75.0,16.1,62.0,0.0,10.2,MONITOR,100.0,Conditions optimal for Onion (Moisture: 75.0%). No immediate watering needed.,0
2026-05-26 05:57:31,73.0,16.1,62.0,0.0,10.2,MONITOR,100.0,Conditions optimal for Onion (Moisture: 73.0%). No immediate watering needed.,0
2026-05-26 05:57:38,76.0,16.1,63.0,0.0,10.2,MONITOR,100.0,Conditions optimal for Onion (Moisture: 76.0%). No immediate watering needed.,0
2026-05-26 05:57:46,77.0,16.1,62.0,0.0,10.2,MONITOR,100.0,Conditions optimal for Onion (Moisture: 77.0%). No immediate watering needed.,0
2026-05-26 05:57:53,77.0,16.1,63.0,0.0,10.2,MONITOR,100.0,Conditions optimal for Onion (Moisture: 77.0%). No immediate watering needed.,0
2026-05-26 05:57:58,77.0,16.1,63.0,0.0,10.2,MONITOR,100.0,Conditions optimal for Onion (Moisture: 77.0%). No immediate watering needed.,0
2026-05-26 05:58:03,77.0,16.1,63.0,0.0,10.2,MONITOR,100.0,Conditions optimal for Onion (Moisture: 77.0%). No immediate watering needed.,0
2026-05-26 05:58:09,76.0,16.1,63.0,0.0,10.2,MONITOR,100.0,Conditions optimal for Onion (Moisture: 76.0%). No immediate watering needed.,0
2026-05-26 05:58:16,76.0,16.1,63.0,0.0,10.2,MONITOR,100.0,Conditions optimal for Onion (Moisture: 76.0%). No immediate watering needed.,0
2026-05-26 05:58:21,76.0,16.1,63.0,0.0,10.2,MONITOR,100.0,Conditions optimal for Onion (Moisture: 76.0%). No immediate watering needed.,0
2026-05-26 05:58:26,76.0,16.1,63.0,0.0,10.2,MONITOR,100.0,Conditions optimal for Onion (Moisture: 76.0%). No immediate watering needed.,0
2026-05-26 05:58:32,76.0,16.1,63.0,0.0,10.2,MONITOR,100.0,Conditions optimal for Onion (Moisture: 76.0%). No immediate watering needed.,0
2026-05-26 05:58:37,77.0,16.1,63.0,0.0,10.2,MONITOR,100.0,Conditions optimal for Onion (Moisture: 77.0%). No immediate watering needed.,0
2026-05-26 05:58:44,77.0,16.1,62.0,0.0,10.2,MONITOR,100.0,Conditions optimal for Onion (Moisture: 77.0%). No immediate watering needed.,0
2026-05-26 05:58:49,77.0,16.1,63.0,0.0,10.2,MONITOR,100.0,Conditions optimal for Onion (Moisture: 77.0%). No immediate watering needed.,0
2026-05-26 05:58:55,76.0,16.1,63.0,0.0,10.2,MONITOR,100.0,Conditions optimal for Onion (Moisture: 76.0%). No immediate watering needed.,0
2026-05-26 05:59:02,75.0,16.1,63.0,0.0,10.2,MONITOR,100.0,Conditions optimal for Onion (Moisture: 75.0%). No immediate watering needed.,0
2026-05-26 05:59:09,77.0,16.1,63.0,0.0,10.2,MONITOR,100.0,Conditions optimal for Onion (Moisture: 77.0%). No immediate watering needed.,0
2026-05-26 05:59:16,77.0,16.1,63.0,0.0,10.2,MONITOR,100.0,Conditions optimal for Onion (Moisture: 77.0%). No immediate watering needed.,0
2026-05-26 05:59:22,77.0,16.1,63.0,0.0,10.2,MONITOR,100.0,Conditions optimal for Onion (Moisture: 77.0%). No immediate watering needed.,0
2026-05-26 05:59:27,76.0,16.1,63.0,0.0,10.2,MONITOR,100.0,Conditions optimal for Onion (Moisture: 76.0%). No immediate watering needed.,0
2026-05-26 05:59:34,78.0,16.1,63.0,0.0,10.2,MONITOR,100.0,Conditions optimal for Onion (Moisture: 78.0%). No immediate watering needed.,0
2026-05-26 05:59:41,77.0,16.1,63.0,0.0,10.2,MONITOR,100.0,Conditions optimal for Onion (Moisture: 77.0%). No immediate watering needed.,0
2026-05-26 05:59:49,76.0,16.1,63.0,0.0,10.2,MONITOR,100.0,Conditions optimal for Onion (Moisture: 76.0%). No immediate watering needed.,0
2026-05-26 05:59:56,75.0,16.1,63.0,0.0,10.2,MONITOR,100.0,Conditions optimal for Onion (Moisture: 75.0%). No immediate watering needed.,0
2026-05-26 06:00:03,76.0,16.1,63.0,0.0,10.2,MONITOR,100.0,Conditions optimal for Onion (Moisture: 76.0%). No immediate watering needed.,0
2026-05-26 06:00:11,76.0,16.1,63.0,0.0,10.2,MONITOR,100.0,Conditions optimal for Onion (Moisture: 76.0%). No immediate watering needed.,0
2026-05-26 06:00:16,77.0,16.1,63.0,0.0,10.2,MONITOR,100.0,Conditions optimal for Onion (Moisture: 77.0%). No immediate watering needed.,0
2026-05-26 06:00:23,77.0,16.1,63.0,0.0,10.2,MONITOR,100.0,Conditions optimal for Onion (Moisture: 77.0%). No immediate watering needed.,0
2026-05-26 06:00:28,76.0,16.1,63.0,0.0,10.2,MONITOR,100.0,Conditions optimal for Onion (Moisture: 76.0%). No immediate watering needed.,0
2026-05-26 06:00:35,76.0,16.1,63.0,0.0,10.2,MONITOR,100.0,Conditions optimal for Onion (Moisture: 76.0%). No immediate watering needed.,0
2026-05-26 06:00:41,75.0,16.1,63.0,0.0,10.2,MONITOR,100.0,Conditions optimal for Onion (Moisture: 75.0%). No immediate watering needed.,0
2026-05-26 06:00:48,77.0,16.1,63.0,0.0,10.2,MONITOR,100.0,Conditions optimal for Onion (Moisture: 77.0%). No immediate watering needed.,0
2026-05-26 06:00:55,76.0,16.1,63.0,0.0,10.2,MONITOR,100.0,Conditions optimal for Onion (Moisture: 76.0%). No immediate watering needed.,0
2026-05-26 06:01:03,77.0,16.1,63.0,0.0,10.2,MONITOR,100.0,Conditions optimal for Onion (Moisture: 77.0%). No immediate watering needed.,0
2026-05-26 06:01:10,76.0,16.1,63.0,0.0,10.2,MONITOR,100.0,Conditions optimal for Onion (Moisture: 76.0%). No immediate watering needed.,0
2026-05-26 06:01:17,76.0,16.1,63.0,0.0,10.2,MONITOR,100.0,Conditions optimal for Onion (Moisture: 76.0%). No immediate watering needed.,0
2026-05-26 06:01:22,76.0,16.1,63.0,0.0,10.2,MONITOR,100.0,Conditions optimal for Onion (Moisture: 76.0%). No immediate watering needed.,0
2026-05-26 06:01:28,76.0,16.1,63.0,0.0,10.2,MONITOR,100.0,Conditions optimal for Onion (Moisture: 76.0%). No immediate watering needed.,0
2026-05-26 06:01:33,76.0,16.1,63.0,0.0,10.2,MONITOR,100.0,Conditions optimal for Onion (Moisture: 76.0%). No immediate watering needed.,0
2026-05-26 06:01:38,77.0,16.1,63.0,0.0,10.2,MONITOR,100.0,Conditions optimal for Onion (Moisture: 77.0%). No immediate watering needed.,0
2026-05-26 06:01:45,76.0,16.1,63.0,0.0,10.2,MONITOR,100.0,Conditions optimal for Onion (Moisture: 76.0%). No immediate watering needed.,0
2026-05-26 06:01:53,77.0,16.1,63.0,0.0,10.2,MONITOR,100.0,Conditions optimal for Onion (Moisture: 77.0%). No immediate watering needed.,0
2026-05-26 06:02:00,77.0,16.1,63.0,0.0,10.2,MONITOR,100.0,Conditions optimal for Onion (Moisture: 77.0%). No immediate watering needed.,0
2026-05-26 06:02:05,77.0,16.1,63.0,0.0,10.2,MONITOR,100.0,Conditions optimal for Onion (Moisture: 77.0%). No immediate watering needed.,0
2026-05-26 06:02:10,77.0,16.1,63.0,0.0,10.2,MONITOR,100.0,Conditions optimal for Onion (Moisture: 77.0%). No immediate watering needed.,0
2026-05-26 06:02:16,77.0,16.1,63.0,0.0,10.2,MONITOR,100.0,Conditions optimal for Onion (Moisture: 77.0%). No immediate watering needed.,0
2026-05-26 06:02:21,77.0,16.1,63.0,0.0,10.2,MONITOR,100.0,Conditions optimal for Onion (Moisture: 77.0%). No immediate watering needed.,0
2026-05-26 06:02:26,77.0,16.1,63.0,0.0,10.2,MONITOR,100.0,Conditions optimal for Onion (Moisture: 77.0%). No immediate watering needed.,0
2026-05-26 06:02:31,76.0,16.1,63.0,0.0,10.2,MONITOR,100.0,Conditions optimal for Onion (Moisture: 76.0%). No immediate watering needed.,0
2026-05-26 06:02:39,77.0,16.1,63.0,0.0,10.2,MONITOR,100.0,Conditions optimal for Onion (Moisture: 77.0%). No immediate watering needed.,0
2026-05-26 06:02:46,76.0,16.1,63.0,0.0,10.2,MONITOR,100.0,Conditions optimal for Onion (Moisture: 76.0%). No immediate watering needed.,0
2026-05-26 06:02:53,76.0,16.1,63.0,0.0,10.2,MONITOR,100.0,Conditions optimal for Onion (Moisture: 76.0%). No immediate watering needed.,0
2026-05-26 06:02:58,76.0,16.1,63.0,0.0,10.2,MONITOR,100.0,Conditions optimal for Onion (Moisture: 76.0%). No immediate watering needed.,0
2026-05-26 06:03:04,77.0,16.1,63.0,0.0,10.2,MONITOR,100.0,Conditions optimal for Onion (Moisture: 77.0%). No immediate watering needed.,0
2026-05-26 06:03:11,77.0,16.1,63.0,0.0,10.2,MONITOR,100.0,Conditions optimal for Onion (Moisture: 77.0%). No immediate watering needed.,0
2026-05-26 06:03:16,76.0,16.1,63.0,0.0,10.2,MONITOR,100.0,Conditions optimal for Onion (Moisture: 76.0%). No immediate watering needed.,0
2026-05-26 06:03:23,76.0,16.1,63.0,0.0,10.2,MONITOR,100.0,Conditions optimal for Onion (Moisture: 76.0%). No immediate watering needed.,0
2026-05-26 06:03:29,76.0,16.1,63.0,0.0,10.2,MONITOR,100.0,Conditions optimal for Onion (Moisture: 76.0%). No immediate watering needed.,0
2026-05-26 06:03:34,76.0,16.1,63.0,0.0,10.2,MONITOR,100.0,Conditions optimal for Onion (Moisture: 76.0%). No immediate watering needed.,0
2026-05-26 06:03:39,78.0,16.1,63.0,0.0,10.2,MONITOR,100.0,Conditions optimal for Onion (Moisture: 78.0%). No immediate watering needed.,0
2026-05-26 06:03:46,77.0,16.1,63.0,0.0,10.2,MONITOR,100.0,Conditions optimal for Onion (Moisture: 77.0%). No immediate watering needed.,0
2026-05-26 06:03:53,76.0,16.1,63.0,0.0,10.2,MONITOR,100.0,Conditions optimal for Onion (Moisture: 76.0%). No immediate watering needed.,0
2026-05-26 06:04:01,76.0,16.1,63.0,0.0,10.2,MONITOR,100.0,Conditions optimal for Onion (Moisture: 76.0%). No immediate watering needed.,0
2026-05-26 06:04:06,76.0,16.1,63.0,0.0,10.2,MONITOR,100.0,Conditions optimal for Onion (Moisture: 76.0%). No immediate watering needed.,0
2026-05-26 06:04:11,77.0,16.1,63.0,0.0,10.2,MONITOR,100.0,Conditions optimal for Onion (Moisture: 77.0%). No immediate watering needed.,0
2026-05-26 06:04:18,76.0,16.1,63.0,0.0,10.2,MONITOR,100.0,Conditions optimal for Onion (Moisture: 76.0%). No immediate watering needed.,0
2026-05-26 06:04:26,77.0,16.1,63.0,0.0,10.2,MONITOR,100.0,Conditions optimal for Onion (Moisture: 77.0%). No immediate watering needed.,0
2026-05-26 06:04:33,76.0,16.1,63.0,0.0,10.2,MONITOR,100.0,Conditions optimal for Onion (Moisture: 76.0%). No immediate watering needed.,0
2026-05-26 06:04:40,77.0,16.1,63.0,0.0,10.2,MONITOR,100.0,Conditions optimal for Onion (Moisture: 77.0%). No immediate watering needed.,0
2026-05-26 06:04:48,77.0,16.1,63.0,0.0,10.2,MONITOR,100.0,Conditions optimal for Onion (Moisture: 77.0%). No immediate watering needed.,0
2026-05-26 06:04:53,76.0,16.1,63.0,0.0,10.2,MONITOR,100.0,Conditions optimal for Onion (Moisture: 76.0%). No immediate watering needed.,0
2026-05-26 06:05:00,76.0,16.1,63.0,0.0,10.2,MONITOR,100.0,Conditions optimal for Onion (Moisture: 76.0%). No immediate watering needed.,0
2026-05-26 06:05:05,77.0,16.1,63.0,0.0,10.2,MONITOR,100.0,Conditions optimal for Onion (Moisture: 77.0%). No immediate watering needed.,0
2026-05-26 06:05:13,75.0,16.1,63.0,0.0,10.2,MONITOR,100.0,Conditions optimal for Onion (Moisture: 75.0%). No immediate watering needed.,0
2026-05-26 06:05:20,76.0,16.1,63.0,0.0,10.2,MONITOR,100.0,Conditions optimal for Onion (Moisture: 76.0%). No immediate watering needed.,0
2026-05-26 06:05:27,76.0,16.1,63.0,0.0,10.2,MONITOR,100.0,Conditions optimal for Onion (Moisture: 76.0%). No immediate watering needed.,0
2026-05-26 06:05:32,77.0,16.1,63.0,0.0,10.2,MONITOR,100.0,Conditions optimal for Onion (Moisture: 77.0%). No immediate watering needed.,0
2026-05-26 06:05:40,77.0,16.1,63.0,0.0,10.2,MONITOR,100.0,Conditions optimal for Onion (Moisture: 77.0%). No immediate watering needed.,0
2026-05-26 06:05:45,76.0,16.1,63.0,0.0,10.2,MONITOR,100.0,Conditions optimal for Onion (Moisture: 76.0%). No immediate watering needed.,0
2026-05-26 06:05:52,75.0,16.1,63.0,0.0,10.2,MONITOR,100.0,Conditions optimal for Onion (Moisture: 75.0%). No immediate watering needed.,0
2026-05-26 06:05:59,76.0,16.1,63.0,0.0,10.2,MONITOR,100.0,Conditions optimal for Onion (Moisture: 76.0%). No immediate watering needed.,0
2026-05-26 06:06:07,74.0,16.1,63.0,0.0,10.2,MONITOR,100.0,Conditions optimal for Onion (Moisture: 74.0%). No immediate watering needed.,0
2026-05-26 06:06:14,76.0,16.1,63.0,0.0,10.2,MONITOR,100.0,Conditions optimal for Onion (Moisture: 76.0%). No immediate watering needed.,0
2026-05-26 06:06:21,77.0,16.1,63.0,0.0,10.2,MONITOR,100.0,Conditions optimal for Onion (Moisture: 77.0%). No immediate watering needed.,0
2026-05-26 06:06:28,77.0,16.1,63.0,0.0,10.2,MONITOR,100.0,Conditions optimal for Onion (Moisture: 77.0%). No immediate watering needed.,0
2026-05-26 06:06:34,78.0,16.1,63.0,0.0,10.2,MONITOR,100.0,Conditions optimal for Onion (Moisture: 78.0%). No immediate watering needed.,0
2026-05-26 06:06:41,76.0,16.1,63.0,0.0,10.2,MONITOR,100.0,Conditions optimal for Onion (Moisture: 76.0%). No immediate watering needed.,0
2026-05-26 06:06:48,77.0,16.1,63.0,0.0,10.2,MONITOR,100.0,Conditions optimal for Onion (Moisture: 77.0%). No immediate watering needed.,0
2026-05-26 06:06:55,77.0,16.2,63.0,0.0,10.2,MONITOR,100.0,Conditions optimal for Onion (Moisture: 77.0%). No immediate watering needed.,0
2026-05-26 06:07:01,75.0,16.2,63.0,0.0,10.2,MONITOR,100.0,Conditions optimal for Onion (Moisture: 75.0%). No immediate watering needed.,0
2026-05-26 06:07:08,78.0,16.2,63.0,0.0,10.2,MONITOR,100.0,Conditions optimal for Onion (Moisture: 78.0%). No immediate watering needed.,0
2026-05-26 06:07:15,75.0,16.2,63.0,0.0,10.2,MONITOR,100.0,Conditions optimal for Onion (Moisture: 75.0%). No immediate watering needed.,0
2026-05-26 06:07:22,77.0,16.4,63.0,0.0,10.2,MONITOR,100.0,Conditions optimal for Onion (Moisture: 77.0%). No immediate watering needed.,0
2026-05-26 06:07:30,76.0,16.5,63.0,0.0,10.2,MONITOR,100.0,Conditions optimal for Onion (Moisture: 76.0%). No immediate watering needed.,0
2026-05-26 06:07:37,76.0,16.6,63.0,0.0,10.2,MONITOR,100.0,Conditions optimal for Onion (Moisture: 76.0%). No immediate watering needed.,0
2026-05-26 06:07:42,77.0,16.6,63.0,0.0,10.2,MONITOR,100.0,Conditions optimal for Onion (Moisture: 77.0%). No immediate watering needed.,0
2026-05-26 06:07:49,76.0,16.6,63.0,0.0,10.2,MONITOR,100.0,Conditions optimal for Onion (Moisture: 76.0%). No immediate watering needed.,0
2026-05-26 06:07:57,77.0,16.6,63.0,0.0,10.2,MONITOR,100.0,Conditions optimal for Onion (Moisture: 77.0%). No immediate watering needed.,0
2026-05-26 06:08:04,76.0,16.6,63.0,0.0,10.2,MONITOR,100.0,Conditions optimal for Onion (Moisture: 76.0%). No immediate watering needed.,0
2026-05-26 06:08:11,76.0,16.6,63.0,0.0,10.2,MONITOR,100.0,Conditions optimal for Onion (Moisture: 76.0%). No immediate watering needed.,0
2026-05-26 06:08:17,76.0,16.6,63.0,0.0,10.2,MONITOR,100.0,Conditions optimal for Onion (Moisture: 76.0%). No immediate watering needed.,0
2026-05-26 06:08:22,75.0,16.6,63.0,0.0,10.2,MONITOR,100.0,Conditions optimal for Onion (Moisture: 75.0%). No immediate watering needed.,0
2026-05-26 06:08:29,76.0,16.6,63.0,0.0,10.2,MONITOR,100.0,Conditions optimal for Onion (Moisture: 76.0%). No immediate watering needed.,0
2026-05-26 06:08:36,76.0,16.6,63.0,0.0,10.2,MONITOR,100.0,Conditions optimal for Onion (Moisture: 76.0%). No immediate watering needed.,0
2026-05-26 06:08:42,77.0,16.6,63.0,0.0,10.2,MONITOR,100.0,Conditions optimal for Onion (Moisture: 77.0%). No immediate watering needed.,0
2026-05-26 06:08:49,76.0,16.6,63.0,0.0,10.2,MONITOR,100.0,Conditions optimal for Onion (Moisture: 76.0%). No immediate watering needed.,0
2026-05-26 06:08:56,76.0,16.6,63.0,0.0,10.2,MONITOR,100.0,Conditions optimal for Onion (Moisture: 76.0%). No immediate watering needed.,0
2026-05-26 06:09:01,77.0,16.6,63.0,0.0,10.2,MONITOR,100.0,Conditions optimal for Onion (Moisture: 77.0%). No immediate watering needed.,0
2026-05-26 06:09:09,77.0,16.6,63.0,0.0,10.2,MONITOR,100.0,Conditions optimal for Onion (Moisture: 77.0%). No immediate watering needed.,0
2026-05-26 06:09:14,77.0,16.6,63.0,0.0,10.2,MONITOR,100.0,Conditions optimal for Onion (Moisture: 77.0%). No immediate watering needed.,0
2026-05-26 06:09:19,76.0,16.6,63.0,0.0,10.2,MONITOR,100.0,Conditions optimal for Onion (Moisture: 76.0%). No immediate watering needed.,0
2026-05-26 06:09:26,77.0,16.6,63.0,0.0,10.2,MONITOR,100.0,Conditions optimal for Onion (Moisture: 77.0%). No immediate watering needed.,0
2026-05-26 06:09:34,76.0,16.6,63.0,0.0,10.2,MONITOR,100.0,Conditions optimal for Onion (Moisture: 76.0%). No immediate watering needed.,0
2026-05-26 06:09:41,75.0,16.6,63.0,0.0,10.2,MONITOR,100.0,Conditions optimal for Onion (Moisture: 75.0%). No immediate watering needed.,0
2026-05-26 06:09:48,75.0,16.6,63.0,0.0,10.2,MONITOR,100.0,Conditions optimal for Onion (Moisture: 75.0%). No immediate watering needed.,0
2026-05-26 06:09:53,77.0,16.6,63.0,0.0,10.2,MONITOR,100.0,Conditions optimal for Onion (Moisture: 77.0%). No immediate watering needed.,0
2026-05-26 06:10:01,76.0,16.6,63.0,0.0,10.2,MONITOR,100.0,Conditions optimal for Onion (Moisture: 76.0%). No immediate watering needed.,0
2026-05-26 06:10:08,77.0,16.6,63.0,0.0,10.2,MONITOR,100.0,Conditions optimal for Onion (Moisture: 77.0%). No immediate watering needed.,0
2026-05-26 06:10:15,77.0,16.6,63.0,0.0,10.2,MONITOR,100.0,Conditions optimal for Onion (Moisture: 77.0%). No immediate watering needed.,0
2026-05-26 06:10:20,78.0,16.6,63.0,0.0,10.2,MONITOR,100.0,Conditions optimal for Onion (Moisture: 78.0%). No immediate watering needed.,0
2026-05-26 06:10:28,77.0,16.6,63.0,0.0,10.2,MONITOR,100.0,Conditions optimal for Onion (Moisture: 77.0%). No immediate watering needed.,0
2026-05-26 06:10:35,76.0,16.6,63.0,0.0,10.2,MONITOR,100.0,Conditions optimal for Onion (Moisture: 76.0%). No immediate watering needed.,0
2026-05-26 06:10:42,77.0,16.6,63.0,0.0,10.2,MONITOR,100.0,Conditions optimal for Onion (Moisture: 77.0%). No immediate watering needed.,0
2026-05-26 06:10:50,76.0,16.6,63.0,0.0,10.2,MONITOR,100.0,Conditions optimal for Onion (Moisture: 76.0%). No immediate watering needed.,0
2026-05-26 06:10:57,77.0,16.6,63.0,0.0,10.2,MONITOR,100.0,Conditions optimal for Onion (Moisture: 77.0%). No immediate watering needed.,0
2026-05-26 06:11:04,76.0,16.6,63.0,0.0,10.2,MONITOR,100.0,Conditions optimal for Onion (Moisture: 76.0%). No immediate watering needed.,0
2026-05-26 06:11:11,75.0,16.6,63.0,0.0,10.2,MONITOR,100.0,Conditions optimal for Onion (Moisture: 75.0%). No immediate watering needed.,0
2026-05-26 06:11:19,76.0,16.6,63.0,0.0,10.2,MONITOR,100.0,Conditions optimal for Onion (Moisture: 76.0%). No immediate watering needed.,0
2026-05-26 06:11:26,77.0,16.6,63.0,0.0,10.2,MONITOR,100.0,Conditions optimal for Onion (Moisture: 77.0%). No immediate watering needed.,0
2026-05-26 06:11:33,77.0,16.6,63.0,0.0,10.2,MONITOR,100.0,Conditions optimal for Onion (Moisture: 77.0%). No immediate watering needed.,0
2026-05-26 06:11:38,76.0,16.6,63.0,0.0,10.2,MONITOR,100.0,Conditions optimal for Onion (Moisture: 76.0%). No immediate watering needed.,0
2026-05-26 06:11:46,76.0,16.6,63.0,0.0,10.2,MONITOR,100.0,Conditions optimal for Onion (Moisture: 76.0%). No immediate watering needed.,0
2026-05-26 06:11:51,77.0,16.6,63.0,0.0,10.2,MONITOR,100.0,Conditions optimal for Onion (Moisture: 77.0%). No immediate watering needed.,0
2026-05-26 06:11:58,76.0,16.6,63.0,0.0,10.2,MONITOR,100.0,Conditions optimal for Onion (Moisture: 76.0%). No immediate watering needed.,0
2026-05-26 06:12:05,76.0,16.6,63.0,0.0,10.2,MONITOR,100.0,Conditions optimal for Onion (Moisture: 76.0%). No immediate watering needed.,0
2026-05-26 06:12:11,76.0,16.6,63.0,0.0,10.2,MONITOR,100.0,Conditions optimal for Onion (Moisture: 76.0%). No immediate watering needed.,0
2026-05-26 06:12:16,76.0,16.6,63.0,0.0,10.2,MONITOR,100.0,Conditions optimal for Onion (Moisture: 76.0%). No immediate watering needed.,0
2026-05-26 06:12:21,76.0,16.6,63.0,0.0,10.2,MONITOR,100.0,Conditions optimal for Onion (Moisture: 76.0%). No immediate watering needed.,0
2026-05-26 06:12:26,77.0,16.6,63.0,0.0,10.2,MONITOR,100.0,Conditions optimal for Onion (Moisture: 77.0%). No immediate watering needed.,0
2026-05-26 06:12:33,77.0,16.6,63.0,0.0,10.2,MONITOR,100.0,Conditions optimal for Onion (Moisture: 77.0%). No immediate watering needed.,0
2026-05-26 06:12:39,76.0,16.6,63.0,0.0,10.2,MONITOR,100.0,Conditions optimal for Onion (Moisture: 76.0%). No immediate watering needed.,0
2026-05-26 06:12:46,77.0,16.6,63.0,0.0,10.2,MONITOR,100.0,Conditions optimal for Onion (Moisture: 77.0%). No immediate watering needed.,0
2026-05-26 06:12:53,77.0,16.6,63.0,0.0,10.2,MONITOR,100.0,Conditions optimal for Onion (Moisture: 77.0%). No immediate watering needed.,0
2026-05-26 06:12:58,75.0,16.6,63.0,0.0,10.2,MONITOR,100.0,Conditions optimal for Onion (Moisture: 75.0%). No immediate watering needed.,0
2026-05-26 06:13:06,76.0,16.6,63.0,0.0,10.2,MONITOR,100.0,Conditions optimal for Onion (Moisture: 76.0%). No immediate watering needed.,0
2026-05-26 06:13:13,77.0,16.6,63.0,0.0,10.2,MONITOR,100.0,Conditions optimal for Onion (Moisture: 77.0%). No immediate watering needed.,0
2026-05-26 06:13:20,76.0,16.6,63.0,0.0,10.2,MONITOR,100.0,Conditions optimal for Onion (Moisture: 76.0%). No immediate watering needed.,0
2026-05-26 06:13:27,76.0,16.6,63.0,0.0,10.2,MONITOR,100.0,Conditions optimal for Onion (Moisture: 76.0%). No immediate watering needed.,0
2026-05-26 06:13:33,76.0,16.6,63.0,0.0,10.2,MONITOR,100.0,Conditions optimal for Onion (Moisture: 76.0%). No immediate watering needed.,0
2026-05-26 06:13:38,76.0,16.6,63.0,0.0,10.2,MONITOR,100.0,Conditions optimal for Onion (Moisture: 76.0%). No immediate watering needed.,0
2026-05-26 06:13:43,76.0,16.6,63.0,0.0,10.2,MONITOR,100.0,Conditions optimal for Onion (Moisture: 76.0%). No immediate watering needed.,0
2026-05-26 06:13:48,77.0,16.6,63.0,0.0,10.2,MONITOR,100.0,Conditions optimal for Onion (Moisture: 77.0%). No immediate watering needed.,0
2026-05-26 06:13:56,76.0,16.6,63.0,0.0,10.2,MONITOR,100.0,Conditions optimal for Onion (Moisture: 76.0%). No immediate watering needed.,0
2026-05-26 06:14:03,76.0,16.6,63.0,0.0,10.2,MONITOR,100.0,Conditions optimal for Onion (Moisture: 76.0%). No immediate watering needed.,0
2026-05-26 06:14:08,75.0,16.6,63.0,0.0,10.2,MONITOR,100.0,Conditions optimal for Onion (Moisture: 75.0%). No immediate watering needed.,0
2026-05-26 06:14:15,77.0,16.6,63.0,0.0,10.2,MONITOR,100.0,Conditions optimal for Onion (Moisture: 77.0%). No immediate watering needed.,0
2026-05-26 06:14:23,76.0,16.6,63.0,0.0,10.2,MONITOR,100.0,Conditions optimal for Onion (Moisture: 76.0%). No immediate watering needed.,0
2026-05-26 06:14:30,76.0,16.6,63.0,0.0,10.2,MONITOR,100.0,Conditions optimal for Onion (Moisture: 76.0%). No immediate watering needed.,0
2026-05-26 06:14:35,77.0,16.6,63.0,0.0,10.2,MONITOR,100.0,Conditions optimal for Onion (Moisture: 77.0%). No immediate watering needed.,0
2026-05-26 06:14:42,75.0,16.6,63.0,0.0,10.2,MONITOR,100.0,Conditions optimal for Onion (Moisture: 75.0%). No immediate watering needed.,0
2026-05-26 06:14:50,77.0,16.6,63.0,0.0,10.2,MONITOR,100.0,Conditions optimal for Onion (Moisture: 77.0%). No immediate watering needed.,0
2026-05-26 06:14:57,77.0,16.6,63.0,0.0,10.2,MONITOR,100.0,Conditions optimal for Onion (Moisture: 77.0%). No immediate watering needed.,0
2026-05-26 06:15:02,77.0,16.6,63.0,0.0,10.2,MONITOR,100.0,Conditions optimal for Onion (Moisture: 77.0%). No immediate watering needed.,0
2026-05-26 06:15:07,75.0,16.6,63.0,0.0,10.2,MONITOR,100.0,Conditions optimal for Onion (Moisture: 75.0%). No immediate watering needed.,0
2026-05-26 06:15:15,76.0,16.6,63.0,0.0,10.2,MONITOR,100.0,Conditions optimal for Onion (Moisture: 76.0%). No immediate watering needed.,0
2026-05-26 06:15:22,76.0,16.6,63.0,0.0,10.2,MONITOR,100.0,Conditions optimal for Onion (Moisture: 76.0%). No immediate watering needed.,0
2026-05-26 06:15:27,76.0,16.6,63.0,0.0,10.2,MONITOR,100.0,Conditions optimal for Onion (Moisture: 76.0%). No immediate watering needed.,0
2026-05-26 06:15:32,76.0,16.6,63.0,0.0,10.2,MONITOR,100.0,Conditions optimal for Onion (Moisture: 76.0%). No immediate watering needed.,0
2026-05-26 06:15:38,76.0,16.6,63.0,0.0,10.2,MONITOR,100.0,Conditions optimal for Onion (Moisture: 76.0%). No immediate watering needed.,0
2026-05-26 06:15:43,76.0,16.6,63.0,0.0,10.2,MONITOR,100.0,Conditions optimal for Onion (Moisture: 76.0%). No immediate watering needed.,0
2026-05-26 06:15:48,77.0,16.6,63.0,0.0,10.2,MONITOR,100.0,Conditions optimal for Onion (Moisture: 77.0%). No immediate watering needed.,0
2026-05-26 06:15:55,76.0,16.6,63.0,0.0,10.2,MONITOR,100.0,Conditions optimal for Onion (Moisture: 76.0%). No immediate watering needed.,0
2026-05-26 06:16:03,76.0,16.6,63.0,0.0,10.2,MONITOR,100.0,Conditions optimal for Onion (Moisture: 76.0%). No immediate watering needed.,0
2026-05-26 06:16:08,76.0,16.6,63.0,0.0,10.2,MONITOR,100.0,Conditions optimal for Onion (Moisture: 76.0%). No immediate watering needed.,0
2026-05-26 06:16:13,78.0,16.6,63.0,0.0,10.2,MONITOR,100.0,Conditions optimal for Onion (Moisture: 78.0%). No immediate watering needed.,0
2026-05-26 06:16:20,77.0,16.6,63.0,0.0,10.2,MONITOR,100.0,Conditions optimal for Onion (Moisture: 77.0%). No immediate watering needed.,0
2026-05-26 06:16:28,75.0,16.6,63.0,0.0,10.2,MONITOR,100.0,Conditions optimal for Onion (Moisture: 75.0%). No immediate watering needed.,0
2026-05-26 06:16:35,77.0,16.6,63.0,0.0,10.2,MONITOR,100.0,Conditions optimal for Onion (Moisture: 77.0%). No immediate watering needed.,0
2026-05-26 06:16:42,77.0,16.6,63.0,0.0,10.2,MONITOR,100.0,Conditions optimal for Onion (Moisture: 77.0%). No immediate watering needed.,0
2026-05-26 06:16:47,76.0,16.6,63.0,0.0,10.2,MONITOR,100.0,Conditions optimal for Onion (Moisture: 76.0%). No immediate watering needed.,0
2026-05-26 06:16:55,77.0,16.6,63.0,0.0,10.2,MONITOR,100.0,Conditions optimal for Onion (Moisture: 77.0%). No immediate watering needed.,0
2026-05-26 06:17:02,76.0,16.6,63.0,0.0,10.2,MONITOR,100.0,Conditions optimal for Onion (Moisture: 76.0%). No immediate watering needed.,0
2026-05-26 06:17:09,75.0,16.6,63.0,0.0,10.2,MONITOR,100.0,Conditions optimal for Onion (Moisture: 75.0%). No immediate watering needed.,0
2026-05-26 06:17:16,75.0,16.6,63.0,0.0,10.2,MONITOR,100.0,Conditions optimal for Onion (Moisture: 75.0%). No immediate watering needed.,0
2026-05-26 06:17:22,76.0,16.6,63.0,0.0,10.2,MONITOR,100.0,Conditions optimal for Onion (Moisture: 76.0%). No immediate watering needed.,0
2026-05-26 06:17:29,76.0,16.6,63.0,0.0,10.2,MONITOR,100.0,Conditions optimal for Onion (Moisture: 76.0%). No immediate watering needed.,0
2026-05-26 06:17:34,77.0,16.6,63.0,0.0,10.2,MONITOR,100.0,Conditions optimal for Onion (Moisture: 77.0%). No immediate watering needed.,0
2026-05-26 06:17:41,76.0,16.6,63.0,0.0,10.2,MONITOR,100.0,Conditions optimal for Onion (Moisture: 76.0%). No immediate watering needed.,0
2026-05-26 06:17:49,77.0,16.6,63.0,0.0,10.2,MONITOR,100.0,Conditions optimal for Onion (Moisture: 77.0%). No immediate watering needed.,0
2026-05-26 06:17:56,76.0,16.6,63.0,0.0,10.2,MONITOR,100.0,Conditions optimal for Onion (Moisture: 76.0%). No immediate watering needed.,0
2026-05-26 06:18:03,77.0,16.6,63.0,0.0,10.2,MONITOR,100.0,Conditions optimal for Onion (Moisture: 77.0%). No immediate watering needed.,0
2026-05-26 06:18:11,77.0,16.6,63.0,0.0,10.2,MONITOR,100.0,Conditions optimal for Onion (Moisture: 77.0%). No immediate watering needed.,0
2026-05-26 06:18:16,76.0,16.6,63.0,0.0,10.2,MONITOR,100.0,Conditions optimal for Onion (Moisture: 76.0%). No immediate watering needed.,0
2026-05-26 06:18:23,78.0,16.6,63.0,0.0,10.2,MONITOR,100.0,Conditions optimal for Onion (Moisture: 78.0%). No immediate watering needed.,0
2026-05-26 06:18:30,76.0,16.6,63.0,0.0,10.2,MONITOR,100.0,Conditions optimal for Onion (Moisture: 76.0%). No immediate watering needed.,0
2026-05-26 06:18:38,77.0,16.6,63.0,0.0,10.2,MONITOR,100.0,Conditions optimal for Onion (Moisture: 77.0%). No immediate watering needed.,0
2026-05-26 06:18:45,76.0,16.5,63.0,0.0,10.2,MONITOR,100.0,Conditions optimal for Onion (Moisture: 76.0%). No immediate watering needed.,0
2026-05-26 06:18:52,77.0,16.4,63.0,0.0,10.2,MONITOR,100.0,Conditions optimal for Onion (Moisture: 77.0%). No immediate watering needed.,0
2026-05-26 06:18:59,77.0,16.2,63.0,0.0,10.2,MONITOR,100.0,Conditions optimal for Onion (Moisture: 77.0%). No immediate watering needed.,0
2026-05-26 06:19:05,76.0,16.2,63.0,0.0,10.2,MONITOR,100.0,Conditions optimal for Onion (Moisture: 76.0%). No immediate watering needed.,0
2026-05-26 06:19:12,76.0,16.2,63.0,0.0,10.2,MONITOR,100.0,Conditions optimal for Onion (Moisture: 76.0%). No immediate watering needed.,0
2026-05-26 06:19:17,76.0,16.2,63.0,0.0,10.2,MONITOR,100.0,Conditions optimal for Onion (Moisture: 76.0%). No immediate watering needed.,0
2026-05-26 06:19:22,76.0,16.2,63.0,0.0,10.2,MONITOR,100.0,Conditions optimal for Onion (Moisture: 76.0%). No immediate watering needed.,0
2026-05-26 06:19:28,76.0,16.2,63.0,0.0,10.2,MONITOR,100.0,Conditions optimal for Onion (Moisture: 76.0%). No immediate watering needed.,0
2026-05-26 06:19:33,77.0,16.1,63.0,0.0,10.2,MONITOR,100.0,Conditions optimal for Onion (Moisture: 77.0%). No immediate watering needed.,0
2026-05-26 06:19:40,76.0,16.1,63.0,0.0,10.2,MONITOR,100.0,Conditions optimal for Onion (Moisture: 76.0%). No immediate watering needed.,0
2026-05-26 06:19:47,77.0,16.1,63.0,0.0,10.2,MONITOR,100.0,Conditions optimal for Onion (Moisture: 77.0%). No immediate watering needed.,0
2026-05-26 06:19:55,76.0,16.1,63.0,0.0,10.2,MONITOR,100.0,Conditions optimal for Onion (Moisture: 76.0%). No immediate watering needed.,0
2026-05-26 06:20:02,75.0,16.1,63.0,0.0,10.2,MONITOR,100.0,Conditions optimal for Onion (Moisture: 75.0%). No immediate watering needed.,0
2026-05-26 06:20:09,77.0,16.1,63.0,0.0,10.2,MONITOR,100.0,Conditions optimal for Onion (Moisture: 77.0%). No immediate watering needed.,0
2026-05-26 06:20:17,76.0,16.1,63.0,0.0,10.2,MONITOR,100.0,Conditions optimal for Onion (Moisture: 76.0%). No immediate watering needed.,0
2026-05-26 06:20:24,75.0,16.1,63.0,0.0,10.2,MONITOR,100.0,Conditions optimal for Onion (Moisture: 75.0%). No immediate watering needed.,0
2026-05-26 06:20:31,74.0,16.1,63.0,0.0,10.2,MONITOR,100.0,Conditions optimal for Onion (Moisture: 74.0%). No immediate watering needed.,0
2026-05-26 06:20:38,77.0,16.1,63.0,0.0,10.2,MONITOR,100.0,Conditions optimal for Onion (Moisture: 77.0%). No immediate watering needed.,0
2026-05-26 06:20:46,76.0,16.1,63.0,0.0,10.2,MONITOR,100.0,Conditions optimal for Onion (Moisture: 76.0%). No immediate watering needed.,0
2026-05-26 06:20:53,77.0,16.1,63.0,0.0,10.2,MONITOR,100.0,Conditions optimal for Onion (Moisture: 77.0%). No immediate watering needed.,0
2026-05-26 06:21:00,75.0,16.1,63.0,0.0,10.2,MONITOR,100.0,Conditions optimal for Onion (Moisture: 75.0%). No immediate watering needed.,0
2026-05-26 06:21:08,76.0,16.1,63.0,0.0,10.2,MONITOR,100.0,Conditions optimal for Onion (Moisture: 76.0%). No immediate watering needed.,0
2026-05-26 06:21:15,76.0,16.1,63.0,0.0,10.2,MONITOR,100.0,Conditions optimal for Onion (Moisture: 76.0%). No immediate watering needed.,0
2026-05-26 06:21:20,77.0,16.1,63.0,0.0,10.2,MONITOR,100.0,Conditions optimal for Onion (Moisture: 77.0%). No immediate watering needed.,0
2026-05-26 06:21:27,76.0,16.1,63.0,0.0,10.2,MONITOR,100.0,Conditions optimal for Onion (Moisture: 76.0%). No immediate watering needed.,0
2026-05-26 06:21:35,76.0,16.1,63.0,0.0,10.2,MONITOR,100.0,Conditions optimal for Onion (Moisture: 76.0%). No immediate watering needed.,0
2026-05-26 06:21:40,77.0,16.1,63.0,0.0,10.2,MONITOR,100.0,Conditions optimal for Onion (Moisture: 77.0%). No immediate watering needed.,0
2026-05-26 06:21:47,76.0,16.1,63.0,0.0,10.2,MONITOR,100.0,Conditions optimal for Onion (Moisture: 76.0%). No immediate watering needed.,0
2026-05-26 06:21:54,77.0,16.1,63.0,0.0,10.2,MONITOR,100.0,Conditions optimal for Onion (Moisture: 77.0%). No immediate watering needed.,0
2026-05-26 06:22:02,76.0,16.1,63.0,0.0,10.2,MONITOR,100.0,Conditions optimal for Onion (Moisture: 76.0%). No immediate watering needed.,0
2026-05-26 06:22:09,76.0,16.1,63.0,0.0,10.2,MONITOR,100.0,Conditions optimal for Onion (Moisture: 76.0%). No immediate watering needed.,0
2026-05-26 06:22:14,76.0,16.1,63.0,0.0,10.2,MONITOR,100.0,Conditions optimal for Onion (Moisture: 76.0%). No immediate watering needed.,0
2026-05-26 06:22:20,76.0,16.1,63.0,0.0,10.2,MONITOR,100.0,Conditions optimal for Onion (Moisture: 76.0%). No immediate watering needed.,0
2026-05-26 06:22:25,76.0,16.1,63.0,0.0,10.2,MONITOR,100.0,Conditions optimal for Onion (Moisture: 76.0%). No immediate watering needed.,0
2026-05-26 06:22:30,76.0,16.1,63.0,0.0,10.2,MONITOR,100.0,Conditions optimal for Onion (Moisture: 76.0%). No immediate watering needed.,0
2026-05-26 06:22:35,76.0,16.1,63.0,0.0,10.2,MONITOR,100.0,Conditions optimal for Onion (Moisture: 76.0%). No immediate watering needed.,0
2026-05-26 06:22:40,76.0,16.1,63.0,0.0,10.2,MONITOR,100.0,Conditions optimal for Onion (Moisture: 76.0%). No immediate watering needed.,0
2026-05-26 06:22:46,76.0,16.1,63.0,0.0,10.2,MONITOR,100.0,Conditions optimal for Onion (Moisture: 76.0%). No immediate watering needed.,0
2026-05-26 06:22:51,76.0,16.1,63.0,0.0,10.2,MONITOR,100.0,Conditions optimal for Onion (Moisture: 76.0%). No immediate watering needed.,0
2026-05-26 06:22:56,76.0,16.1,63.0,0.0,10.2,MONITOR,100.0,Conditions optimal for Onion (Moisture: 76.0%). No immediate watering needed.,0
2026-05-26 06:23:01,76.0,16.1,63.0,0.0,10.2,MONITOR,100.0,Conditions optimal for Onion (Moisture: 76.0%). No immediate watering needed.,0
2026-05-26 06:23:07,77.0,16.1,63.0,0.0,10.2,MONITOR,100.0,Conditions optimal for Onion (Moisture: 77.0%). No immediate watering needed.,0
2026-05-26 06:23:14,76.0,16.1,63.0,0.0,10.2,MONITOR,100.0,Conditions optimal for Onion (Moisture: 76.0%). No immediate watering needed.,0
2026-05-26 06:23:21,76.0,16.1,63.0,0.0,10.2,MONITOR,100.0,Conditions optimal for Onion (Moisture: 76.0%). No immediate watering needed.,0
2026-05-26 06:23:26,76.0,16.1,63.0,0.0,10.2,MONITOR,100.0,Conditions optimal for Onion (Moisture: 76.0%). No immediate watering needed.,0
2026-05-26 06:23:32,76.0,16.1,63.0,0.0,10.2,MONITOR,100.0,Conditions optimal for Onion (Moisture: 76.0%). No immediate watering needed.,0
2026-05-26 06:23:37,76.0,16.1,63.0,0.0,10.2,MONITOR,100.0,Conditions optimal for Onion (Moisture: 76.0%). No immediate watering needed.,0
2026-05-26 06:23:42,76.0,16.1,63.0,0.0,10.2,MONITOR,100.0,Conditions optimal for Onion (Moisture: 76.0%). No immediate watering needed.,0
2026-05-26 06:23:47,76.0,16.1,63.0,0.0,10.2,MONITOR,100.0,Conditions optimal for Onion (Moisture: 76.0%). No immediate watering needed.,0
2026-05-26 06:23:53,76.0,16.1,63.0,0.0,10.2,MONITOR,100.0,Conditions optimal for Onion (Moisture: 76.0%). No immediate watering needed.,0
2026-05-26 06:23:58,75.0,16.1,63.0,0.0,10.2,MONITOR,100.0,Conditions optimal for Onion (Moisture: 75.0%). No immediate watering needed.,0
2026-05-26 06:24:05,77.0,16.1,63.0,0.0,10.2,MONITOR,100.0,Conditions optimal for Onion (Moisture: 77.0%). No immediate watering needed.,0
2026-05-26 06:24:12,76.0,16.1,63.0,0.0,10.2,MONITOR,100.0,Conditions optimal for Onion (Moisture: 76.0%). No immediate watering needed.,0
2026-05-26 06:24:20,77.0,16.1,63.0,0.0,10.2,MONITOR,100.0,Conditions optimal for Onion (Moisture: 77.0%). No immediate watering needed.,0
2026-05-26 06:24:27,76.0,16.1,63.0,0.0,10.2,MONITOR,100.0,Conditions optimal for Onion (Moisture: 76.0%). No immediate watering needed.,0
2026-05-26 06:24:34,77.0,16.1,63.0,0.0,10.2,MONITOR,100.0,Conditions optimal for Onion (Moisture: 77.0%). No immediate watering needed.,0
2026-05-26 06:24:41,77.0,16.1,63.0,0.0,10.2,MONITOR,100.0,Conditions optimal for Onion (Moisture: 77.0%). No immediate watering needed.,0
2026-05-26 06:24:47,75.0,16.1,63.0,0.0,10.2,MONITOR,100.0,Conditions optimal for Onion (Moisture: 75.0%). No immediate watering needed.,0
2026-05-26 06:24:54,76.0,16.1,63.0,0.0,10.2,MONITOR,100.0,Conditions optimal for Onion (Moisture: 76.0%). No immediate watering needed.,0
2026-05-26 06:25:01,78.0,16.1,63.0,0.0,10.2,MONITOR,100.0,Conditions optimal for Onion (Moisture: 78.0%). No immediate watering needed.,0
2026-05-26 06:25:08,76.0,16.1,63.0,0.0,10.2,MONITOR,100.0,Conditions optimal for Onion (Moisture: 76.0%). No immediate watering needed.,0
2026-05-26 06:25:16,76.0,16.1,63.0,0.0,10.2,MONITOR,100.0,Conditions optimal for Onion (Moisture: 76.0%). No immediate watering needed.,0
2026-05-26 06:25:21,76.0,16.1,63.0,0.0,10.2,MONITOR,100.0,Conditions optimal for Onion (Moisture: 76.0%). No immediate watering needed.,0
2026-05-26 06:25:26,77.0,16.1,63.0,0.0,10.2,MONITOR,100.0,Conditions optimal for Onion (Moisture: 77.0%). No immediate watering needed.,0
2026-05-26 06:25:34,76.0,16.1,63.0,0.0,10.2,MONITOR,100.0,Conditions optimal for Onion (Moisture: 76.0%). No immediate watering needed.,0
2026-05-26 06:25:41,76.0,16.1,63.0,0.0,10.2,MONITOR,100.0,Conditions optimal for Onion (Moisture: 76.0%). No immediate watering needed.,0
2026-05-26 06:25:46,76.0,16.1,63.0,0.0,10.2,MONITOR,100.0,Conditions optimal for Onion (Moisture: 76.0%). No immediate watering needed.,0
2026-05-26 06:25:51,76.0,16.1,63.0,0.0,10.2,MONITOR,100.0,Conditions optimal for Onion (Moisture: 76.0%). No immediate watering needed.,0
2026-05-26 06:25:56,76.0,16.1,63.0,0.0,10.2,MONITOR,100.0,Conditions optimal for Onion (Moisture: 76.0%). No immediate watering needed.,0
2026-05-26 06:26:02,76.0,16.1,63.0,0.0,10.2,MONITOR,100.0,Conditions optimal for Onion (Moisture: 76.0%). No immediate watering needed.,0
2026-05-26 06:26:07,77.0,16.1,63.0,0.0,10.2,MONITOR,100.0,Conditions optimal for Onion (Moisture: 77.0%). No immediate watering needed.,0
2026-05-26 06:26:14,76.0,16.1,63.0,0.0,10.2,MONITOR,100.0,Conditions optimal for Onion (Moisture: 76.0%). No immediate watering needed.,0
2026-05-26 06:26:21,76.0,16.1,63.0,0.0,10.2,MONITOR,100.0,Conditions optimal for Onion (Moisture: 76.0%). No immediate watering needed.,0
2026-05-26 06:26:27,79.0,16.1,63.0,0.0,10.2,MONITOR,100.0,Conditions optimal for Onion (Moisture: 79.0%). No immediate watering needed.,0
2026-05-26 06:26:34,77.0,16.1,63.0,0.0,10.2,MONITOR,100.0,Conditions optimal for Onion (Moisture: 77.0%). No immediate watering needed.,0
2026-05-26 06:26:41,76.0,16.1,63.0,0.0,10.2,MONITOR,100.0,Conditions optimal for Onion (Moisture: 76.0%). No immediate watering needed.,0
2026-05-26 06:26:48,76.0,16.1,63.0,0.0,10.2,MONITOR,100.0,Conditions optimal for Onion (Moisture: 76.0%). No immediate watering needed.,0
2026-05-26 06:26:54,76.0,16.1,63.0,0.0,10.2,MONITOR,100.0,Conditions optimal for Onion (Moisture: 76.0%). No immediate watering needed.,0
2026-05-26 06:26:59,76.0,16.1,63.0,0.0,10.2,MONITOR,100.0,Conditions optimal for Onion (Moisture: 76.0%). No immediate watering needed.,0
2026-05-26 06:27:04,77.0,16.1,63.0,0.0,10.2,MONITOR,100.0,Conditions optimal for Onion (Moisture: 77.0%). No immediate watering needed.,0
2026-05-26 06:27:11,77.0,16.1,63.0,0.0,10.2,MONITOR,100.0,Conditions optimal for Onion (Moisture: 77.0%). No immediate watering needed.,0
2026-05-26 06:27:17,76.0,16.1,63.0,0.0,10.2,MONITOR,100.0,Conditions optimal for Onion (Moisture: 76.0%). No immediate watering needed.,0
2026-05-26 06:27:24,76.0,16.1,63.0,0.0,10.2,MONITOR,100.0,Conditions optimal for Onion (Moisture: 76.0%). No immediate watering needed.,0
2026-05-26 06:27:29,76.0,16.1,63.0,0.0,10.2,MONITOR,100.0,Conditions optimal for Onion (Moisture: 76.0%). No immediate watering needed.,0
2026-05-26 06:27:34,76.0,16.1,63.0,0.0,10.2,MONITOR,100.0,Conditions optimal for Onion (Moisture: 76.0%). No immediate watering needed.,0
2026-05-26 06:27:40,76.0,16.1,63.0,0.0,10.2,MONITOR,100.0,Conditions optimal for Onion (Moisture: 76.0%). No immediate watering needed.,0
2026-05-26 06:27:45,75.0,16.1,63.0,0.0,10.2,MONITOR,100.0,Conditions optimal for Onion (Moisture: 75.0%). No immediate watering needed.,0
2026-05-26 06:27:52,76.0,16.1,63.0,0.0,10.2,MONITOR,100.0,Conditions optimal for Onion (Moisture: 76.0%). No immediate watering needed.,0
2026-05-26 06:27:59,77.0,16.1,63.0,0.0,10.2,MONITOR,100.0,Conditions optimal for Onion (Moisture: 77.0%). No immediate watering needed.,0
2026-05-26 06:28:07,76.0,16.1,63.0,0.0,10.2,MONITOR,100.0,Conditions optimal for Onion (Moisture: 76.0%). No immediate watering needed.,0
2026-05-26 06:28:14,76.0,16.1,63.0,0.0,10.2,MONITOR,100.0,Conditions optimal for Onion (Moisture: 76.0%). No immediate watering needed.,0
2026-05-26 06:28:19,75.0,16.1,63.0,0.0,10.2,MONITOR,100.0,Conditions optimal for Onion (Moisture: 75.0%). No immediate watering needed.,0
2026-05-26 06:28:26,75.0,16.1,63.0,0.0,10.2,MONITOR,100.0,Conditions optimal for Onion (Moisture: 75.0%). No immediate watering needed.,0
2026-05-26 06:28:32,77.0,16.0,63.0,0.0,10.2,MONITOR,100.0,Conditions optimal for Onion (Moisture: 77.0%). No immediate watering needed.,0
2026-05-26 06:28:39,75.0,16.0,63.0,0.0,10.2,MONITOR,100.0,Conditions optimal for Onion (Moisture: 75.0%). No immediate watering needed.,0
2026-05-26 06:28:46,76.0,16.1,63.0,0.0,10.2,MONITOR,100.0,Conditions optimal for Onion (Moisture: 76.0%). No immediate watering needed.,0
2026-05-26 06:28:53,76.0,16.1,63.0,0.0,10.2,MONITOR,100.0,Conditions optimal for Onion (Moisture: 76.0%). No immediate watering needed.,0
2026-05-26 06:28:59,76.0,16.1,63.0,0.0,10.2,MONITOR,100.0,Conditions optimal for Onion (Moisture: 76.0%). No immediate watering needed.,0
2026-05-26 06:29:04,76.0,16.1,63.0,0.0,10.2,MONITOR,100.0,Conditions optimal for Onion (Moisture: 76.0%). No immediate watering needed.,0
2026-05-26 06:29:09,76.0,16.1,63.0,0.0,10.2,MONITOR,100.0,Conditions optimal for Onion (Moisture: 76.0%). No immediate watering needed.,0
2026-05-26 06:29:14,76.0,16.1,63.0,0.0,10.2,MONITOR,100.0,Conditions optimal for Onion (Moisture: 76.0%). No immediate watering needed.,0
2026-05-26 06:29:20,77.0,16.1,63.0,0.0,10.2,MONITOR,100.0,Conditions optimal for Onion (Moisture: 77.0%). No immediate watering needed.,0
2026-05-26 06:29:27,76.0,16.1,63.0,0.0,10.2,MONITOR,100.0,Conditions optimal for Onion (Moisture: 76.0%). No immediate watering needed.,0
2026-05-26 06:29:34,76.0,16.1,63.0,0.0,10.2,MONITOR,100.0,Conditions optimal for Onion (Moisture: 76.0%). No immediate watering needed.,0
2026-05-26 06:29:39,76.0,16.1,63.0,0.0,10.2,MONITOR,100.0,Conditions optimal for Onion (Moisture: 76.0%). No immediate watering needed.,0
2026-05-26 06:29:44,77.0,16.1,63.0,0.0,10.2,MONITOR,100.0,Conditions optimal for Onion (Moisture: 77.0%). No immediate watering needed.,0
2026-05-26 06:29:52,76.0,16.1,63.0,0.0,10.2,MONITOR,100.0,Conditions optimal for Onion (Moisture: 76.0%). No immediate watering needed.,0
2026-05-26 06:29:59,76.0,16.1,63.0,0.0,10.2,MONITOR,100.0,Conditions optimal for Onion (Moisture: 76.0%). No immediate watering needed.,0
2026-05-26 06:30:04,76.0,16.1,63.0,0.0,10.2,MONITOR,100.0,Conditions optimal for Onion (Moisture: 76.0%). No immediate watering needed.,0
2026-05-26 06:30:09,77.0,16.1,63.0,0.0,10.2,MONITOR,100.0,Conditions optimal for Onion (Moisture: 77.0%). No immediate watering needed.,0
2026-05-26 06:30:17,76.0,16.1,63.0,0.0,10.2,MONITOR,100.0,Conditions optimal for Onion (Moisture: 76.0%). No immediate watering needed.,0
2026-05-26 06:30:24,76.0,16.1,63.0,0.0,10.2,MONITOR,100.0,Conditions optimal for Onion (Moisture: 76.0%). No immediate watering needed.,0
2026-05-26 06:30:29,76.0,16.1,63.0,0.0,10.2,MONITOR,100.0,Conditions optimal for Onion (Moisture: 76.0%). No immediate watering needed.,0
2026-05-26 06:30:34,77.0,16.1,63.0,0.0,10.2,MONITOR,100.0,Conditions optimal for Onion (Moisture: 77.0%). No immediate watering needed.,0
2026-05-26 06:30:42,76.0,16.1,63.0,0.0,10.2,MONITOR,100.0,Conditions optimal for Onion (Moisture: 76.0%). No immediate watering needed.,0
2026-05-26 06:30:49,77.0,16.1,63.0,0.0,10.2,MONITOR,100.0,Conditions optimal for Onion (Moisture: 77.0%). No immediate watering needed.,0
2026-05-26 06:30:56,76.0,16.1,63.0,0.0,10.2,MONITOR,100.0,Conditions optimal for Onion (Moisture: 76.0%). No immediate watering needed.,0
2026-05-26 06:31:03,77.0,16.1,63.0,0.0,10.2,MONITOR,100.0,Conditions optimal for Onion (Moisture: 77.0%). No immediate watering needed.,0
2026-05-26 06:31:11,75.0,16.1,63.0,0.0,10.2,MONITOR,100.0,Conditions optimal for Onion (Moisture: 75.0%). No immediate watering needed.,0
2026-05-26 06:31:18,75.0,16.1,63.0,0.0,10.2,MONITOR,100.0,Conditions optimal for Onion (Moisture: 75.0%). No immediate watering needed.,0
2026-05-26 06:31:23,75.0,16.1,63.0,0.0,10.2,MONITOR,100.0,Conditions optimal for Onion (Moisture: 75.0%). No immediate watering needed.,0
2026-05-26 06:31:28,77.0,16.1,63.0,0.0,10.2,MONITOR,100.0,Conditions optimal for Onion (Moisture: 77.0%). No immediate watering needed.,0
2026-05-26 06:31:36,76.0,16.1,63.0,0.0,10.2,MONITOR,100.0,Conditions optimal for Onion (Moisture: 76.0%). No immediate watering needed.,0
2026-05-26 06:31:43,75.0,16.1,63.0,0.0,10.2,MONITOR,100.0,Conditions optimal for Onion (Moisture: 75.0%). No immediate watering needed.,0
2026-05-26 06:31:50,76.0,16.1,63.0,0.0,10.2,MONITOR,100.0,Conditions optimal for Onion (Moisture: 76.0%). No immediate watering needed.,0
2026-05-26 06:31:57,77.0,16.1,63.0,0.0,10.2,MONITOR,100.0,Conditions optimal for Onion (Moisture: 77.0%). No immediate watering needed.,0
2026-05-26 06:32:05,75.0,16.1,63.0,0.0,10.2,MONITOR,100.0,Conditions optimal for Onion (Moisture: 75.0%). No immediate watering needed.,0
2026-05-26 06:32:12,75.0,16.1,63.0,0.0,10.2,MONITOR,100.0,Conditions optimal for Onion (Moisture: 75.0%). No immediate watering needed.,0
2026-05-26 06:32:17,76.0,16.1,63.0,0.0,10.2,MONITOR,100.0,Conditions optimal for Onion (Moisture: 76.0%). No immediate watering needed.,0
2026-05-26 06:32:24,76.0,16.1,63.0,0.0,10.2,MONITOR,100.0,Conditions optimal for Onion (Moisture: 76.0%). No immediate watering needed.,0
2026-05-26 06:32:30,77.0,16.1,63.0,0.0,10.2,MONITOR,100.0,Conditions optimal for Onion (Moisture: 77.0%). No immediate watering needed.,0
2026-05-26 06:32:37,77.0,16.1,63.0,0.0,10.2,MONITOR,100.0,Conditions optimal for Onion (Moisture: 77.0%). No immediate watering needed.,0
2026-05-26 06:32:42,76.0,16.1,63.0,0.0,10.2,MONITOR,100.0,Conditions optimal for Onion (Moisture: 76.0%). No immediate watering needed.,0
2026-05-26 06:32:49,76.0,16.1,63.0,0.0,10.2,MONITOR,100.0,Conditions optimal for Onion (Moisture: 76.0%). No immediate watering needed.,0
2026-05-26 06:32:55,76.0,16.1,63.0,0.0,10.2,MONITOR,100.0,Conditions optimal for Onion (Moisture: 76.0%). No immediate watering needed.,0
2026-05-26 06:33:00,76.0,16.1,63.0,0.0,10.2,MONITOR,100.0,Conditions optimal for Onion (Moisture: 76.0%). No immediate watering needed.,0
2026-05-26 06:33:05,79.0,16.1,63.0,0.0,10.2,MONITOR,100.0,Conditions optimal for Onion (Moisture: 79.0%). No immediate watering needed.,0
2026-05-26 06:33:12,76.0,16.1,63.0,0.0,10.2,MONITOR,100.0,Conditions optimal for Onion (Moisture: 76.0%). No immediate watering needed.,0
2026-05-26 06:33:20,76.0,16.1,63.0,0.0,10.2,MONITOR,100.0,Conditions optimal for Onion (Moisture: 76.0%). No immediate watering needed.,0
2026-05-26 06:33:25,76.0,16.1,63.0,0.0,10.2,MONITOR,100.0,Conditions optimal for Onion (Moisture: 76.0%). No immediate watering needed.,0
2026-05-26 06:33:30,76.0,16.1,63.0,0.0,10.2,MONITOR,100.0,Conditions optimal for Onion (Moisture: 76.0%). No immediate watering needed.,0
2026-05-26 06:33:35,75.0,16.1,63.0,0.0,10.2,MONITOR,100.0,Conditions optimal for Onion (Moisture: 75.0%). No immediate watering needed.,0
2026-05-26 06:33:43,75.0,16.1,63.0,0.0,10.2,MONITOR,100.0,Conditions optimal for Onion (Moisture: 75.0%). No immediate watering needed.,0
2026-05-26 06:33:48,76.0,16.1,63.0,0.0,10.2,MONITOR,100.0,Conditions optimal for Onion (Moisture: 76.0%). No immediate watering needed.,0
2026-05-26 06:33:55,76.0,16.1,63.0,0.0,10.2,MONITOR,100.0,Conditions optimal for Onion (Moisture: 76.0%). No immediate watering needed.,0
2026-05-26 06:34:00,75.0,16.1,63.0,0.0,10.2,MONITOR,100.0,Conditions optimal for Onion (Moisture: 75.0%). No immediate watering needed.,0
2026-05-26 06:34:08,76.0,16.1,63.0,0.0,10.2,MONITOR,100.0,Conditions optimal for Onion (Moisture: 76.0%). No immediate watering needed.,0
2026-05-26 06:34:15,76.0,16.1,63.0,0.0,10.2,MONITOR,100.0,Conditions optimal for Onion (Moisture: 76.0%). No immediate watering needed.,0
2026-05-26 06:34:20,76.0,16.1,63.0,0.0,10.2,MONITOR,100.0,Conditions optimal for Onion (Moisture: 76.0%). No immediate watering needed.,0
2026-05-26 06:34:25,77.0,16.1,63.0,0.0,10.2,MONITOR,100.0,Conditions optimal for Onion (Moisture: 77.0%). No immediate watering needed.,0
2026-05-26 06:34:33,76.0,16.1,63.0,0.0,10.2,MONITOR,100.0,Conditions optimal for Onion (Moisture: 76.0%). No immediate watering needed.,0
2026-05-26 06:34:40,76.0,16.1,63.0,0.0,10.2,MONITOR,100.0,Conditions optimal for Onion (Moisture: 76.0%). No immediate watering needed.,0
2026-05-26 06:34:45,76.0,16.1,63.0,0.0,10.2,MONITOR,100.0,Conditions optimal for Onion (Moisture: 76.0%). No immediate watering needed.,0
2026-05-26 06:34:50,75.0,16.1,63.0,0.0,10.2,MONITOR,100.0,Conditions optimal for Onion (Moisture: 75.0%). No immediate watering needed.,0
2026-05-26 06:34:58,76.0,16.1,63.0,0.0,10.2,MONITOR,100.0,Conditions optimal for Onion (Moisture: 76.0%). No immediate watering needed.,0
2026-05-26 06:35:05,76.0,16.1,63.0,0.0,10.1,MONITOR,100.0,Conditions optimal for Onion (Moisture: 76.0%). No immediate watering needed.,0
2026-05-26 06:35:10,76.0,16.1,63.0,0.0,10.1,MONITOR,100.0,Conditions optimal for Onion (Moisture: 76.0%). No immediate watering needed.,0
2026-05-26 06:35:15,76.0,16.1,63.0,0.0,10.1,MONITOR,100.0,Conditions optimal for Onion (Moisture: 76.0%). No immediate watering needed.,0
2026-05-26 06:35:20,77.0,16.1,63.0,0.0,10.1,MONITOR,100.0,Conditions optimal for Onion (Moisture: 77.0%). No immediate watering needed.,0
2026-05-26 06:35:28,76.0,16.1,63.0,0.0,10.1,MONITOR,100.0,Conditions optimal for Onion (Moisture: 76.0%). No immediate watering needed.,0
2026-05-26 06:35:35,76.0,16.1,63.0,0.0,10.1,MONITOR,100.0,Conditions optimal for Onion (Moisture: 76.0%). No immediate watering needed.,0
2026-05-26 06:35:40,76.0,16.1,63.0,0.0,10.1,MONITOR,100.0,Conditions optimal for Onion (Moisture: 76.0%). No immediate watering needed.,0
2026-05-26 06:35:45,75.0,16.1,63.0,0.0,10.1,MONITOR,100.0,Conditions optimal for Onion (Moisture: 75.0%). No immediate watering needed.,0
2026-05-26 06:35:53,77.0,16.1,63.0,0.0,10.2,MONITOR,100.0,Conditions optimal for Onion (Moisture: 77.0%). No immediate watering needed.,0
2026-05-26 06:36:00,76.0,16.1,63.0,0.0,10.1,MONITOR,100.0,Conditions optimal for Onion (Moisture: 76.0%). No immediate watering needed.,0
2026-05-26 06:36:07,78.0,16.1,63.0,0.0,10.1,MONITOR,100.0,Conditions optimal for Onion (Moisture: 78.0%). No immediate watering needed.,0
2026-05-26 06:36:14,76.0,16.1,63.0,0.0,10.1,MONITOR,100.0,Conditions optimal for Onion (Moisture: 76.0%). No immediate watering needed.,0
2026-05-26 06:36:22,76.0,16.1,63.0,0.0,10.1,MONITOR,100.0,Conditions optimal for Onion (Moisture: 76.0%). No immediate watering needed.,0
2026-05-26 06:36:27,76.0,16.1,63.0,0.0,10.1,MONITOR,100.0,Conditions optimal for Onion (Moisture: 76.0%). No immediate watering needed.,0
2026-05-26 06:36:32,77.0,16.1,63.0,0.0,10.1,MONITOR,100.0,Conditions optimal for Onion (Moisture: 77.0%). No immediate watering needed.,0
2026-05-26 06:36:39,78.0,16.1,63.0,0.0,10.1,MONITOR,100.0,Conditions optimal for Onion (Moisture: 78.0%). No immediate watering needed.,0
2026-05-26 06:36:47,75.0,16.1,63.0,0.0,10.1,MONITOR,100.0,Conditions optimal for Onion (Moisture: 75.0%). No immediate watering needed.,0
2026-05-26 06:36:54,76.0,16.2,63.0,0.0,10.2,MONITOR,100.0,Conditions optimal for Onion (Moisture: 76.0%). No immediate watering needed.,0
2026-05-26 06:37:01,76.0,16.1,63.0,0.0,10.1,MONITOR,100.0,Conditions optimal for Onion (Moisture: 76.0%). No immediate watering needed.,0
2026-05-26 06:37:06,76.0,16.2,63.0,0.0,10.1,MONITOR,100.0,Conditions optimal for Onion (Moisture: 76.0%). No immediate watering needed.,0
2026-05-26 06:37:12,76.0,16.2,63.0,0.0,10.1,MONITOR,100.0,Conditions optimal for Onion (Moisture: 76.0%). No immediate watering needed.,0
2026-05-26 06:37:17,76.0,16.2,63.0,0.0,10.1,MONITOR,100.0,Conditions optimal for Onion (Moisture: 76.0%). No immediate watering needed.,0
2026-05-26 06:37:22,76.0,16.2,63.0,0.0,10.1,MONITOR,100.0,Conditions optimal for Onion (Moisture: 76.0%). No immediate watering needed.,0
2026-05-26 06:37:27,78.0,16.2,63.0,0.0,10.1,MONITOR,100.0,Conditions optimal for Onion (Moisture: 78.0%). No immediate watering needed.,0
2026-05-26 06:37:35,77.0,16.2,63.0,0.0,10.1,MONITOR,100.0,Conditions optimal for Onion (Moisture: 77.0%). No immediate watering needed.,0
2026-05-26 06:37:42,75.0,16.2,63.0,0.0,10.1,MONITOR,100.0,Conditions optimal for Onion (Moisture: 75.0%). No immediate watering needed.,0
2026-05-26 06:37:49,76.0,16.2,63.0,0.0,10.1,MONITOR,100.0,Conditions optimal for Onion (Moisture: 76.0%). No immediate watering needed.,0
2026-05-26 06:37:56,77.0,16.2,63.0,0.0,10.1,MONITOR,100.0,Conditions optimal for Onion (Moisture: 77.0%). No immediate watering needed.,0
2026-05-26 06:38:04,79.0,16.2,63.0,0.0,10.1,MONITOR,100.0,Conditions optimal for Onion (Moisture: 79.0%). No immediate watering needed.,0
2026-05-26 06:38:11,76.0,16.2,63.0,0.0,10.1,MONITOR,100.0,Conditions optimal for Onion (Moisture: 76.0%). No immediate watering needed.,0
2026-05-26 06:38:18,76.0,16.2,63.0,0.0,10.1,MONITOR,100.0,Conditions optimal for Onion (Moisture: 76.0%). No immediate watering needed.,0
2026-05-26 06:38:24,76.0,16.2,63.0,0.0,10.1,MONITOR,100.0,Conditions optimal for Onion (Moisture: 76.0%). No immediate watering needed.,0
2026-05-26 06:38:29,76.0,16.2,63.0,0.0,10.1,MONITOR,100.0,Conditions optimal for Onion (Moisture: 76.0%). No immediate watering needed.,0
2026-05-26 06:38:34,76.0,16.2,63.0,0.0,10.1,MONITOR,100.0,Conditions optimal for Onion (Moisture: 76.0%). No immediate watering needed.,0
2026-05-26 06:38:39,76.0,16.2,63.0,0.0,10.1,MONITOR,100.0,Conditions optimal for Onion (Moisture: 76.0%). No immediate watering needed.,0
2026-05-26 06:38:45,76.0,16.2,63.0,0.0,10.1,MONITOR,100.0,Conditions optimal for Onion (Moisture: 76.0%). No immediate watering needed.,0
2026-05-26 06:38:50,76.0,16.1,63.0,0.0,10.1,MONITOR,100.0,Conditions optimal for Onion (Moisture: 76.0%). No immediate watering needed.,0
2026-05-26 06:38:55,75.0,16.1,63.0,0.0,10.1,MONITOR,100.0,Conditions optimal for Onion (Moisture: 75.0%). No immediate watering needed.,0
2026-05-26 06:39:02,77.0,16.2,63.0,0.0,10.1,MONITOR,100.0,Conditions optimal for Onion (Moisture: 77.0%). No immediate watering needed.,0
2026-05-26 06:39:10,76.0,16.1,63.0,0.0,10.1,MONITOR,100.0,Conditions optimal for Onion (Moisture: 76.0%). No immediate watering needed.,0
2026-05-26 06:39:17,77.0,16.2,63.0,0.0,10.1,MONITOR,100.0,Conditions optimal for Onion (Moisture: 77.0%). No immediate watering needed.,0
2026-05-26 06:39:24,76.0,16.2,63.0,0.0,10.1,MONITOR,100.0,Conditions optimal for Onion (Moisture: 76.0%). No immediate watering needed.,0
2026-05-26 06:39:31,76.0,16.2,63.0,0.0,10.1,MONITOR,100.0,Conditions optimal for Onion (Moisture: 76.0%). No immediate watering needed.,0
2026-05-26 06:39:37,76.0,16.2,63.0,0.0,10.1,MONITOR,100.0,Conditions optimal for Onion (Moisture: 76.0%). No immediate watering needed.,0
2026-05-26 06:39:42,77.0,16.2,63.0,0.0,10.1,MONITOR,100.0,Conditions optimal for Onion (Moisture: 77.0%). No immediate watering needed.,0
2026-05-26 06:39:49,75.0,16.2,63.0,0.0,10.1,MONITOR,100.0,Conditions optimal for Onion (Moisture: 75.0%). No immediate watering needed.,0
2026-05-26 06:39:56,78.0,16.2,63.0,0.0,10.1,MONITOR,100.0,Conditions optimal for Onion (Moisture: 78.0%). No immediate watering needed.,0
2026-05-26 06:40:04,76.0,16.2,63.0,0.0,10.1,MONITOR,100.0,Conditions optimal for Onion (Moisture: 76.0%). No immediate watering needed.,0
2026-05-26 06:40:11,76.0,16.3,63.0,0.0,10.1,MONITOR,100.0,Conditions optimal for Onion (Moisture: 76.0%). No immediate watering needed.,0
2026-05-26 06:40:16,75.0,16.5,63.0,0.0,10.1,MONITOR,100.0,Conditions optimal for Onion (Moisture: 75.0%). No immediate watering needed.,0
2026-05-26 06:40:23,76.0,16.5,63.0,0.0,10.1,MONITOR,100.0,Conditions optimal for Onion (Moisture: 76.0%). No immediate watering needed.,0
2026-05-26 06:40:31,77.0,16.5,63.0,0.0,10.1,MONITOR,100.0,Conditions optimal for Onion (Moisture: 77.0%). No immediate watering needed.,0
2026-05-26 06:40:38,75.0,16.6,63.0,0.0,10.1,MONITOR,100.0,Conditions optimal for Onion (Moisture: 75.0%). No immediate watering needed.,0
2026-05-26 06:40:45,76.0,16.5,63.0,0.0,10.1,MONITOR,100.0,Conditions optimal for Onion (Moisture: 76.0%). No immediate watering needed.,0
2026-05-26 06:40:53,76.0,16.2,63.0,0.0,10.2,MONITOR,100.0,Conditions optimal for Onion (Moisture: 76.0%). No immediate watering needed.,0
2026-05-26 06:40:58,76.0,16.2,63.0,0.0,10.1,MONITOR,100.0,Conditions optimal for Onion (Moisture: 76.0%). No immediate watering needed.,0
2026-05-26 06:41:03,75.0,16.2,63.0,0.0,10.1,MONITOR,100.0,Conditions optimal for Onion (Moisture: 75.0%). No immediate watering needed.,0
2026-05-26 06:41:10,76.0,16.2,63.0,0.0,10.1,MONITOR,100.0,Conditions optimal for Onion (Moisture: 76.0%). No immediate watering needed.,0
2026-05-26 06:41:17,75.0,16.2,63.0,0.0,10.1,MONITOR,100.0,Conditions optimal for Onion (Moisture: 75.0%). No immediate watering needed.,0
2026-05-26 06:41:25,75.0,16.2,63.0,0.0,10.1,MONITOR,100.0,Conditions optimal for Onion (Moisture: 75.0%). No immediate watering needed.,0
2026-05-26 06:41:30,76.0,16.2,63.0,0.0,10.1,MONITOR,100.0,Conditions optimal for Onion (Moisture: 76.0%). No immediate watering needed.,0
2026-05-26 06:41:37,78.0,16.2,63.0,0.0,10.1,MONITOR,100.0,Conditions optimal for Onion (Moisture: 78.0%). No immediate watering needed.,0
2026-05-26 06:41:45,76.0,16.2,63.0,0.0,10.1,MONITOR,100.0,Conditions optimal for Onion (Moisture: 76.0%). No immediate watering needed.,0
2026-05-26 06:41:52,76.0,16.1,63.0,0.0,10.2,MONITOR,100.0,Conditions optimal for Onion (Moisture: 76.0%). No immediate watering needed.,0
2026-05-26 06:41:57,75.0,16.2,63.0,0.0,10.1,MONITOR,100.0,Conditions optimal for Onion (Moisture: 75.0%). No immediate watering needed.,0
2026-05-26 06:42:04,77.0,16.1,63.0,0.0,10.1,MONITOR,100.0,Conditions optimal for Onion (Moisture: 77.0%). No immediate watering needed.,0
2026-05-26 06:42:12,76.0,16.1,63.0,0.0,10.1,MONITOR,100.0,Conditions optimal for Onion (Moisture: 76.0%). No immediate watering needed.,0
2026-05-26 06:42:19,76.0,16.1,63.0,0.0,10.1,MONITOR,100.0,Conditions optimal for Onion (Moisture: 76.0%). No immediate watering needed.,0
2026-05-26 06:42:24,76.0,16.1,63.0,0.0,10.1,MONITOR,100.0,Conditions optimal for Onion (Moisture: 76.0%). No immediate watering needed.,0
2026-05-26 06:42:29,76.0,16.1,63.0,0.0,10.1,MONITOR,100.0,Conditions optimal for Onion (Moisture: 76.0%). No immediate watering needed.,0
2026-05-26 06:42:35,75.0,16.1,63.0,0.0,10.1,MONITOR,100.0,Conditions optimal for Onion (Moisture: 75.0%). No immediate watering needed.,0
2026-05-26 06:42:42,76.0,16.1,63.0,0.0,10.1,MONITOR,100.0,Conditions optimal for Onion (Moisture: 76.0%). No immediate watering needed.,0
2026-05-26 06:42:49,76.0,16.1,63.0,0.0,10.1,MONITOR,100.0,Conditions optimal for Onion (Moisture: 76.0%). No immediate watering needed.,0
2026-05-26 06:42:54,76.0,16.1,63.0,0.0,10.2,MONITOR,100.0,Conditions optimal for Onion (Moisture: 76.0%). No immediate watering needed.,0
2026-05-26 06:43:00,75.0,16.1,63.0,0.0,10.1,MONITOR,100.0,Conditions optimal for Onion (Moisture: 75.0%). No immediate watering needed.,0
2026-05-26 06:43:07,75.0,16.2,63.0,0.0,10.1,MONITOR,100.0,Conditions optimal for Onion (Moisture: 75.0%). No immediate watering needed.,0
2026-05-26 06:43:12,74.0,16.1,63.0,0.0,10.1,MONITOR,100.0,Conditions optimal for Onion (Moisture: 74.0%). No immediate watering needed.,0
2026-05-26 06:43:19,78.0,16.1,63.0,0.0,10.1,MONITOR,100.0,Conditions optimal for Onion (Moisture: 78.0%). No immediate watering needed.,0
2026-05-26 06:43:27,76.0,16.1,63.0,0.0,10.1,MONITOR,100.0,Conditions optimal for Onion (Moisture: 76.0%). No immediate watering needed.,0
2026-05-26 06:43:34,76.0,16.1,63.0,0.0,10.1,MONITOR,100.0,Conditions optimal for Onion (Moisture: 76.0%). No immediate watering needed.,0
2026-05-26 06:43:39,76.0,16.1,63.0,0.0,10.1,MONITOR,100.0,Conditions optimal for Onion (Moisture: 76.0%). No immediate watering needed.,0
2026-05-26 06:43:45,76.0,16.1,63.0,0.0,10.1,MONITOR,100.0,Conditions optimal for Onion (Moisture: 76.0%). No immediate watering needed.,0
2026-05-26 06:43:50,75.0,16.1,63.0,0.0,10.1,MONITOR,100.0,Conditions optimal for Onion (Moisture: 75.0%). No immediate watering needed.,0
2026-05-26 06:43:57,75.0,16.1,63.0,0.0,10.1,MONITOR,100.0,Conditions optimal for Onion (Moisture: 75.0%). No immediate watering needed.,0
2026-05-26 06:44:02,74.0,16.1,63.0,0.0,10.1,MONITOR,100.0,Conditions optimal for Onion (Moisture: 74.0%). No immediate watering needed.,0
2026-05-26 06:44:10,76.0,16.1,63.0,0.0,10.1,MONITOR,100.0,Conditions optimal for Onion (Moisture: 76.0%). No immediate watering needed.,0
2026-05-26 06:44:17,74.0,16.1,63.0,0.0,10.1,MONITOR,100.0,Conditions optimal for Onion (Moisture: 74.0%). No immediate watering needed.,0
2026-05-26 06:44:24,75.0,16.1,63.0,0.0,10.1,MONITOR,100.0,Conditions optimal for Onion (Moisture: 75.0%). No immediate watering needed.,0
2026-05-26 06:44:31,76.0,16.1,63.0,0.0,10.1,MONITOR,100.0,Conditions optimal for Onion (Moisture: 76.0%). No immediate watering needed.,0
2026-05-26 06:44:39,76.0,16.1,63.0,0.0,10.1,MONITOR,100.0,Conditions optimal for Onion (Moisture: 76.0%). No immediate watering needed.,0
2026-05-26 06:44:44,75.0,16.1,63.0,0.0,10.1,MONITOR,100.0,Conditions optimal for Onion (Moisture: 75.0%). No immediate watering needed.,0
2026-05-26 06:44:51,76.0,16.1,63.0,0.0,10.1,MONITOR,100.0,Conditions optimal for Onion (Moisture: 76.0%). No immediate watering needed.,0
2026-05-26 06:44:58,76.0,16.1,63.0,0.0,10.1,MONITOR,100.0,Conditions optimal for Onion (Moisture: 76.0%). No immediate watering needed.,0
2026-05-26 06:45:04,75.0,16.1,63.0,0.0,10.1,MONITOR,100.0,Conditions optimal for Onion (Moisture: 75.0%). No immediate watering needed.,0
2026-05-26 06:45:11,76.0,16.1,63.0,0.0,10.1,MONITOR,100.0,Conditions optimal for Onion (Moisture: 76.0%). No immediate watering needed.,0
2026-05-26 06:45:18,76.0,16.1,63.0,0.0,10.1,MONITOR,100.0,Conditions optimal for Onion (Moisture: 76.0%). No immediate watering needed.,0
2026-05-26 06:45:24,75.0,16.1,63.0,0.0,10.1,MONITOR,100.0,Conditions optimal for Onion (Moisture: 75.0%). No immediate watering needed.,0
2026-05-26 06:45:31,75.0,16.1,63.0,0.0,10.1,MONITOR,100.0,Conditions optimal for Onion (Moisture: 75.0%). No immediate watering needed.,0
2026-05-26 06:45:36,76.0,16.1,63.0,0.0,10.1,MONITOR,100.0,Conditions optimal for Onion (Moisture: 76.0%). No immediate watering needed.,0
2026-05-26 06:45:43,76.0,16.1,63.0,0.0,10.1,MONITOR,100.0,Conditions optimal for Onion (Moisture: 76.0%). No immediate watering needed.,0
2026-05-26 06:45:48,76.0,16.1,63.0,0.0,10.1,MONITOR,100.0,Conditions optimal for Onion (Moisture: 76.0%). No immediate watering needed.,0
2026-05-26 06:45:54,76.0,16.1,63.0,0.0,10.1,MONITOR,100.0,Conditions optimal for Onion (Moisture: 76.0%). No immediate watering needed.,0
2026-05-26 06:45:59,76.0,16.1,63.0,0.0,10.1,MONITOR,100.0,Conditions optimal for Onion (Moisture: 76.0%). No immediate watering needed.,0
2026-05-26 06:46:04,76.0,16.1,63.0,0.0,10.1,MONITOR,100.0,Conditions optimal for Onion (Moisture: 76.0%). No immediate watering needed.,0
2026-05-26 06:46:09,76.0,16.1,63.0,0.0,10.1,MONITOR,100.0,Conditions optimal for Onion (Moisture: 76.0%). No immediate watering needed.,0
2026-05-26 06:46:14,77.0,16.1,63.0,0.0,10.1,MONITOR,100.0,Conditions optimal for Onion (Moisture: 77.0%). No immediate watering needed.,0
2026-05-26 06:46:22,76.0,16.1,63.0,0.0,10.1,MONITOR,100.0,Conditions optimal for Onion (Moisture: 76.0%). No immediate watering needed.,0
2026-05-26 06:46:29,74.0,16.1,63.0,0.0,10.1,MONITOR,100.0,Conditions optimal for Onion (Moisture: 74.0%). No immediate watering needed.,0
2026-05-26 06:46:36,76.0,16.1,63.0,0.0,10.1,MONITOR,100.0,Conditions optimal for Onion (Moisture: 76.0%). No immediate watering needed.,0
2026-05-26 06:46:44,76.0,16.1,63.0,0.0,10.1,MONITOR,100.0,Conditions optimal for Onion (Moisture: 76.0%). No immediate watering needed.,0
2026-05-26 06:46:49,74.0,16.1,63.0,0.0,10.1,MONITOR,100.0,Conditions optimal for Onion (Moisture: 74.0%). No immediate watering needed.,0
2026-05-26 06:46:56,76.0,16.1,63.0,0.0,10.1,MONITOR,100.0,Conditions optimal for Onion (Moisture: 76.0%). No immediate watering needed.,0
2026-05-26 06:47:03,76.0,16.1,63.0,0.0,10.1,MONITOR,100.0,Conditions optimal for Onion (Moisture: 76.0%). No immediate watering needed.,0
2026-05-26 06:47:09,76.0,16.1,63.0,0.0,10.1,MONITOR,100.0,Conditions optimal for Onion (Moisture: 76.0%). No immediate watering needed.,0
2026-05-26 06:47:14,76.0,16.1,63.0,0.0,10.1,MONITOR,100.0,Conditions optimal for Onion (Moisture: 76.0%). No immediate watering needed.,0
2026-05-26 06:47:19,77.0,16.1,63.0,0.0,10.1,MONITOR,100.0,Conditions optimal for Onion (Moisture: 77.0%). No immediate watering needed.,0
2026-05-26 06:47:26,76.0,16.1,63.0,0.0,10.1,MONITOR,100.0,Conditions optimal for Onion (Moisture: 76.0%). No immediate watering needed.,0
2026-05-26 06:47:34,76.0,16.1,63.0,0.0,10.1,MONITOR,100.0,Conditions optimal for Onion (Moisture: 76.0%). No immediate watering needed.,0
2026-05-26 06:47:39,76.0,16.1,63.0,0.0,10.1,MONITOR,100.0,Conditions optimal for Onion (Moisture: 76.0%). No immediate watering needed.,0
2026-05-26 06:47:44,75.0,16.1,63.0,0.0,10.1,MONITOR,100.0,Conditions optimal for Onion (Moisture: 75.0%). No immediate watering needed.,0
2026-05-26 06:47:51,77.0,16.1,63.0,0.0,10.1,MONITOR,100.0,Conditions optimal for Onion (Moisture: 77.0%). No immediate watering needed.,0
2026-05-26 06:47:59,76.0,16.1,63.0,0.0,10.1,MONITOR,100.0,Conditions optimal for Onion (Moisture: 76.0%). No immediate watering needed.,0
2026-05-26 06:48:06,74.0,16.1,63.0,0.0,10.1,MONITOR,100.0,Conditions optimal for Onion (Moisture: 74.0%). No immediate watering needed.,0
2026-05-26 06:48:13,76.0,16.1,63.0,0.0,10.1,MONITOR,100.0,Conditions optimal for Onion (Moisture: 76.0%). No immediate watering needed.,0
2026-05-26 06:48:20,77.0,16.1,63.0,0.0,10.1,MONITOR,100.0,Conditions optimal for Onion (Moisture: 77.0%). No immediate watering needed.,0
2026-05-26 06:48:28,75.0,16.1,63.0,0.0,10.1,MONITOR,100.0,Conditions optimal for Onion (Moisture: 75.0%). No immediate watering needed.,0
2026-05-26 06:48:35,77.0,16.1,63.0,0.0,10.1,MONITOR,100.0,Conditions optimal for Onion (Moisture: 77.0%). No immediate watering needed.,0
2026-05-26 06:48:42,75.0,16.1,64.0,0.0,10.1,MONITOR,100.0,Conditions optimal for Onion (Moisture: 75.0%). No immediate watering needed.,0
2026-05-26 06:48:49,75.0,16.1,64.0,0.0,10.1,MONITOR,100.0,Conditions optimal for Onion (Moisture: 75.0%). No immediate watering needed.,0
2026-05-26 06:48:55,75.0,16.1,64.0,0.0,10.1,MONITOR,100.0,Conditions optimal for Onion (Moisture: 75.0%). No immediate watering needed.,0
2026-05-26 06:49:00,76.0,16.1,64.0,0.0,10.1,MONITOR,100.0,Conditions optimal for Onion (Moisture: 76.0%). No immediate watering needed.,0
2026-05-26 06:49:07,76.0,16.1,64.0,0.0,10.1,MONITOR,100.0,Conditions optimal for Onion (Moisture: 76.0%). No immediate watering needed.,0
2026-05-26 06:49:12,76.0,16.1,64.0,0.0,10.1,MONITOR,100.0,Conditions optimal for Onion (Moisture: 76.0%). No immediate watering needed.,0
2026-05-26 06:49:18,78.0,16.1,64.0,0.0,10.1,MONITOR,100.0,Conditions optimal for Onion (Moisture: 78.0%). No immediate watering needed.,0
2026-05-26 06:49:25,76.0,16.1,64.0,0.0,10.1,MONITOR,100.0,Conditions optimal for Onion (Moisture: 76.0%). No immediate watering needed.,0
2026-05-26 06:49:32,75.0,16.1,64.0,0.0,10.1,MONITOR,100.0,Conditions optimal for Onion (Moisture: 75.0%). No immediate watering needed.,0
2026-05-26 06:49:39,76.0,16.1,64.0,0.0,10.1,MONITOR,100.0,Conditions optimal for Onion (Moisture: 76.0%). No immediate watering needed.,0
2026-05-26 06:49:47,76.0,16.1,64.0,0.0,10.1,MONITOR,100.0,Conditions optimal for Onion (Moisture: 76.0%). No immediate watering needed.,0
2026-05-26 06:49:52,75.0,16.1,64.0,0.0,10.1,MONITOR,100.0,Conditions optimal for Onion (Moisture: 75.0%). No immediate watering needed.,0
2026-05-26 06:49:59,76.0,16.1,64.0,0.0,10.1,MONITOR,100.0,Conditions optimal for Onion (Moisture: 76.0%). No immediate watering needed.,0
2026-05-26 06:50:06,76.0,16.1,64.0,0.0,10.1,MONITOR,100.0,Conditions optimal for Onion (Moisture: 76.0%). No immediate watering needed.,0
2026-05-26 06:50:12,75.0,16.1,64.0,0.0,10.1,MONITOR,100.0,Conditions optimal for Onion (Moisture: 75.0%). No immediate watering needed.,0
2026-05-26 06:50:19,75.0,16.1,64.0,0.0,10.1,MONITOR,100.0,Conditions optimal for Onion (Moisture: 75.0%). No immediate watering needed.,0
2026-05-26 06:50:24,75.0,16.1,64.0,0.0,10.1,MONITOR,100.0,Conditions optimal for Onion (Moisture: 75.0%). No immediate watering needed.,0
2026-05-26 06:50:29,76.0,16.1,64.0,0.0,10.1,MONITOR,100.0,Conditions optimal for Onion (Moisture: 76.0%). No immediate watering needed.,0
2026-05-26 06:50:37,76.0,16.1,64.0,0.0,10.1,MONITOR,100.0,Conditions optimal for Onion (Moisture: 76.0%). No immediate watering needed.,0
2026-05-26 06:50:42,76.0,16.1,64.0,0.0,10.1,MONITOR,100.0,Conditions optimal for Onion (Moisture: 76.0%). No immediate watering needed.,0
2026-05-26 06:50:47,77.0,16.1,64.0,0.0,10.1,MONITOR,100.0,Conditions optimal for Onion (Moisture: 77.0%). No immediate watering needed.,0
2026-05-26 06:50:54,75.0,16.1,64.0,0.0,10.1,MONITOR,100.0,Conditions optimal for Onion (Moisture: 75.0%). No immediate watering needed.,0
2026-05-26 06:51:02,74.0,16.1,64.0,0.0,10.1,MONITOR,100.0,Conditions optimal for Onion (Moisture: 74.0%). No immediate watering needed.,0
2026-05-26 06:51:09,76.0,16.1,64.0,0.0,10.1,MONITOR,100.0,Conditions optimal for Onion (Moisture: 76.0%). No immediate watering needed.,0
2026-05-26 06:51:16,75.0,16.1,64.0,0.0,10.1,MONITOR,100.0,Conditions optimal for Onion (Moisture: 75.0%). No immediate watering needed.,0
2026-05-26 06:51:23,76.0,16.1,64.0,0.0,10.1,MONITOR,100.0,Conditions optimal for Onion (Moisture: 76.0%). No immediate watering needed.,0
2026-05-26 06:51:31,75.0,16.1,64.0,0.0,10.1,MONITOR,100.0,Conditions optimal for Onion (Moisture: 75.0%). No immediate watering needed.,0
2026-05-26 06:51:38,75.0,16.1,64.0,0.0,10.1,MONITOR,100.0,Conditions optimal for Onion (Moisture: 75.0%). No immediate watering needed.,0
2026-05-26 06:51:43,75.0,16.1,64.0,0.0,10.1,MONITOR,100.0,Conditions optimal for Onion (Moisture: 75.0%). No immediate watering needed.,0
2026-05-26 06:51:48,75.0,16.1,64.0,0.0,10.1,MONITOR,100.0,Conditions optimal for Onion (Moisture: 75.0%). No immediate watering needed.,0
2026-05-26 06:51:54,75.0,16.1,64.0,0.0,10.1,MONITOR,100.0,Conditions optimal for Onion (Moisture: 75.0%). No immediate watering needed.,0
2026-05-26 06:51:59,75.0,16.1,64.0,0.0,10.1,MONITOR,100.0,Conditions optimal for Onion (Moisture: 75.0%). No immediate watering needed.,0
2026-05-26 06:52:04,74.0,16.1,64.0,0.0,10.1,MONITOR,100.0,Conditions optimal for Onion (Moisture: 74.0%). No immediate watering needed.,0
2026-05-26 06:52:11,76.0,16.1,64.0,0.0,10.1,MONITOR,100.0,Conditions optimal for Onion (Moisture: 76.0%). No immediate watering needed.,0
2026-05-26 06:52:19,75.0,16.1,64.0,0.0,10.1,MONITOR,100.0,Conditions optimal for Onion (Moisture: 75.0%). No immediate watering needed.,0
2026-05-26 06:52:26,75.0,16.1,64.0,0.0,10.1,MONITOR,100.0,Conditions optimal for Onion (Moisture: 75.0%). No immediate watering needed.,0
2026-05-26 06:52:31,75.0,16.1,64.0,0.0,10.1,MONITOR,100.0,Conditions optimal for Onion (Moisture: 75.0%). No immediate watering needed.,0
2026-05-26 06:52:36,75.0,16.1,64.0,0.0,10.1,MONITOR,100.0,Conditions optimal for Onion (Moisture: 75.0%). No immediate watering needed.,0
2026-05-26 06:52:41,75.0,16.1,64.0,0.0,10.1,MONITOR,100.0,Conditions optimal for Onion (Moisture: 75.0%). No immediate watering needed.,0
2026-05-26 06:52:47,78.0,16.1,64.0,0.0,10.1,MONITOR,100.0,Conditions optimal for Onion (Moisture: 78.0%). No immediate watering needed.,0
2026-05-26 06:52:54,76.0,16.1,64.0,0.0,10.1,MONITOR,100.0,Conditions optimal for Onion (Moisture: 76.0%). No immediate watering needed.,0
2026-05-26 06:53:01,75.0,16.1,64.0,0.0,10.1,MONITOR,100.0,Conditions optimal for Onion (Moisture: 75.0%). No immediate watering needed.,0
2026-05-26 06:53:08,75.0,16.1,64.0,0.0,10.1,MONITOR,100.0,Conditions optimal for Onion (Moisture: 75.0%). No immediate watering needed.,0
2026-05-26 06:53:14,76.0,16.1,64.0,0.0,10.1,MONITOR,100.0,Conditions optimal for Onion (Moisture: 76.0%). No immediate watering needed.,0
2026-05-26 06:53:21,77.0,16.1,64.0,0.0,10.1,MONITOR,100.0,Conditions optimal for Onion (Moisture: 77.0%). No immediate watering needed.,0
2026-05-26 06:53:28,75.0,16.2,64.0,0.0,10.1,MONITOR,100.0,Conditions optimal for Onion (Moisture: 75.0%). No immediate watering needed.,0
2026-05-26 06:53:35,75.0,16.2,64.0,0.0,10.1,MONITOR,100.0,Conditions optimal for Onion (Moisture: 75.0%). No immediate watering needed.,0
2026-05-26 06:53:41,74.0,16.2,64.0,0.0,10.1,MONITOR,100.0,Conditions optimal for Onion (Moisture: 74.0%). No immediate watering needed.,0
2026-05-26 06:53:48,75.0,16.2,64.0,0.0,10.1,MONITOR,100.0,Conditions optimal for Onion (Moisture: 75.0%). No immediate watering needed.,0
2026-05-26 06:53:55,75.0,16.2,64.0,0.0,10.1,MONITOR,100.0,Conditions optimal for Onion (Moisture: 75.0%). No immediate watering needed.,0
2026-05-26 06:54:01,75.0,16.2,64.0,0.0,10.1,MONITOR,100.0,Conditions optimal for Onion (Moisture: 75.0%). No immediate watering needed.,0
2026-05-26 06:54:06,73.0,16.2,64.0,0.0,10.1,MONITOR,100.0,Conditions optimal for Onion (Moisture: 73.0%). No immediate watering needed.,0
2026-05-26 06:54:13,75.0,16.2,64.0,0.0,10.1,MONITOR,100.0,Conditions optimal for Onion (Moisture: 75.0%). No immediate watering needed.,0
2026-05-26 06:54:20,75.0,16.2,64.0,0.0,10.1,MONITOR,100.0,Conditions optimal for Onion (Moisture: 75.0%). No immediate watering needed.,0
2026-05-26 06:54:25,76.0,16.2,64.0,0.0,10.1,MONITOR,100.0,Conditions optimal for Onion (Moisture: 76.0%). No immediate watering needed.,0
2026-05-26 06:54:33,75.0,16.2,64.0,0.0,10.1,MONITOR,100.0,Conditions optimal for Onion (Moisture: 75.0%). No immediate watering needed.,0
2026-05-26 06:54:40,74.0,16.2,64.0,0.0,10.1,MONITOR,100.0,Conditions optimal for Onion (Moisture: 74.0%). No immediate watering needed.,0
2026-05-26 06:54:47,76.0,16.2,64.0,0.0,10.1,MONITOR,100.0,Conditions optimal for Onion (Moisture: 76.0%). No immediate watering needed.,0
2026-05-26 06:54:55,73.0,16.2,64.0,0.0,10.1,MONITOR,100.0,Conditions optimal for Onion (Moisture: 73.0%). No immediate watering needed.,0
2026-05-26 06:55:02,75.0,16.2,64.0,0.0,10.1,MONITOR,100.0,Conditions optimal for Onion (Moisture: 75.0%). No immediate watering needed.,0
2026-05-26 06:55:09,75.0,16.2,64.0,0.0,10.1,MONITOR,100.0,Conditions optimal for Onion (Moisture: 75.0%). No immediate watering needed.,0
2026-05-26 06:55:14,76.0,16.2,64.0,0.0,10.1,MONITOR,100.0,Conditions optimal for Onion (Moisture: 76.0%). No immediate watering needed.,0
2026-05-26 06:55:22,76.0,16.2,64.0,0.0,10.1,MONITOR,100.0,Conditions optimal for Onion (Moisture: 76.0%). No immediate watering needed.,0
2026-05-26 06:55:27,74.0,16.2,64.0,0.0,10.1,MONITOR,100.0,Conditions optimal for Onion (Moisture: 74.0%). No immediate watering needed.,0
2026-05-26 06:55:34,78.0,16.2,64.0,0.0,10.1,MONITOR,100.0,Conditions optimal for Onion (Moisture: 78.0%). No immediate watering needed.,0
2026-05-26 06:55:41,76.0,16.2,64.0,0.0,10.1,MONITOR,100.0,Conditions optimal for Onion (Moisture: 76.0%). No immediate watering needed.,0
2026-05-26 06:55:49,76.0,16.2,64.0,0.0,10.1,MONITOR,100.0,Conditions optimal for Onion (Moisture: 76.0%). No immediate watering needed.,0
2026-05-26 06:55:54,76.0,16.3,64.0,0.0,10.1,MONITOR,100.0,Conditions optimal for Onion (Moisture: 76.0%). No immediate watering needed.,0
2026-05-26 06:55:59,75.0,16.4,64.0,0.0,10.1,MONITOR,100.0,Conditions optimal for Onion (Moisture: 75.0%). No immediate watering needed.,0
2026-05-26 06:56:06,76.0,16.5,64.0,0.0,10.1,MONITOR,100.0,Conditions optimal for Onion (Moisture: 76.0%). No immediate watering needed.,0
2026-05-26 06:56:14,78.0,16.5,64.0,0.0,10.1,MONITOR,100.0,Conditions optimal for Onion (Moisture: 78.0%). No immediate watering needed.,0
2026-05-26 06:56:21,75.0,16.5,64.0,0.0,10.1,MONITOR,100.0,Conditions optimal for Onion (Moisture: 75.0%). No immediate watering needed.,0
2026-05-26 06:56:28,75.0,16.2,64.0,0.0,10.1,MONITOR,100.0,Conditions optimal for Onion (Moisture: 75.0%). No immediate watering needed.,0
2026-05-26 06:56:33,75.0,16.2,64.0,0.0,10.1,MONITOR,100.0,Conditions optimal for Onion (Moisture: 75.0%). No immediate watering needed.,0
2026-05-26 06:56:39,75.0,16.2,64.0,0.0,10.1,MONITOR,100.0,Conditions optimal for Onion (Moisture: 75.0%). No immediate watering needed.,0
2026-05-26 06:56:44,75.0,16.2,64.0,0.0,10.1,MONITOR,100.0,Conditions optimal for Onion (Moisture: 75.0%). No immediate watering needed.,0
2026-05-26 06:56:49,75.0,16.2,64.0,0.0,10.1,MONITOR,100.0,Conditions optimal for Onion (Moisture: 75.0%). No immediate watering needed.,0
2026-05-26 06:56:54,74.0,16.2,64.0,0.0,10.1,MONITOR,100.0,Conditions optimal for Onion (Moisture: 74.0%). No immediate watering needed.,0
2026-05-26 06:57:01,77.0,16.2,64.0,0.0,10.1,MONITOR,100.0,Conditions optimal for Onion (Moisture: 77.0%). No immediate watering needed.,0
2026-05-26 06:57:09,76.0,16.2,64.0,0.0,10.1,MONITOR,100.0,Conditions optimal for Onion (Moisture: 76.0%). No immediate watering needed.,0
2026-05-26 06:57:16,75.0,16.1,64.0,0.0,10.1,MONITOR,100.0,Conditions optimal for Onion (Moisture: 75.0%). No immediate watering needed.,0
2026-05-26 06:57:23,76.0,16.2,64.0,0.0,10.1,MONITOR,100.0,Conditions optimal for Onion (Moisture: 76.0%). No immediate watering needed.,0
2026-05-26 06:57:31,74.0,16.2,64.0,0.0,10.1,MONITOR,100.0,Conditions optimal for Onion (Moisture: 74.0%). No immediate watering needed.,0
2026-05-26 06:57:38,75.0,16.1,64.0,0.0,10.1,MONITOR,100.0,Conditions optimal for Onion (Moisture: 75.0%). No immediate watering needed.,0
2026-05-26 06:57:45,76.0,16.1,64.0,0.0,10.1,MONITOR,100.0,Conditions optimal for Onion (Moisture: 76.0%). No immediate watering needed.,0
2026-05-26 06:57:52,76.0,16.1,64.0,0.0,10.1,MONITOR,100.0,Conditions optimal for Onion (Moisture: 76.0%). No immediate watering needed.,0
2026-05-26 06:57:58,75.0,16.1,64.0,0.0,10.1,MONITOR,100.0,Conditions optimal for Onion (Moisture: 75.0%). No immediate watering needed.,0
2026-05-26 06:58:05,76.0,16.1,64.0,0.0,10.1,MONITOR,100.0,Conditions optimal for Onion (Moisture: 76.0%). No immediate watering needed.,0
2026-05-26 06:58:12,75.0,16.1,64.0,0.0,10.1,MONITOR,100.0,Conditions optimal for Onion (Moisture: 75.0%). No immediate watering needed.,0
2026-05-26 06:58:19,73.0,16.1,64.0,0.0,10.1,MONITOR,100.0,Conditions optimal for Onion (Moisture: 73.0%). No immediate watering needed.,0
2026-05-26 06:58:27,78.0,16.1,64.0,0.0,10.1,MONITOR,100.0,Conditions optimal for Onion (Moisture: 78.0%). No immediate watering needed.,0
2026-05-26 06:58:34,75.0,16.1,64.0,0.0,10.1,MONITOR,100.0,Conditions optimal for Onion (Moisture: 75.0%). No immediate watering needed.,0
2026-05-26 06:58:41,76.0,16.1,64.0,0.0,10.1,MONITOR,100.0,Conditions optimal for Onion (Moisture: 76.0%). No immediate watering needed.,0
2026-05-26 06:58:49,76.0,16.1,64.0,0.0,10.1,MONITOR,100.0,Conditions optimal for Onion (Moisture: 76.0%). No immediate watering needed.,0
2026-05-26 06:58:54,76.0,16.1,64.0,0.0,10.1,MONITOR,100.0,Conditions optimal for Onion (Moisture: 76.0%). No immediate watering needed.,0
2026-05-26 06:58:59,75.0,16.1,64.0,0.0,10.1,MONITOR,100.0,Conditions optimal for Onion (Moisture: 75.0%). No immediate watering needed.,0
2026-05-26 06:59:06,76.0,16.1,64.0,0.0,10.1,MONITOR,100.0,Conditions optimal for Onion (Moisture: 76.0%). No immediate watering needed.,0
2026-05-26 06:59:13,75.0,16.1,64.0,0.0,10.1,MONITOR,100.0,Conditions optimal for Onion (Moisture: 75.0%). No immediate watering needed.,0
2026-05-26 06:59:21,76.0,16.1,64.0,0.0,10.1,MONITOR,100.0,Conditions optimal for Onion (Moisture: 76.0%). No immediate watering needed.,0
2026-05-26 06:59:28,75.0,16.1,64.0,0.0,10.1,MONITOR,100.0,Conditions optimal for Onion (Moisture: 75.0%). No immediate watering needed.,0
2026-05-26 06:59:35,76.0,16.1,64.0,0.0,10.1,MONITOR,100.0,Conditions optimal for Onion (Moisture: 76.0%). No immediate watering needed.,0
2026-05-26 06:59:43,75.0,16.1,64.0,0.0,10.1,MONITOR,100.0,Conditions optimal for Onion (Moisture: 75.0%). No immediate watering needed.,0
2026-05-26 06:59:50,75.0,16.1,64.0,0.0,10.1,MONITOR,100.0,Conditions optimal for Onion (Moisture: 75.0%). No immediate watering needed.,0
2026-05-26 06:59:55,75.0,16.1,64.0,0.0,10.1,MONITOR,100.0,Conditions optimal for Onion (Moisture: 75.0%). No immediate watering needed.,0
2026-05-26 07:00:00,77.0,16.1,64.0,0.0,10.1,MONITOR,100.0,Conditions optimal for Onion (Moisture: 77.0%). No immediate watering needed.,0
2026-05-26 07:00:08,76.0,16.1,64.0,0.0,10.1,MONITOR,100.0,Conditions optimal for Onion (Moisture: 76.0%). No immediate watering needed.,0
2026-05-26 07:00:15,75.0,16.1,64.0,0.0,10.1,MONITOR,100.0,Conditions optimal for Onion (Moisture: 75.0%). No immediate watering needed.,0
2026-05-26 07:00:22,76.0,16.1,64.0,0.0,10.1,MONITOR,100.0,Conditions optimal for Onion (Moisture: 76.0%). No immediate watering needed.,0
2026-05-26 07:00:29,75.0,16.1,64.0,0.0,10.1,MONITOR,100.0,Conditions optimal for Onion (Moisture: 75.0%). No immediate watering needed.,0
2026-05-26 07:00:37,75.0,16.1,64.0,0.0,10.1,MONITOR,100.0,Conditions optimal for Onion (Moisture: 75.0%). No immediate watering needed.,0
2026-05-26 07:00:42,75.0,16.1,64.0,0.0,10.1,MONITOR,100.0,Conditions optimal for Onion (Moisture: 75.0%). No immediate watering needed.,0
2026-05-26 07:00:47,75.0,16.1,64.0,0.0,10.1,MONITOR,100.0,Conditions optimal for Onion (Moisture: 75.0%). No immediate watering needed.,0
2026-05-26 07:00:52,76.0,16.1,64.0,0.0,10.1,MONITOR,100.0,Conditions optimal for Onion (Moisture: 76.0%). No immediate watering needed.,0
2026-05-26 07:01:00,76.0,16.1,64.0,0.0,10.1,MONITOR,100.0,Conditions optimal for Onion (Moisture: 76.0%). No immediate watering needed.,0
2026-05-26 07:01:05,75.0,16.1,64.0,0.0,10.1,MONITOR,100.0,Conditions optimal for Onion (Moisture: 75.0%). No immediate watering needed.,0
2026-05-26 07:01:12,74.0,16.1,64.0,0.0,10.1,MONITOR,100.0,Conditions optimal for Onion (Moisture: 74.0%). No immediate watering needed.,0
2026-05-26 07:01:19,76.0,16.1,64.0,0.0,10.1,MONITOR,100.0,Conditions optimal for Onion (Moisture: 76.0%). No immediate watering needed.,0
2026-05-26 07:01:27,75.0,16.1,64.0,0.0,10.1,MONITOR,100.0,Conditions optimal for Onion (Moisture: 75.0%). No immediate watering needed.,0
2026-05-26 07:01:34,76.0,16.1,64.0,0.0,10.1,MONITOR,100.0,Conditions optimal for Onion (Moisture: 76.0%). No immediate watering needed.,0
2026-05-26 07:01:41,75.0,16.1,64.0,0.0,10.1,MONITOR,100.0,Conditions optimal for Onion (Moisture: 75.0%). No immediate watering needed.,0
2026-05-26 07:01:48,77.0,16.2,64.0,0.0,10.1,MONITOR,100.0,Conditions optimal for Onion (Moisture: 77.0%). No immediate watering needed.,0
2026-05-26 07:01:56,75.0,16.2,64.0,0.0,10.1,MONITOR,100.0,Conditions optimal for Onion (Moisture: 75.0%). No immediate watering needed.,0
2026-05-26 07:02:03,76.0,16.2,64.0,0.0,10.1,MONITOR,100.0,Conditions optimal for Onion (Moisture: 76.0%). No immediate watering needed.,0
2026-05-26 07:02:10,75.0,16.2,64.0,0.0,10.1,MONITOR,100.0,Conditions optimal for Onion (Moisture: 75.0%). No immediate watering needed.,0
2026-05-26 07:02:17,75.0,16.1,64.0,0.0,10.1,MONITOR,100.0,Conditions optimal for Onion (Moisture: 75.0%). No immediate watering needed.,0
2026-05-26 07:02:23,74.0,16.1,64.0,0.0,10.1,MONITOR,100.0,Conditions optimal for Onion (Moisture: 74.0%). No immediate watering needed.,0
2026-05-26 07:02:30,75.0,16.1,64.0,0.0,10.1,MONITOR,100.0,Conditions optimal for Onion (Moisture: 75.0%). No immediate watering needed.,0
2026-05-26 07:02:37,77.0,16.1,64.0,0.0,10.1,MONITOR,100.0,Conditions optimal for Onion (Moisture: 77.0%). No immediate watering needed.,0
2026-05-26 07:02:44,75.0,16.1,64.0,0.0,10.1,MONITOR,100.0,Conditions optimal for Onion (Moisture: 75.0%). No immediate watering needed.,0
2026-05-26 07:02:52,76.0,16.1,64.0,0.0,10.1,MONITOR,100.0,Conditions optimal for Onion (Moisture: 76.0%). No immediate watering needed.,0
2026-05-26 07:02:59,76.0,16.1,64.0,0.0,10.1,MONITOR,100.0,Conditions optimal for Onion (Moisture: 76.0%). No immediate watering needed.,0
2026-05-26 07:03:04,74.0,16.1,64.0,0.0,10.1,MONITOR,100.0,Conditions optimal for Onion (Moisture: 74.0%). No immediate watering needed.,0
2026-05-26 07:03:11,75.0,16.1,64.0,0.0,10.1,MONITOR,100.0,Conditions optimal for Onion (Moisture: 75.0%). No immediate watering needed.,0
2026-05-26 07:03:19,76.0,16.1,64.0,0.0,10.1,MONITOR,100.0,Conditions optimal for Onion (Moisture: 76.0%). No immediate watering needed.,0
2026-05-26 07:03:26,75.0,16.1,64.0,0.0,10.1,MONITOR,100.0,Conditions optimal for Onion (Moisture: 75.0%). No immediate watering needed.,0
2026-05-26 07:03:33,76.0,16.1,64.0,0.0,10.1,MONITOR,100.0,Conditions optimal for Onion (Moisture: 76.0%). No immediate watering needed.,0
2026-05-26 07:03:41,75.0,16.1,64.0,0.0,10.1,MONITOR,100.0,Conditions optimal for Onion (Moisture: 75.0%). No immediate watering needed.,0
2026-05-26 07:03:48,76.0,16.1,64.0,0.0,10.1,MONITOR,100.0,Conditions optimal for Onion (Moisture: 76.0%). No immediate watering needed.,0
2026-05-26 07:03:55,75.0,16.1,64.0,0.0,10.1,MONITOR,100.0,Conditions optimal for Onion (Moisture: 75.0%). No immediate watering needed.,0
2026-05-26 07:04:02,76.0,16.1,64.0,0.0,10.1,MONITOR,100.0,Conditions optimal for Onion (Moisture: 76.0%). No immediate watering needed.,0
2026-05-26 07:04:10,76.0,16.1,64.0,0.0,10.1,MONITOR,100.0,Conditions optimal for Onion (Moisture: 76.0%). No immediate watering needed.,0
2026-05-26 07:04:15,76.0,16.1,64.0,0.0,10.1,MONITOR,100.0,Conditions optimal for Onion (Moisture: 76.0%). No immediate watering needed.,0
2026-05-26 07:04:20,75.0,16.1,64.0,0.0,10.1,MONITOR,100.0,Conditions optimal for Onion (Moisture: 75.0%). No immediate watering needed.,0
2026-05-26 07:04:27,75.0,16.1,64.0,0.0,10.1,MONITOR,100.0,Conditions optimal for Onion (Moisture: 75.0%). No immediate watering needed.,0
2026-05-26 07:04:33,76.0,16.1,64.0,0.0,10.1,MONITOR,100.0,Conditions optimal for Onion (Moisture: 76.0%). No immediate watering needed.,0
2026-05-26 07:04:40,77.0,16.1,64.0,0.0,10.1,MONITOR,100.0,Conditions optimal for Onion (Moisture: 77.0%). No immediate watering needed.,0
2026-05-26 07:04:47,75.0,16.1,64.0,0.0,10.1,MONITOR,100.0,Conditions optimal for Onion (Moisture: 75.0%). No immediate watering needed.,0
2026-05-26 07:04:54,75.0,16.1,64.0,0.0,10.1,MONITOR,100.0,Conditions optimal for Onion (Moisture: 75.0%). No immediate watering needed.,0
2026-05-26 07:05:00,75.0,16.1,64.0,0.0,10.1,MONITOR,100.0,Conditions optimal for Onion (Moisture: 75.0%). No immediate watering needed.,0
2026-05-26 07:05:05,76.0,16.1,64.0,0.0,10.1,MONITOR,100.0,Conditions optimal for Onion (Moisture: 76.0%). No immediate watering needed.,0
2026-05-26 07:05:12,75.0,16.1,64.0,0.0,10.1,MONITOR,100.0,Conditions optimal for Onion (Moisture: 75.0%). No immediate watering needed.,0
2026-05-26 07:05:19,76.0,16.1,64.0,0.0,10.1,MONITOR,100.0,Conditions optimal for Onion (Moisture: 76.0%). No immediate watering needed.,0
2026-05-26 07:05:27,76.0,16.1,64.0,0.0,10.1,MONITOR,100.0,Conditions optimal for Onion (Moisture: 76.0%). No immediate watering needed.,0
2026-05-26 07:05:32,74.0,16.1,64.0,0.0,10.1,MONITOR,100.0,Conditions optimal for Onion (Moisture: 74.0%). No immediate watering needed.,0
2026-05-26 07:05:39,75.0,16.1,64.0,0.0,10.1,MONITOR,100.0,Conditions optimal for Onion (Moisture: 75.0%). No immediate watering needed.,0
2026-05-26 07:05:46,75.0,16.1,64.0,0.0,10.1,MONITOR,100.0,Conditions optimal for Onion (Moisture: 75.0%). No immediate watering needed.,0
2026-05-26 07:05:52,75.0,16.1,64.0,0.0,10.1,MONITOR,100.0,Conditions optimal for Onion (Moisture: 75.0%). No immediate watering needed.,0
2026-05-26 07:05:57,76.0,16.1,64.0,0.0,10.1,MONITOR,100.0,Conditions optimal for Onion (Moisture: 76.0%). No immediate watering needed.,0
2026-05-26 07:06:04,75.0,16.1,64.0,0.0,10.1,MONITOR,100.0,Conditions optimal for Onion (Moisture: 75.0%). No immediate watering needed.,0
2026-05-26 07:06:11,75.0,16.1,64.0,0.0,10.1,MONITOR,100.0,Conditions optimal for Onion (Moisture: 75.0%). No immediate watering needed.,0
2026-05-26 07:06:17,75.0,16.1,64.0,0.0,10.1,MONITOR,100.0,Conditions optimal for Onion (Moisture: 75.0%). No immediate watering needed.,0
2026-05-26 07:06:22,76.0,16.1,64.0,0.0,10.1,MONITOR,100.0,Conditions optimal for Onion (Moisture: 76.0%). No immediate watering needed.,0
2026-05-26 07:06:29,74.0,16.1,64.0,0.0,10.1,MONITOR,100.0,Conditions optimal for Onion (Moisture: 74.0%). No immediate watering needed.,0
2026-05-26 07:06:37,76.0,16.2,64.0,0.0,10.1,MONITOR,100.0,Conditions optimal for Onion (Moisture: 76.0%). No immediate watering needed.,0
2026-05-26 07:06:44,74.0,16.2,64.0,0.0,10.1,MONITOR,100.0,Conditions optimal for Onion (Moisture: 74.0%). No immediate watering needed.,0
2026-05-26 07:06:51,75.0,16.2,64.0,0.0,10.1,MONITOR,100.0,Conditions optimal for Onion (Moisture: 75.0%). No immediate watering needed.,0
2026-05-26 07:06:58,76.0,16.2,64.0,0.0,10.1,MONITOR,100.0,Conditions optimal for Onion (Moisture: 76.0%). No immediate watering needed.,0
2026-05-26 07:07:06,74.0,16.2,65.0,0.0,10.1,MONITOR,100.0,Conditions optimal for Onion (Moisture: 74.0%). No immediate watering needed.,0
2026-05-26 07:07:13,76.0,16.2,65.0,0.0,10.1,MONITOR,100.0,Conditions optimal for Onion (Moisture: 76.0%). No immediate watering needed.,0
2026-05-26 07:07:20,75.0,16.2,65.0,0.0,10.1,MONITOR,100.0,Conditions optimal for Onion (Moisture: 75.0%). No immediate watering needed.,0
2026-05-26 07:07:28,73.0,16.2,65.0,0.0,10.1,MONITOR,100.0,Conditions optimal for Onion (Moisture: 73.0%). No immediate watering needed.,0
2026-05-26 07:07:35,75.0,16.2,65.0,0.0,10.1,MONITOR,100.0,Conditions optimal for Onion (Moisture: 75.0%). No immediate watering needed.,0
2026-05-26 07:07:42,75.0,16.2,65.0,0.0,10.1,MONITOR,100.0,Conditions optimal for Onion (Moisture: 75.0%). No immediate watering needed.,0
2026-05-26 07:07:47,75.0,16.2,65.0,0.0,10.1,MONITOR,100.0,Conditions optimal for Onion (Moisture: 75.0%). No immediate watering needed.,0
2026-05-26 07:07:53,76.0,16.2,65.0,0.0,10.1,MONITOR,100.0,Conditions optimal for Onion (Moisture: 76.0%). No immediate watering needed.,0
2026-05-26 07:08:00,76.0,16.2,65.0,0.0,10.1,MONITOR,100.0,Conditions optimal for Onion (Moisture: 76.0%). No immediate watering needed.,0
2026-05-26 07:08:05,76.0,16.2,65.0,0.0,10.1,MONITOR,100.0,Conditions optimal for Onion (Moisture: 76.0%). No immediate watering needed.,0
2026-05-26 07:08:10,74.0,16.2,65.0,0.0,10.1,MONITOR,100.0,Conditions optimal for Onion (Moisture: 74.0%). No immediate watering needed.,0
2026-05-26 07:08:18,76.0,16.2,65.0,0.0,10.1,MONITOR,100.0,Conditions optimal for Onion (Moisture: 76.0%). No immediate watering needed.,0
2026-05-26 07:08:25,76.0,16.2,65.0,0.0,10.1,MONITOR,100.0,Conditions optimal for Onion (Moisture: 76.0%). No immediate watering needed.,0
2026-05-26 07:08:30,75.0,16.2,65.0,0.0,10.1,MONITOR,100.0,Conditions optimal for Onion (Moisture: 75.0%). No immediate watering needed.,0
2026-05-26 07:08:37,75.0,16.2,65.0,0.0,10.1,MONITOR,100.0,Conditions optimal for Onion (Moisture: 75.0%). No immediate watering needed.,0
2026-05-26 07:08:43,75.0,16.2,65.0,0.0,10.1,MONITOR,100.0,Conditions optimal for Onion (Moisture: 75.0%). No immediate watering needed.,0
2026-05-26 07:08:48,75.0,16.2,65.0,0.0,10.1,MONITOR,100.0,Conditions optimal for Onion (Moisture: 75.0%). No immediate watering needed.,0
2026-05-26 07:08:53,76.0,16.2,65.0,0.0,10.1,MONITOR,100.0,Conditions optimal for Onion (Moisture: 76.0%). No immediate watering needed.,0
2026-05-26 07:09:00,73.0,16.2,65.0,0.0,10.1,MONITOR,100.0,Conditions optimal for Onion (Moisture: 73.0%). No immediate watering needed.,0
2026-05-26 07:09:08,74.0,16.2,65.0,0.0,10.1,MONITOR,100.0,Conditions optimal for Onion (Moisture: 74.0%). No immediate watering needed.,0
2026-05-26 07:09:15,74.0,16.2,65.0,0.0,10.1,MONITOR,100.0,Conditions optimal for Onion (Moisture: 74.0%). No immediate watering needed.,0
2026-05-26 07:09:20,75.0,16.2,65.0,0.0,10.1,MONITOR,100.0,Conditions optimal for Onion (Moisture: 75.0%). No immediate watering needed.,0
2026-05-26 07:09:27,76.0,16.2,65.0,0.0,10.1,MONITOR,100.0,Conditions optimal for Onion (Moisture: 76.0%). No immediate watering needed.,0
2026-05-26 07:09:35,76.0,16.2,65.0,0.0,10.1,MONITOR,100.0,Conditions optimal for Onion (Moisture: 76.0%). No immediate watering needed.,0
2026-05-26 07:09:40,75.0,16.2,65.0,0.0,10.1,MONITOR,100.0,Conditions optimal for Onion (Moisture: 75.0%). No immediate watering needed.,0
2026-05-26 07:09:47,75.0,16.3,65.0,0.0,10.1,MONITOR,100.0,Conditions optimal for Onion (Moisture: 75.0%). No immediate watering needed.,0
2026-05-26 07:09:52,75.0,16.3,65.0,0.0,10.1,MONITOR,100.0,Conditions optimal for Onion (Moisture: 75.0%). No immediate watering needed.,0
2026-05-26 07:09:57,76.0,16.3,65.0,0.0,10.1,MONITOR,100.0,Conditions optimal for Onion (Moisture: 76.0%). No immediate watering needed.,0
2026-05-26 07:10:05,75.0,16.4,65.0,0.0,10.1,MONITOR,100.0,Conditions optimal for Onion (Moisture: 75.0%). No immediate watering needed.,0
2026-05-26 07:10:12,76.0,16.2,65.0,0.0,10.1,MONITOR,100.0,Conditions optimal for Onion (Moisture: 76.0%). No immediate watering needed.,0
2026-05-26 07:10:19,75.0,16.2,65.0,0.0,10.1,MONITOR,100.0,Conditions optimal for Onion (Moisture: 75.0%). No immediate watering needed.,0
2026-05-26 07:10:26,75.0,16.2,65.0,0.0,10.1,MONITOR,100.0,Conditions optimal for Onion (Moisture: 75.0%). No immediate watering needed.,0
2026-05-26 07:10:32,75.0,16.2,65.0,0.0,10.1,MONITOR,100.0,Conditions optimal for Onion (Moisture: 75.0%). No immediate watering needed.,0
2026-05-26 07:10:37,75.0,16.4,65.0,0.0,10.1,MONITOR,100.0,Conditions optimal for Onion (Moisture: 75.0%). No immediate watering needed.,0
2026-05-26 07:10:42,75.0,16.4,65.0,0.0,10.1,MONITOR,100.0,Conditions optimal for Onion (Moisture: 75.0%). No immediate watering needed.,0
2026-05-26 07:10:47,74.0,16.4,65.0,0.0,10.1,MONITOR,100.0,Conditions optimal for Onion (Moisture: 74.0%). No immediate watering needed.,0
2026-05-26 07:10:55,75.0,16.5,65.0,0.0,10.1,MONITOR,100.0,Conditions optimal for Onion (Moisture: 75.0%). No immediate watering needed.,0
2026-05-26 07:11:02,77.0,16.4,65.0,0.0,10.1,MONITOR,100.0,Conditions optimal for Onion (Moisture: 77.0%). No immediate watering needed.,0
2026-05-26 07:11:09,75.0,16.3,65.0,0.0,10.1,MONITOR,100.0,Conditions optimal for Onion (Moisture: 75.0%). No immediate watering needed.,0
2026-05-26 07:11:16,75.0,16.2,65.0,0.0,10.1,MONITOR,100.0,Conditions optimal for Onion (Moisture: 75.0%). No immediate watering needed.,0
2026-05-26 07:11:22,75.0,16.2,65.0,0.0,10.1,MONITOR,100.0,Conditions optimal for Onion (Moisture: 75.0%). No immediate watering needed.,0
2026-05-26 07:11:27,75.0,16.2,65.0,0.0,10.1,MONITOR,100.0,Conditions optimal for Onion (Moisture: 75.0%). No immediate watering needed.,0
2026-05-26 07:11:32,75.0,16.2,65.0,0.0,10.1,MONITOR,100.0,Conditions optimal for Onion (Moisture: 75.0%). No immediate watering needed.,0
2026-05-26 07:11:37,75.0,16.2,65.0,0.0,10.1,MONITOR,100.0,Conditions optimal for Onion (Moisture: 75.0%). No immediate watering needed.,0
2026-05-26 07:11:43,75.0,16.2,65.0,0.0,10.1,MONITOR,100.0,Conditions optimal for Onion (Moisture: 75.0%). No immediate watering needed.,0
2026-05-26 07:11:48,75.0,16.2,65.0,0.0,10.1,MONITOR,100.0,Conditions optimal for Onion (Moisture: 75.0%). No immediate watering needed.,0
2026-05-26 07:11:53,75.0,16.2,65.0,0.0,10.1,MONITOR,100.0,Conditions optimal for Onion (Moisture: 75.0%). No immediate watering needed.,0
2026-05-26 07:11:58,75.0,16.2,65.0,0.0,10.1,MONITOR,100.0,Conditions optimal for Onion (Moisture: 75.0%). No immediate watering needed.,0
2026-05-26 07:12:03,75.0,16.1,65.0,0.0,10.1,MONITOR,100.0,Conditions optimal for Onion (Moisture: 75.0%). No immediate watering needed.,0
2026-05-26 07:12:09,75.0,16.2,65.0,0.0,10.1,MONITOR,100.0,Conditions optimal for Onion (Moisture: 75.0%). No immediate watering needed.,0
2026-05-26 07:12:14,75.0,16.2,65.0,0.0,10.1,MONITOR,100.0,Conditions optimal for Onion (Moisture: 75.0%). No immediate watering needed.,0
2026-05-26 07:12:20,75.0,16.2,65.0,0.0,10.1,MONITOR,100.0,Conditions optimal for Onion (Moisture: 75.0%). No immediate watering needed.,0
2026-05-26 07:12:25,75.0,16.2,65.0,0.0,10.1,MONITOR,100.0,Conditions optimal for Onion (Moisture: 75.0%). No immediate watering needed.,0
2026-05-26 07:12:30,75.0,16.2,65.0,0.0,10.1,MONITOR,100.0,Conditions optimal for Onion (Moisture: 75.0%). No immediate watering needed.,0
2026-05-26 07:12:35,75.0,16.2,65.0,0.0,10.1,MONITOR,100.0,Conditions optimal for Onion (Moisture: 75.0%). No immediate watering needed.,0
2026-05-26 07:12:41,75.0,16.2,65.0,0.0,10.1,MONITOR,100.0,Conditions optimal for Onion (Moisture: 75.0%). No immediate watering needed.,0
2026-05-26 07:12:46,75.0,16.2,65.0,0.0,10.1,MONITOR,100.0,Conditions optimal for Onion (Moisture: 75.0%). No immediate watering needed.,0
2026-05-26 07:12:51,76.0,16.2,65.0,0.0,10.1,MONITOR,100.0,Conditions optimal for Onion (Moisture: 76.0%). No immediate watering needed.,0
2026-05-26 07:12:58,75.0,16.2,65.0,0.0,10.1,MONITOR,100.0,Conditions optimal for Onion (Moisture: 75.0%). No immediate watering needed.,0
2026-05-26 07:13:06,76.0,16.2,65.0,0.0,10.1,MONITOR,100.0,Conditions optimal for Onion (Moisture: 76.0%). No immediate watering needed.,0
2026-05-26 07:13:13,77.0,16.2,65.0,0.0,10.1,MONITOR,100.0,Conditions optimal for Onion (Moisture: 77.0%). No immediate watering needed.,0
2026-05-26 07:13:20,75.0,16.2,65.0,0.0,10.1,MONITOR,100.0,Conditions optimal for Onion (Moisture: 75.0%). No immediate watering needed.,0
2026-05-26 07:13:27,79.0,16.2,65.0,0.0,10.1,MONITOR,100.0,Conditions optimal for Onion (Moisture: 79.0%). No immediate watering needed.,0
2026-05-26 07:13:35,75.0,16.2,65.0,0.0,10.1,MONITOR,100.0,Conditions optimal for Onion (Moisture: 75.0%). No immediate watering needed.,0
2026-05-26 07:13:42,76.0,16.2,65.0,0.0,10.1,MONITOR,100.0,Conditions optimal for Onion (Moisture: 76.0%). No immediate watering needed.,0
2026-05-26 07:13:49,75.0,16.2,65.0,0.0,10.1,MONITOR,100.0,Conditions optimal for Onion (Moisture: 75.0%). No immediate watering needed.,0
2026-05-26 07:13:57,76.0,16.2,65.0,0.0,10.1,MONITOR,100.0,Conditions optimal for Onion (Moisture: 76.0%). No immediate watering needed.,0
2026-05-26 07:14:04,77.0,16.2,65.0,0.0,10.1,MONITOR,100.0,Conditions optimal for Onion (Moisture: 77.0%). No immediate watering needed.,0
2026-05-26 07:14:11,75.0,16.2,65.0,0.0,10.1,MONITOR,100.0,Conditions optimal for Onion (Moisture: 75.0%). No immediate watering needed.,0
2026-05-26 07:14:18,75.0,16.2,65.0,0.0,10.1,MONITOR,100.0,Conditions optimal for Onion (Moisture: 75.0%). No immediate watering needed.,0
2026-05-26 07:14:24,76.0,16.2,65.0,0.0,10.1,MONITOR,100.0,Conditions optimal for Onion (Moisture: 76.0%). No immediate watering needed.,0
2026-05-26 07:14:31,76.0,16.2,65.0,0.0,10.1,MONITOR,100.0,Conditions optimal for Onion (Moisture: 76.0%). No immediate watering needed.,0
2026-05-26 07:14:36,75.0,16.3,65.0,0.0,10.1,MONITOR,100.0,Conditions optimal for Onion (Moisture: 75.0%). No immediate watering needed.,0
2026-05-26 07:14:43,76.0,16.4,65.0,0.0,10.1,MONITOR,100.0,Conditions optimal for Onion (Moisture: 76.0%). No immediate watering needed.,0
2026-05-26 07:14:51,74.0,16.4,65.0,0.0,10.1,MONITOR,100.0,Conditions optimal for Onion (Moisture: 74.0%). No immediate watering needed.,0
2026-05-26 07:14:58,76.0,16.5,65.0,0.0,10.1,MONITOR,100.0,Conditions optimal for Onion (Moisture: 76.0%). No immediate watering needed.,0
2026-05-26 07:15:05,75.0,16.5,65.0,0.0,10.1,MONITOR,100.0,Conditions optimal for Onion (Moisture: 75.0%). No immediate watering needed.,0
2026-05-26 07:15:12,76.0,16.6,65.0,0.0,10.1,MONITOR,100.0,Conditions optimal for Onion (Moisture: 76.0%). No immediate watering needed.,0
2026-05-26 07:15:20,76.0,16.6,65.0,0.0,10.1,MONITOR,100.0,Conditions optimal for Onion (Moisture: 76.0%). No immediate watering needed.,0
2026-05-26 07:15:25,75.0,16.6,65.0,0.0,10.1,MONITOR,100.0,Conditions optimal for Onion (Moisture: 75.0%). No immediate watering needed.,0
2026-05-26 07:15:32,76.0,16.6,65.0,0.0,10.1,MONITOR,100.0,Conditions optimal for Onion (Moisture: 76.0%). No immediate watering needed.,0
2026-05-26 07:15:39,75.0,16.6,65.0,0.0,10.1,MONITOR,100.0,Conditions optimal for Onion (Moisture: 75.0%). No immediate watering needed.,0
2026-05-26 07:15:47,75.0,16.6,65.0,0.0,10.1,MONITOR,100.0,Conditions optimal for Onion (Moisture: 75.0%). No immediate watering needed.,0
2026-05-26 07:15:52,76.0,16.6,65.0,0.0,10.1,MONITOR,100.0,Conditions optimal for Onion (Moisture: 76.0%). No immediate watering needed.,0
2026-05-26 07:15:59,75.0,16.6,65.0,0.0,10.1,MONITOR,100.0,Conditions optimal for Onion (Moisture: 75.0%). No immediate watering needed.,0
2026-05-26 07:16:06,76.0,16.5,65.0,0.0,10.1,MONITOR,100.0,Conditions optimal for Onion (Moisture: 76.0%). No immediate watering needed.,0
2026-05-26 07:16:14,75.0,16.5,65.0,0.0,10.1,MONITOR,100.0,Conditions optimal for Onion (Moisture: 75.0%). No immediate watering needed.,0
2026-05-26 07:16:21,76.0,16.4,65.0,0.0,10.1,MONITOR,100.0,Conditions optimal for Onion (Moisture: 76.0%). No immediate watering needed.,0
2026-05-26 07:16:28,76.0,16.4,65.0,0.0,10.1,MONITOR,100.0,Conditions optimal for Onion (Moisture: 76.0%). No immediate watering needed.,0
2026-05-26 07:16:33,73.0,16.3,65.0,0.0,10.1,MONITOR,100.0,Conditions optimal for Onion (Moisture: 73.0%). No immediate watering needed.,0
2026-05-26 07:16:41,76.0,16.3,65.0,0.0,10.1,MONITOR,100.0,Conditions optimal for Onion (Moisture: 76.0%). No immediate watering needed.,0
2026-05-26 07:16:48,75.0,16.3,65.0,0.0,10.1,MONITOR,100.0,Conditions optimal for Onion (Moisture: 75.0%). No immediate watering needed.,0
2026-05-26 07:16:55,74.0,16.3,65.0,0.0,10.1,MONITOR,100.0,Conditions optimal for Onion (Moisture: 74.0%). No immediate watering needed.,0
2026-05-26 07:17:02,76.0,16.2,65.0,0.0,10.1,MONITOR,100.0,Conditions optimal for Onion (Moisture: 76.0%). No immediate watering needed.,0
2026-05-26 07:17:10,77.0,16.2,65.0,0.0,10.1,MONITOR,100.0,Conditions optimal for Onion (Moisture: 77.0%). No immediate watering needed.,0
2026-05-26 07:17:17,75.0,16.2,65.0,0.0,10.1,MONITOR,100.0,Conditions optimal for Onion (Moisture: 75.0%). No immediate watering needed.,0
2026-05-26 07:17:24,76.0,16.2,65.0,0.0,10.1,MONITOR,100.0,Conditions optimal for Onion (Moisture: 76.0%). No immediate watering needed.,0
2026-05-26 07:17:32,75.0,16.2,65.0,0.0,10.1,MONITOR,100.0,Conditions optimal for Onion (Moisture: 75.0%). No immediate watering needed.,0
2026-05-26 07:17:39,76.0,16.2,65.0,0.0,10.1,MONITOR,100.0,Conditions optimal for Onion (Moisture: 76.0%). No immediate watering needed.,0
2026-05-26 07:17:46,75.0,16.2,65.0,0.0,10.1,MONITOR,100.0,Conditions optimal for Onion (Moisture: 75.0%). No immediate watering needed.,0
2026-05-26 07:17:53,75.0,16.3,65.0,0.0,10.1,MONITOR,100.0,Conditions optimal for Onion (Moisture: 75.0%). No immediate watering needed.,0
2026-05-26 07:17:59,76.0,16.4,65.0,0.0,10.1,MONITOR,100.0,Conditions optimal for Onion (Moisture: 76.0%). No immediate watering needed.,0
2026-05-26 07:18:06,73.0,16.5,65.0,0.0,10.1,MONITOR,100.0,Conditions optimal for Onion (Moisture: 73.0%). No immediate watering needed.,0
2026-05-26 07:18:13,77.0,16.5,65.0,0.0,10.1,MONITOR,100.0,Conditions optimal for Onion (Moisture: 77.0%). No immediate watering needed.,0
2026-05-26 07:18:21,75.0,16.5,65.0,0.0,10.1,MONITOR,100.0,Conditions optimal for Onion (Moisture: 75.0%). No immediate watering needed.,0
2026-05-26 07:18:28,79.0,16.5,65.0,0.0,10.1,MONITOR,100.0,Conditions optimal for Onion (Moisture: 79.0%). No immediate watering needed.,0
2026-05-26 07:18:35,76.0,16.5,65.0,0.0,10.1,MONITOR,100.0,Conditions optimal for Onion (Moisture: 76.0%). No immediate watering needed.,0
2026-05-26 07:18:42,75.0,16.5,65.0,0.0,10.1,MONITOR,100.0,Conditions optimal for Onion (Moisture: 75.0%). No immediate watering needed.,0
2026-05-26 07:18:50,75.0,16.5,65.0,0.0,10.1,MONITOR,100.0,Conditions optimal for Onion (Moisture: 75.0%). No immediate watering needed.,0
2026-05-26 07:18:55,76.0,16.5,65.0,0.0,10.1,MONITOR,100.0,Conditions optimal for Onion (Moisture: 76.0%). No immediate watering needed.,0
2026-05-26 07:19:02,75.0,16.2,65.0,0.0,10.1,MONITOR,100.0,Conditions optimal for Onion (Moisture: 75.0%). No immediate watering needed.,0
2026-05-26 07:19:09,75.0,16.2,65.0,0.0,10.1,MONITOR,100.0,Conditions optimal for Onion (Moisture: 75.0%). No immediate watering needed.,0
2026-05-26 07:19:15,76.0,16.2,65.0,0.0,10.1,MONITOR,100.0,Conditions optimal for Onion (Moisture: 76.0%). No immediate watering needed.,0
2026-05-26 07:19:22,76.0,16.2,65.0,0.0,10.1,MONITOR,100.0,Conditions optimal for Onion (Moisture: 76.0%). No immediate watering needed.,0
2026-05-26 07:19:27,74.0,16.2,65.0,0.0,10.1,MONITOR,100.0,Conditions optimal for Onion (Moisture: 74.0%). No immediate watering needed.,0
2026-05-26 07:19:34,75.0,16.2,65.0,0.0,10.1,MONITOR,100.0,Conditions optimal for Onion (Moisture: 75.0%). No immediate watering needed.,0
2026-05-26 07:19:42,75.0,16.2,65.0,0.0,10.1,MONITOR,100.0,Conditions optimal for Onion (Moisture: 75.0%). No immediate watering needed.,0
2026-05-26 07:19:47,76.0,16.2,65.0,0.0,10.1,MONITOR,100.0,Conditions optimal for Onion (Moisture: 76.0%). No immediate watering needed.,0
2026-05-26 07:19:54,75.0,16.4,65.0,0.0,10.1,MONITOR,100.0,Conditions optimal for Onion (Moisture: 75.0%). No immediate watering needed.,0
2026-05-26 07:20:01,73.0,16.5,65.0,0.0,10.1,MONITOR,100.0,Conditions optimal for Onion (Moisture: 73.0%). No immediate watering needed.,0
2026-05-26 07:20:09,74.0,16.6,65.0,0.0,10.1,MONITOR,100.0,Conditions optimal for Onion (Moisture: 74.0%). No immediate watering needed.,0
2026-05-26 07:20:16,76.0,16.6,65.0,0.0,10.1,MONITOR,100.0,Conditions optimal for Onion (Moisture: 76.0%). No immediate watering needed.,0
2026-05-26 07:20:23,75.0,16.6,65.0,0.0,10.1,MONITOR,100.0,Conditions optimal for Onion (Moisture: 75.0%). No immediate watering needed.,0
2026-05-26 07:20:31,75.0,16.6,65.0,0.0,10.1,MONITOR,100.0,Conditions optimal for Onion (Moisture: 75.0%). No immediate watering needed.,0
2026-05-26 07:20:36,73.0,16.6,65.0,0.0,10.1,MONITOR,100.0,Conditions optimal for Onion (Moisture: 73.0%). No immediate watering needed.,0
2026-05-26 07:20:43,75.0,16.6,65.0,0.0,10.1,MONITOR,100.0,Conditions optimal for Onion (Moisture: 75.0%). No immediate watering needed.,0
2026-05-26 07:20:50,75.0,16.6,65.0,0.0,10.1,MONITOR,100.0,Conditions optimal for Onion (Moisture: 75.0%). No immediate watering needed.,0
2026-05-26 07:20:56,75.0,16.6,65.0,0.0,10.1,MONITOR,100.0,Conditions optimal for Onion (Moisture: 75.0%). No immediate watering needed.,0
2026-05-26 07:21:01,76.0,16.6,65.0,0.0,10.1,MONITOR,100.0,Conditions optimal for Onion (Moisture: 76.0%). No immediate watering needed.,0
2026-05-26 07:21:08,75.0,16.6,65.0,0.0,10.1,MONITOR,100.0,Conditions optimal for Onion (Moisture: 75.0%). No immediate watering needed.,0
2026-05-26 07:21:15,74.0,16.6,65.0,0.0,10.1,MONITOR,100.0,Conditions optimal for Onion (Moisture: 74.0%). No immediate watering needed.,0
2026-05-26 07:21:23,75.0,16.6,65.0,0.0,10.1,MONITOR,100.0,Conditions optimal for Onion (Moisture: 75.0%). No immediate watering needed.,0
2026-05-26 07:21:30,75.0,16.6,65.0,0.0,10.1,MONITOR,100.0,Conditions optimal for Onion (Moisture: 75.0%). No immediate watering needed.,0
2026-05-26 07:21:35,75.0,16.6,65.0,0.0,10.1,MONITOR,100.0,Conditions optimal for Onion (Moisture: 75.0%). No immediate watering needed.,0
2026-05-26 07:21:40,76.0,16.6,65.0,0.0,10.1,MONITOR,100.0,Conditions optimal for Onion (Moisture: 76.0%). No immediate watering needed.,0
2026-05-26 07:21:48,75.0,16.6,65.0,0.0,10.1,MONITOR,100.0,Conditions optimal for Onion (Moisture: 75.0%). No immediate watering needed.,0
2026-05-26 07:21:55,75.0,16.6,65.0,0.0,10.1,MONITOR,100.0,Conditions optimal for Onion (Moisture: 75.0%). No immediate watering needed.,0
2026-05-26 07:22:00,75.0,16.6,65.0,0.0,10.1,MONITOR,100.0,Conditions optimal for Onion (Moisture: 75.0%). No immediate watering needed.,0
2026-05-26 07:22:05,75.0,16.6,65.0,0.0,10.1,MONITOR,100.0,Conditions optimal for Onion (Moisture: 75.0%). No immediate watering needed.,0
2026-05-26 07:22:11,74.0,16.6,65.0,0.0,10.1,MONITOR,100.0,Conditions optimal for Onion (Moisture: 74.0%). No immediate watering needed.,0
2026-05-26 07:22:18,75.0,16.6,65.0,0.0,10.1,MONITOR,100.0,Conditions optimal for Onion (Moisture: 75.0%). No immediate watering needed.,0
2026-05-26 07:22:25,74.0,16.6,65.0,0.0,10.1,MONITOR,100.0,Conditions optimal for Onion (Moisture: 74.0%). No immediate watering needed.,0
2026-05-26 07:22:32,75.0,16.6,65.0,0.0,10.1,MONITOR,100.0,Conditions optimal for Onion (Moisture: 75.0%). No immediate watering needed.,0
2026-05-26 07:22:40,75.0,16.6,65.0,0.0,10.1,MONITOR,100.0,Conditions optimal for Onion (Moisture: 75.0%). No immediate watering needed.,0
2026-05-26 07:22:45,76.0,16.6,65.0,0.0,10.1,MONITOR,100.0,Conditions optimal for Onion (Moisture: 76.0%). No immediate watering needed.,0
2026-05-26 07:22:52,75.0,16.6,65.0,0.0,10.1,MONITOR,100.0,Conditions optimal for Onion (Moisture: 75.0%). No immediate watering needed.,0
2026-05-26 07:23:00,73.0,16.6,65.0,0.0,10.1,MONITOR,100.0,Conditions optimal for Onion (Moisture: 73.0%). No immediate watering needed.,0
2026-05-26 07:23:07,75.0,16.6,65.0,0.0,10.1,MONITOR,100.0,Conditions optimal for Onion (Moisture: 75.0%). No immediate watering needed.,0
2026-05-26 07:23:14,75.0,16.6,65.0,0.0,10.1,MONITOR,100.0,Conditions optimal for Onion (Moisture: 75.0%). No immediate watering needed.,0
2026-05-26 07:23:19,75.0,16.6,65.0,0.0,10.1,MONITOR,100.0,Conditions optimal for Onion (Moisture: 75.0%). No immediate watering needed.,0
2026-05-26 07:23:25,75.0,16.6,65.0,0.0,10.1,MONITOR,100.0,Conditions optimal for Onion (Moisture: 75.0%). No immediate watering needed.,0
2026-05-26 07:23:30,75.0,16.6,65.0,0.0,10.1,MONITOR,100.0,Conditions optimal for Onion (Moisture: 75.0%). No immediate watering needed.,0
2026-05-26 07:23:35,75.0,16.6,65.0,0.0,10.1,MONITOR,100.0,Conditions optimal for Onion (Moisture: 75.0%). No immediate watering needed.,0
2026-05-26 07:23:40,73.0,16.6,65.0,0.0,10.1,MONITOR,100.0,Conditions optimal for Onion (Moisture: 73.0%). No immediate watering needed.,0
2026-05-26 07:23:48,75.0,16.6,65.0,0.0,10.1,MONITOR,100.0,Conditions optimal for Onion (Moisture: 75.0%). No immediate watering needed.,0
2026-05-26 07:23:55,77.0,16.6,65.0,0.0,10.1,MONITOR,100.0,Conditions optimal for Onion (Moisture: 77.0%). No immediate watering needed.,0
2026-05-26 07:24:02,75.0,16.6,65.0,0.0,10.1,MONITOR,100.0,Conditions optimal for Onion (Moisture: 75.0%). No immediate watering needed.,0
2026-05-26 07:24:09,75.0,16.6,65.0,0.0,10.1,MONITOR,100.0,Conditions optimal for Onion (Moisture: 75.0%). No immediate watering needed.,0
2026-05-26 07:24:14,73.0,16.6,65.0,0.0,10.1,MONITOR,100.0,Conditions optimal for Onion (Moisture: 73.0%). No immediate watering needed.,0
2026-05-26 07:24:22,76.0,16.5,65.0,0.0,10.1,MONITOR,100.0,Conditions optimal for Onion (Moisture: 76.0%). No immediate watering needed.,0
2026-05-26 07:24:22,76.0,16.5,65.0,0.0,10.1,MONITOR,100.0,Conditions optimal for Onion (Moisture: 76.0%). No immediate watering needed.,0
2026-05-26 07:24:22,76.0,16.5,65.0,0.0,10.1,MONITOR,100.0,Conditions optimal for Onion (Moisture: 76.0%). No immediate watering needed.,0
2026-05-26 07:24:29,77.0,16.5,65.0,0.0,10.1,MONITOR,100.0,Conditions optimal for Onion (Moisture: 77.0%). No immediate watering needed.,0
2026-05-26 07:24:32,77.0,16.5,65.0,0.0,10.1,MONITOR,100.0,Conditions optimal for Onion (Moisture: 77.0%). No immediate watering needed.,0
2026-05-26 07:24:37,75.0,16.5,65.0,0.0,10.1,MONITOR,100.0,Conditions optimal for Onion (Moisture: 75.0%). No immediate watering needed.,0
2026-05-26 07:24:42,75.0,16.5,65.0,0.0,10.1,MONITOR,100.0,Conditions optimal for Onion (Moisture: 75.0%). No immediate watering needed.,0
2026-05-26 07:24:44,75.0,16.5,65.0,0.0,10.1,MONITOR,100.0,Conditions optimal for Onion (Moisture: 75.0%). No immediate watering needed.,0
2026-05-26 07:24:49,75.0,16.6,65.0,0.0,10.1,MONITOR,100.0,Conditions optimal for Onion (Moisture: 75.0%). No immediate watering needed.,0
2026-05-26 07:24:52,75.0,16.6,65.0,0.0,10.1,MONITOR,100.0,Conditions optimal for Onion (Moisture: 75.0%). No immediate watering needed.,0
2026-05-26 07:24:54,75.0,16.6,65.0,0.0,10.1,MONITOR,100.0,Conditions optimal for Onion (Moisture: 75.0%). No immediate watering needed.,0
2026-05-26 07:25:00,75.0,16.6,65.0,0.0,10.1,MONITOR,100.0,Conditions optimal for Onion (Moisture: 75.0%). No immediate watering needed.,0
2026-05-26 07:25:02,75.0,16.6,65.0,0.0,10.1,MONITOR,100.0,Conditions optimal for Onion (Moisture: 75.0%). No immediate watering needed.,0
2026-05-26 07:25:05,75.0,16.6,65.0,0.0,10.1,MONITOR,100.0,Conditions optimal for Onion (Moisture: 75.0%). No immediate watering needed.,0
2026-05-26 07:25:10,76.0,16.6,65.0,0.0,10.1,MONITOR,100.0,Conditions optimal for Onion (Moisture: 76.0%). No immediate watering needed.,0
2026-05-26 07:25:12,76.0,16.6,65.0,0.0,10.1,MONITOR,100.0,Conditions optimal for Onion (Moisture: 76.0%). No immediate watering needed.,0
2026-05-26 07:25:17,76.0,16.6,65.0,0.0,10.1,MONITOR,100.0,Conditions optimal for Onion (Moisture: 76.0%). No immediate watering needed.,0
2026-05-26 07:25:22,75.0,16.6,65.0,0.0,10.1,MONITOR,100.0,Conditions optimal for Onion (Moisture: 75.0%). No immediate watering needed.,0
2026-05-26 07:25:22,75.0,16.6,65.0,0.0,10.1,MONITOR,100.0,Conditions optimal for Onion (Moisture: 75.0%). No immediate watering needed.,0
2026-05-26 07:25:30,76.0,16.6,65.0,0.0,10.1,MONITOR,100.0,Conditions optimal for Onion (Moisture: 76.0%). No immediate watering needed.,0
2026-05-26 07:25:32,76.0,16.6,65.0,0.0,10.1,MONITOR,100.0,Conditions optimal for Onion (Moisture: 76.0%). No immediate watering needed.,0
2026-05-26 07:25:37,74.0,16.6,65.0,0.0,10.1,MONITOR,100.0,Conditions optimal for Onion (Moisture: 74.0%). No immediate watering needed.,0
2026-05-26 07:25:42,74.0,16.6,65.0,0.0,10.1,MONITOR,100.0,Conditions optimal for Onion (Moisture: 74.0%). No immediate watering needed.,0
2026-05-26 07:25:44,75.0,16.6,65.0,0.0,10.1,MONITOR,100.0,Conditions optimal for Onion (Moisture: 75.0%). No immediate watering needed.,0
2026-05-26 07:25:52,76.0,16.6,65.0,0.0,10.1,MONITOR,100.0,Conditions optimal for Onion (Moisture: 76.0%). No immediate watering needed.,0
2026-05-26 07:25:52,76.0,16.6,65.0,0.0,10.1,MONITOR,100.0,Conditions optimal for Onion (Moisture: 76.0%). No immediate watering needed.,0
2026-05-26 07:25:59,75.0,16.6,65.0,0.0,10.1,MONITOR,100.0,Conditions optimal for Onion (Moisture: 75.0%). No immediate watering needed.,0
2026-05-26 07:26:02,75.0,16.6,65.0,0.0,10.1,MONITOR,100.0,Conditions optimal for Onion (Moisture: 75.0%). No immediate watering needed.,0
2026-05-26 07:26:06,75.0,16.6,65.0,0.0,10.1,MONITOR,100.0,Conditions optimal for Onion (Moisture: 75.0%). No immediate watering needed.,0
2026-05-26 07:26:12,75.0,16.6,65.0,0.0,10.1,MONITOR,100.0,Conditions optimal for Onion (Moisture: 75.0%). No immediate watering needed.,0
2026-05-26 07:26:12,75.0,16.6,65.0,0.0,10.1,MONITOR,100.0,Conditions optimal for Onion (Moisture: 75.0%). No immediate watering needed.,0
2026-05-26 07:26:17,75.0,16.6,65.0,0.0,10.1,MONITOR,100.0,Conditions optimal for Onion (Moisture: 75.0%). No immediate watering needed.,0
2026-05-26 07:26:22,76.0,16.6,65.0,0.0,10.1,MONITOR,100.0,Conditions optimal for Onion (Moisture: 76.0%). No immediate watering needed.,0
2026-05-26 07:26:22,76.0,16.6,65.0,0.0,10.1,MONITOR,100.0,Conditions optimal for Onion (Moisture: 76.0%). No immediate watering needed.,0
2026-05-26 07:26:30,75.0,16.6,65.0,0.0,10.1,MONITOR,100.0,Conditions optimal for Onion (Moisture: 75.0%). No immediate watering needed.,0
2026-05-26 07:26:32,75.0,16.6,65.0,0.0,10.1,MONITOR,100.0,Conditions optimal for Onion (Moisture: 75.0%). No immediate watering needed.,0
2026-05-26 07:26:37,76.0,16.6,65.0,0.0,10.1,MONITOR,100.0,Conditions optimal for Onion (Moisture: 76.0%). No immediate watering needed.,0
2026-05-26 07:26:42,76.0,16.6,65.0,0.0,10.1,MONITOR,100.0,Conditions optimal for Onion (Moisture: 76.0%). No immediate watering needed.,0
2026-05-26 07:26:44,75.0,16.6,65.0,0.0,10.1,MONITOR,100.0,Conditions optimal for Onion (Moisture: 75.0%). No immediate watering needed.,0
2026-05-26 07:26:52,75.0,16.6,65.0,0.0,10.1,MONITOR,100.0,Conditions optimal for Onion (Moisture: 75.0%). No immediate watering needed.,0
2026-05-26 07:26:52,75.0,16.6,65.0,0.0,10.1,MONITOR,100.0,Conditions optimal for Onion (Moisture: 75.0%). No immediate watering needed.,0
2026-05-26 07:26:57,76.0,16.6,65.0,0.0,10.1,MONITOR,100.0,Conditions optimal for Onion (Moisture: 76.0%). No immediate watering needed.,0
2026-05-26 07:27:02,76.0,16.6,65.0,0.0,10.1,MONITOR,100.0,Conditions optimal for Onion (Moisture: 76.0%). No immediate watering needed.,0
2026-05-26 07:27:05,77.0,16.6,65.0,0.0,10.1,MONITOR,100.0,Conditions optimal for Onion (Moisture: 77.0%). No immediate watering needed.,0
2026-05-26 07:27:12,75.0,16.6,65.0,0.0,10.1,MONITOR,100.0,Conditions optimal for Onion (Moisture: 75.0%). No immediate watering needed.,0
2026-05-26 07:27:12,75.0,16.6,65.0,0.0,10.1,MONITOR,100.0,Conditions optimal for Onion (Moisture: 75.0%). No immediate watering needed.,0
2026-05-26 07:27:19,74.0,16.6,65.0,0.0,10.1,MONITOR,100.0,Conditions optimal for Onion (Moisture: 74.0%). No immediate watering needed.,0
2026-05-26 07:27:22,74.0,16.6,65.0,0.0,10.1,MONITOR,100.0,Conditions optimal for Onion (Moisture: 74.0%). No immediate watering needed.,0
2026-05-26 07:27:26,75.0,16.6,65.0,0.0,10.1,MONITOR,100.0,Conditions optimal for Onion (Moisture: 75.0%). No immediate watering needed.,0
2026-05-26 07:27:32,76.0,16.6,65.0,0.0,10.1,MONITOR,100.0,Conditions optimal for Onion (Moisture: 76.0%). No immediate watering needed.,0
2026-05-26 07:27:34,77.0,16.6,65.0,0.0,10.1,MONITOR,100.0,Conditions optimal for Onion (Moisture: 77.0%). No immediate watering needed.,0
2026-05-26 07:27:41,75.0,16.6,65.0,0.0,10.1,MONITOR,100.0,Conditions optimal for Onion (Moisture: 75.0%). No immediate watering needed.,0
2026-05-26 07:27:42,75.0,16.6,65.0,0.0,10.1,MONITOR,100.0,Conditions optimal for Onion (Moisture: 75.0%). No immediate watering needed.,0
2026-05-26 07:27:48,75.0,16.6,65.0,0.0,10.1,MONITOR,100.0,Conditions optimal for Onion (Moisture: 75.0%). No immediate watering needed.,0
2026-05-26 07:27:52,75.0,16.6,65.0,0.0,10.1,MONITOR,100.0,Conditions optimal for Onion (Moisture: 75.0%). No immediate watering needed.,0
2026-05-26 07:27:53,77.0,16.6,65.0,0.0,10.1,MONITOR,100.0,Conditions optimal for Onion (Moisture: 77.0%). No immediate watering needed.,0
2026-05-26 07:28:01,73.0,16.6,65.0,0.0,10.1,MONITOR,100.0,Conditions optimal for Onion (Moisture: 73.0%). No immediate watering needed.,0
2026-05-26 07:28:02,73.0,16.6,65.0,0.0,10.1,MONITOR,100.0,Conditions optimal for Onion (Moisture: 73.0%). No immediate watering needed.,0
2026-05-26 07:28:08,78.0,16.6,65.0,0.0,10.1,MONITOR,100.0,Conditions optimal for Onion (Moisture: 78.0%). No immediate watering needed.,0
2026-05-26 07:28:12,75.0,16.6,65.0,0.0,10.1,MONITOR,100.0,Conditions optimal for Onion (Moisture: 75.0%). No immediate watering needed.,0
2026-05-26 07:28:15,76.0,16.6,65.0,0.0,10.1,MONITOR,100.0,Conditions optimal for Onion (Moisture: 76.0%). No immediate watering needed.,0
2026-05-26 07:28:22,76.0,16.6,65.0,0.0,10.1,MONITOR,100.0,Conditions optimal for Onion (Moisture: 76.0%). No immediate watering needed.,0
2026-05-26 07:28:22,76.0,16.6,65.0,0.0,10.1,MONITOR,100.0,Conditions optimal for Onion (Moisture: 76.0%). No immediate watering needed.,0
2026-05-26 07:28:28,75.0,16.6,65.0,0.0,10.1,MONITOR,100.0,Conditions optimal for Onion (Moisture: 75.0%). No immediate watering needed.,0
2026-05-26 07:28:32,75.0,16.6,65.0,0.0,10.1,MONITOR,100.0,Conditions optimal for Onion (Moisture: 75.0%). No immediate watering needed.,0
2026-05-26 07:28:35,76.0,16.6,65.0,0.0,10.1,MONITOR,100.0,Conditions optimal for Onion (Moisture: 76.0%). No immediate watering needed.,0
2026-05-26 07:28:42,75.0,16.6,65.0,0.0,10.1,MONITOR,100.0,Conditions optimal for Onion (Moisture: 75.0%). No immediate watering needed.,0
2026-05-26 07:28:42,75.0,16.6,65.0,0.0,10.1,MONITOR,100.0,Conditions optimal for Onion (Moisture: 75.0%). No immediate watering needed.,0
2026-05-26 07:28:49,75.0,16.6,65.0,0.0,10.1,MONITOR,100.0,Conditions optimal for Onion (Moisture: 75.0%). No immediate watering needed.,0
2026-05-26 07:28:52,75.0,16.6,65.0,0.0,10.1,MONITOR,100.0,Conditions optimal for Onion (Moisture: 75.0%). No immediate watering needed.,0
2026-05-26 07:28:55,75.0,16.6,65.0,0.0,10.1,MONITOR,100.0,Conditions optimal for Onion (Moisture: 75.0%). No immediate watering needed.,0
2026-05-26 07:29:00,75.0,16.6,65.0,0.0,10.1,MONITOR,100.0,Conditions optimal for Onion (Moisture: 75.0%). No immediate watering needed.,0
2026-05-26 07:29:02,75.0,16.6,65.0,0.0,10.1,MONITOR,100.0,Conditions optimal for Onion (Moisture: 75.0%). No immediate watering needed.,0
2026-05-26 07:29:05,75.0,16.6,65.0,0.0,10.1,MONITOR,100.0,Conditions optimal for Onion (Moisture: 75.0%). No immediate watering needed.,0
2026-05-26 07:29:10,75.0,16.6,65.0,0.0,10.1,MONITOR,100.0,Conditions optimal for Onion (Moisture: 75.0%). No immediate watering needed.,0
2026-05-26 07:29:12,75.0,16.6,65.0,0.0,10.1,MONITOR,100.0,Conditions optimal for Onion (Moisture: 75.0%). No immediate watering needed.,0
2026-05-26 07:29:15,76.0,16.6,65.0,0.0,10.1,MONITOR,100.0,Conditions optimal for Onion (Moisture: 76.0%). No immediate watering needed.,0
2026-05-26 07:29:22,76.0,16.6,65.0,0.0,10.1,MONITOR,100.0,Conditions optimal for Onion (Moisture: 76.0%). No immediate watering needed.,0
2026-05-26 07:29:23,76.0,16.6,65.0,0.0,10.1,MONITOR,100.0,Conditions optimal for Onion (Moisture: 76.0%). No immediate watering needed.,0
2026-05-26 07:29:28,75.0,16.6,65.0,0.0,10.1,MONITOR,100.0,Conditions optimal for Onion (Moisture: 75.0%). No immediate watering needed.,0
2026-05-26 07:29:32,72.0,16.6,65.0,0.0,10.1,MONITOR,100.0,Conditions optimal for Onion (Moisture: 72.0%). No immediate watering needed.,0
2026-05-26 07:29:35,75.0,16.6,65.0,0.0,10.1,MONITOR,100.0,Conditions optimal for Onion (Moisture: 75.0%). No immediate watering needed.,0
2026-05-26 07:29:40,74.0,16.6,65.0,0.0,10.1,MONITOR,100.0,Conditions optimal for Onion (Moisture: 74.0%). No immediate watering needed.,0
2026-05-26 07:29:42,74.0,16.6,65.0,0.0,10.1,MONITOR,100.0,Conditions optimal for Onion (Moisture: 74.0%). No immediate watering needed.,0
2026-05-26 07:29:48,75.0,16.6,65.0,0.0,10.1,MONITOR,100.0,Conditions optimal for Onion (Moisture: 75.0%). No immediate watering needed.,0
2026-05-26 07:29:52,75.0,16.6,65.0,0.0,10.1,MONITOR,100.0,Conditions optimal for Onion (Moisture: 75.0%). No immediate watering needed.,0
2026-05-26 07:29:55,75.0,16.6,65.0,0.0,10.1,MONITOR,100.0,Conditions optimal for Onion (Moisture: 75.0%). No immediate watering needed.,0
2026-05-26 07:30:00,75.0,16.6,65.0,0.0,10.1,MONITOR,100.0,Conditions optimal for Onion (Moisture: 75.0%). No immediate watering needed.,0
2026-05-26 07:30:02,75.0,16.6,65.0,0.0,10.1,MONITOR,100.0,Conditions optimal for Onion (Moisture: 75.0%). No immediate watering needed.,0
2026-05-26 07:30:05,75.0,16.6,65.0,0.0,10.1,MONITOR,100.0,Conditions optimal for Onion (Moisture: 75.0%). No immediate watering needed.,0
2026-05-26 07:30:11,75.0,16.6,65.0,0.0,10.1,MONITOR,100.0,Conditions optimal for Onion (Moisture: 75.0%). No immediate watering needed.,0
2026-05-26 07:30:12,75.0,16.6,65.0,0.0,10.1,MONITOR,100.0,Conditions optimal for Onion (Moisture: 75.0%). No immediate watering needed.,0
2026-05-26 07:30:16,76.0,16.6,65.0,0.0,10.1,MONITOR,100.0,Conditions optimal for Onion (Moisture: 76.0%). No immediate watering needed.,0
2026-05-26 07:30:22,74.0,16.6,65.0,0.0,10.1,MONITOR,100.0,Conditions optimal for Onion (Moisture: 74.0%). No immediate watering needed.,0
2026-05-26 07:30:23,74.0,16.6,65.0,0.0,10.1,MONITOR,100.0,Conditions optimal for Onion (Moisture: 74.0%). No immediate watering needed.,0
2026-05-26 07:30:30,74.0,16.6,65.0,0.0,10.1,MONITOR,100.0,Conditions optimal for Onion (Moisture: 74.0%). No immediate watering needed.,0
2026-05-26 07:30:32,74.0,16.6,65.0,0.0,10.1,MONITOR,100.0,Conditions optimal for Onion (Moisture: 74.0%). No immediate watering needed.,0
2026-05-26 07:30:35,75.0,16.6,65.0,0.0,10.1,MONITOR,100.0,Conditions optimal for Onion (Moisture: 75.0%). No immediate watering needed.,0
2026-05-26 07:30:42,75.0,16.6,65.0,0.0,10.1,MONITOR,100.0,Conditions optimal for Onion (Moisture: 75.0%). No immediate watering needed.,0
2026-05-26 07:30:43,75.0,16.6,65.0,0.0,10.1,MONITOR,100.0,Conditions optimal for Onion (Moisture: 75.0%). No immediate watering needed.,0
2026-05-26 07:30:48,75.0,16.6,65.0,0.0,10.1,MONITOR,100.0,Conditions optimal for Onion (Moisture: 75.0%). No immediate watering needed.,0
2026-05-26 07:30:52,75.0,16.6,65.0,0.0,10.1,MONITOR,100.0,Conditions optimal for Onion (Moisture: 75.0%). No immediate watering needed.,0
2026-05-26 07:30:53,75.0,16.6,65.0,0.0,10.1,MONITOR,100.0,Conditions optimal for Onion (Moisture: 75.0%). No immediate watering needed.,0
2026-05-26 07:30:58,75.0,16.6,65.0,0.0,10.1,MONITOR,100.0,Conditions optimal for Onion (Moisture: 75.0%). No immediate watering needed.,0
2026-05-26 07:31:02,75.0,16.6,65.0,0.0,10.1,MONITOR,100.0,Conditions optimal for Onion (Moisture: 75.0%). No immediate watering needed.,0
2026-05-26 07:31:04,75.0,16.6,65.0,0.0,10.1,MONITOR,100.0,Conditions optimal for Onion (Moisture: 75.0%). No immediate watering needed.,0
2026-05-26 07:31:09,76.0,16.6,65.0,0.0,10.1,MONITOR,100.0,Conditions optimal for Onion (Moisture: 76.0%). No immediate watering needed.,0
2026-05-26 07:31:12,76.0,16.6,65.0,0.0,10.1,MONITOR,100.0,Conditions optimal for Onion (Moisture: 76.0%). No immediate watering needed.,0
2026-05-26 07:31:16,74.0,16.6,65.0,0.0,10.1,MONITOR,100.0,Conditions optimal for Onion (Moisture: 74.0%). No immediate watering needed.,0
2026-05-26 07:31:22,76.0,16.6,65.0,0.0,10.1,MONITOR,100.0,Conditions optimal for Onion (Moisture: 76.0%). No immediate watering needed.,0
2026-05-26 07:31:23,76.0,16.6,65.0,0.0,10.1,MONITOR,100.0,Conditions optimal for Onion (Moisture: 76.0%). No immediate watering needed.,0
2026-05-26 07:31:31,76.0,16.6,65.0,0.0,10.1,MONITOR,100.0,Conditions optimal for Onion (Moisture: 76.0%). No immediate watering needed.,0
2026-05-26 07:31:32,76.0,16.6,65.0,0.0,10.1,MONITOR,100.0,Conditions optimal for Onion (Moisture: 76.0%). No immediate watering needed.,0
2026-05-26 07:31:36,75.0,16.6,65.0,0.0,10.1,MONITOR,100.0,Conditions optimal for Onion (Moisture: 75.0%). No immediate watering needed.,0
2026-05-26 07:31:42,75.0,16.6,65.0,0.0,10.1,MONITOR,100.0,Conditions optimal for Onion (Moisture: 75.0%). No immediate watering needed.,0
2026-05-26 07:31:43,75.0,16.6,65.0,0.0,10.1,MONITOR,100.0,Conditions optimal for Onion (Moisture: 75.0%). No immediate watering needed.,0
2026-05-26 07:31:48,75.0,16.6,65.0,0.0,10.1,MONITOR,100.0,Conditions optimal for Onion (Moisture: 75.0%). No immediate watering needed.,0
2026-05-26 07:31:52,75.0,16.6,65.0,0.0,10.1,MONITOR,100.0,Conditions optimal for Onion (Moisture: 75.0%). No immediate watering needed.,0
2026-05-26 07:31:53,75.0,16.6,65.0,0.0,10.1,MONITOR,100.0,Conditions optimal for Onion (Moisture: 75.0%). No immediate watering needed.,0
2026-05-26 07:31:59,75.0,16.6,65.0,0.0,10.1,MONITOR,100.0,Conditions optimal for Onion (Moisture: 75.0%). No immediate watering needed.,0
2026-05-26 07:32:02,75.0,16.6,65.0,0.0,10.1,MONITOR,100.0,Conditions optimal for Onion (Moisture: 75.0%). No immediate watering needed.,0
2026-05-26 07:32:04,73.0,16.6,65.0,0.0,10.1,MONITOR,100.0,Conditions optimal for Onion (Moisture: 73.0%). No immediate watering needed.,0
2026-05-26 07:32:11,75.0,16.6,65.0,0.0,10.1,MONITOR,100.0,Conditions optimal for Onion (Moisture: 75.0%). No immediate watering needed.,0
2026-05-26 07:32:12,75.0,16.6,65.0,0.0,10.1,MONITOR,100.0,Conditions optimal for Onion (Moisture: 75.0%). No immediate watering needed.,0
2026-05-26 07:32:18,75.0,16.6,65.0,0.0,10.1,MONITOR,100.0,Conditions optimal for Onion (Moisture: 75.0%). No immediate watering needed.,0
2026-05-26 07:32:22,75.0,16.6,65.0,0.0,10.1,MONITOR,100.0,Conditions optimal for Onion (Moisture: 75.0%). No immediate watering needed.,0
2026-05-26 07:32:24,74.0,16.6,65.0,0.0,10.1,MONITOR,100.0,Conditions optimal for Onion (Moisture: 74.0%). No immediate watering needed.,0
2026-05-26 07:32:31,75.0,16.6,65.0,0.0,10.1,MONITOR,100.0,Conditions optimal for Onion (Moisture: 75.0%). No immediate watering needed.,0
2026-05-26 07:32:32,75.0,16.6,65.0,0.0,10.1,MONITOR,100.0,Conditions optimal for Onion (Moisture: 75.0%). No immediate watering needed.,0
2026-05-26 07:32:38,75.0,16.6,65.0,0.0,10.1,MONITOR,100.0,Conditions optimal for Onion (Moisture: 75.0%). No immediate watering needed.,0
2026-05-26 07:32:42,75.0,16.6,65.0,0.0,10.1,MONITOR,100.0,Conditions optimal for Onion (Moisture: 75.0%). No immediate watering needed.,0
2026-05-26 07:32:43,75.0,16.6,65.0,0.0,10.1,MONITOR,100.0,Conditions optimal for Onion (Moisture: 75.0%). No immediate watering needed.,0
2026-05-26 07:32:49,75.0,16.6,65.0,0.0,10.1,MONITOR,100.0,Conditions optimal for Onion (Moisture: 75.0%). No immediate watering needed.,0
2026-05-26 07:32:52,75.0,16.6,65.0,0.0,10.1,MONITOR,100.0,Conditions optimal for Onion (Moisture: 75.0%). No immediate watering needed.,0
2026-05-26 07:32:54,75.0,16.6,65.0,0.0,10.1,MONITOR,100.0,Conditions optimal for Onion (Moisture: 75.0%). No immediate watering needed.,0
2026-05-26 07:32:59,75.0,16.6,65.0,0.0,10.1,MONITOR,100.0,Conditions optimal for Onion (Moisture: 75.0%). No immediate watering needed.,0
2026-05-26 07:33:02,75.0,16.6,65.0,0.0,10.1,MONITOR,100.0,Conditions optimal for Onion (Moisture: 75.0%). No immediate watering needed.,0
2026-05-26 07:33:04,77.0,16.6,65.0,0.0,10.1,MONITOR,100.0,Conditions optimal for Onion (Moisture: 77.0%). No immediate watering needed.,0
2026-05-26 07:33:11,75.0,16.6,65.0,0.0,10.1,MONITOR,100.0,Conditions optimal for Onion (Moisture: 75.0%). No immediate watering needed.,0
2026-05-26 07:33:12,75.0,16.6,65.0,0.0,10.1,MONITOR,100.0,Conditions optimal for Onion (Moisture: 75.0%). No immediate watering needed.,0
2026-05-26 07:33:19,75.0,16.6,65.0,0.0,10.1,MONITOR,100.0,Conditions optimal for Onion (Moisture: 75.0%). No immediate watering needed.,0
2026-05-26 07:33:22,75.0,16.6,65.0,0.0,10.1,MONITOR,100.0,Conditions optimal for Onion (Moisture: 75.0%). No immediate watering needed.,0
2026-05-26 07:33:24,75.0,16.6,65.0,0.0,10.1,MONITOR,100.0,Conditions optimal for Onion (Moisture: 75.0%). No immediate watering needed.,0
2026-05-26 07:33:29,76.0,16.6,65.0,0.0,10.1,MONITOR,100.0,Conditions optimal for Onion (Moisture: 76.0%). No immediate watering needed.,0
2026-05-26 07:33:32,76.0,16.6,65.0,0.0,10.1,MONITOR,100.0,Conditions optimal for Onion (Moisture: 76.0%). No immediate watering needed.,0
2026-05-26 07:33:36,75.0,16.6,65.0,0.0,10.1,MONITOR,100.0,Conditions optimal for Onion (Moisture: 75.0%). No immediate watering needed.,0
2026-05-26 07:33:42,75.0,16.6,65.0,0.0,10.1,MONITOR,100.0,Conditions optimal for Onion (Moisture: 75.0%). No immediate watering needed.,0
2026-05-26 07:33:44,75.0,16.6,65.0,0.0,10.1,MONITOR,100.0,Conditions optimal for Onion (Moisture: 75.0%). No immediate watering needed.,0
2026-05-26 07:33:49,77.0,16.6,65.0,0.0,10.1,MONITOR,100.0,Conditions optimal for Onion (Moisture: 77.0%). No immediate watering needed.,0
2026-05-26 07:33:52,77.0,16.6,65.0,0.0,10.1,MONITOR,100.0,Conditions optimal for Onion (Moisture: 77.0%). No immediate watering needed.,0
2026-05-26 07:33:56,75.0,16.6,65.0,0.0,10.1,MONITOR,100.0,Conditions optimal for Onion (Moisture: 75.0%). No immediate watering needed.,0
2026-05-26 07:34:02,75.0,16.6,65.0,0.0,10.1,MONITOR,100.0,Conditions optimal for Onion (Moisture: 75.0%). No immediate watering needed.,0
2026-05-26 07:34:03,75.0,16.6,65.0,0.0,10.1,MONITOR,100.0,Conditions optimal for Onion (Moisture: 75.0%). No immediate watering needed.,0
2026-05-26 07:34:09,75.0,16.6,65.0,0.0,10.1,MONITOR,100.0,Conditions optimal for Onion (Moisture: 75.0%). No immediate watering needed.,0
2026-05-26 07:34:12,77.0,16.6,65.0,0.0,10.1,MONITOR,100.0,Conditions optimal for Onion (Moisture: 77.0%). No immediate watering needed.,0
2026-05-26 07:34:14,77.0,16.6,65.0,0.0,10.1,MONITOR,100.0,Conditions optimal for Onion (Moisture: 77.0%). No immediate watering needed.,0
2026-05-26 07:34:21,76.0,16.6,65.0,0.0,10.1,MONITOR,100.0,Conditions optimal for Onion (Moisture: 76.0%). No immediate watering needed.,0
2026-05-26 07:34:22,76.0,16.6,65.0,0.0,10.1,MONITOR,100.0,Conditions optimal for Onion (Moisture: 76.0%). No immediate watering needed.,0
2026-05-26 07:34:28,75.0,16.6,65.0,0.0,10.1,MONITOR,100.0,Conditions optimal for Onion (Moisture: 75.0%). No immediate watering needed.,0
2026-05-26 07:34:32,76.0,16.6,65.0,0.0,10.1,MONITOR,100.0,Conditions optimal for Onion (Moisture: 76.0%). No immediate watering needed.,0
2026-05-26 07:34:36,75.0,16.6,65.0,0.0,10.1,MONITOR,100.0,Conditions optimal for Onion (Moisture: 75.0%). No immediate watering needed.,0
2026-05-26 07:34:41,75.0,16.6,65.0,0.0,10.1,MONITOR,100.0,Conditions optimal for Onion (Moisture: 75.0%). No immediate watering needed.,0
2026-05-26 07:34:42,75.0,16.6,65.0,0.0,10.1,MONITOR,100.0,Conditions optimal for Onion (Moisture: 75.0%). No immediate watering needed.,0
2026-05-26 07:34:46,77.0,16.6,65.0,0.0,10.1,MONITOR,100.0,Conditions optimal for Onion (Moisture: 77.0%). No immediate watering needed.,0
2026-05-26 07:34:52,75.0,16.6,65.0,0.0,10.1,MONITOR,100.0,Conditions optimal for Onion (Moisture: 75.0%). No immediate watering needed.,0
2026-05-26 07:34:53,75.0,16.6,65.0,0.0,10.1,MONITOR,100.0,Conditions optimal for Onion (Moisture: 75.0%). No immediate watering needed.,0
2026-05-26 07:35:01,76.0,16.5,65.0,0.0,10.1,MONITOR,100.0,Conditions optimal for Onion (Moisture: 76.0%). No immediate watering needed.,0
2026-05-26 07:35:02,76.0,16.5,65.0,0.0,10.1,MONITOR,100.0,Conditions optimal for Onion (Moisture: 76.0%). No immediate watering needed.,0
2026-05-26 07:35:08,75.0,16.6,65.0,0.0,10.1,MONITOR,100.0,Conditions optimal for Onion (Moisture: 75.0%). No immediate watering needed.,0
2026-05-26 07:35:12,76.0,16.6,65.0,0.0,10.1,MONITOR,100.0,Conditions optimal for Onion (Moisture: 76.0%). No immediate watering needed.,0
2026-05-26 07:35:15,75.0,16.5,65.0,0.0,10.1,MONITOR,100.0,Conditions optimal for Onion (Moisture: 75.0%). No immediate watering needed.,0
2026-05-26 07:35:20,75.0,16.5,65.0,0.0,10.1,MONITOR,100.0,Conditions optimal for Onion (Moisture: 75.0%). No immediate watering needed.,0
2026-05-26 07:35:22,75.0,16.5,65.0,0.0,10.1,MONITOR,100.0,Conditions optimal for Onion (Moisture: 75.0%). No immediate watering needed.,0
2026-05-26 07:35:25,75.0,16.5,65.0,0.0,10.1,MONITOR,100.0,Conditions optimal for Onion (Moisture: 75.0%). No immediate watering needed.,0
2026-05-26 07:35:31,76.0,16.5,65.0,0.0,10.1,MONITOR,100.0,Conditions optimal for Onion (Moisture: 76.0%). No immediate watering needed.,0
2026-05-26 07:35:32,76.0,16.5,65.0,0.0,10.1,MONITOR,100.0,Conditions optimal for Onion (Moisture: 76.0%). No immediate watering needed.,0
2026-05-26 07:35:38,75.0,16.5,65.0,0.0,14.3,MONITOR,100.0,Conditions optimal for Onion (Moisture: 75.0%). No immediate watering needed.,0
2026-05-26 07:35:42,75.0,16.5,65.0,0.0,10.1,MONITOR,100.0,Conditions optimal for Onion (Moisture: 75.0%). No immediate watering needed.,0
2026-05-26 07:35:45,75.0,16.6,65.0,0.0,14.3,MONITOR,100.0,Conditions optimal for Onion (Moisture: 75.0%). No immediate watering needed.,0
2026-05-26 07:35:50,76.0,16.5,65.0,0.0,14.3,MONITOR,100.0,Conditions optimal for Onion (Moisture: 76.0%). No immediate watering needed.,0
2026-05-26 07:35:52,76.0,16.5,65.0,0.0,10.1,MONITOR,100.0,Conditions optimal for Onion (Moisture: 76.0%). No immediate watering needed.,0
2026-05-26 07:35:58,77.0,16.5,65.0,0.0,14.3,MONITOR,100.0,Conditions optimal for Onion (Moisture: 77.0%). No immediate watering needed.,0
2026-05-26 07:36:02,75.0,16.5,65.0,0.0,10.1,MONITOR,100.0,Conditions optimal for Onion (Moisture: 75.0%). No immediate watering needed.,0
2026-05-26 07:36:05,75.0,16.6,65.0,0.0,14.3,MONITOR,100.0,Conditions optimal for Onion (Moisture: 75.0%). No immediate watering needed.,0
2026-05-26 07:36:12,75.0,16.6,65.0,0.0,10.1,MONITOR,100.0,Conditions optimal for Onion (Moisture: 75.0%). No immediate watering needed.,0
2026-05-26 07:36:12,75.0,16.6,65.0,0.0,10.1,MONITOR,100.0,Conditions optimal for Onion (Moisture: 75.0%). No immediate watering needed.,0
2026-05-26 07:36:17,75.0,16.6,65.0,0.0,14.3,MONITOR,100.0,Conditions optimal for Onion (Moisture: 75.0%). No immediate watering needed.,0
2026-05-26 07:36:22,75.0,16.6,65.0,0.0,10.1,MONITOR,100.0,Conditions optimal for Onion (Moisture: 75.0%). No immediate watering needed.,0
2026-05-26 07:36:23,75.0,16.6,65.0,0.0,10.1,MONITOR,100.0,Conditions optimal for Onion (Moisture: 75.0%). No immediate watering needed.,0
2026-05-26 07:36:28,74.0,16.6,65.0,0.0,10.1,MONITOR,100.0,Conditions optimal for Onion (Moisture: 74.0%). No immediate watering needed.,0
2026-05-26 07:36:32,75.0,16.6,65.0,0.0,10.1,MONITOR,100.0,Conditions optimal for Onion (Moisture: 75.0%). No immediate watering needed.,0
2026-05-26 07:36:35,75.0,16.6,65.0,0.0,14.3,MONITOR,100.0,Conditions optimal for Onion (Moisture: 75.0%). No immediate watering needed.,0
2026-05-26 07:36:42,75.0,16.6,65.0,0.0,10.1,MONITOR,100.0,Conditions optimal for Onion (Moisture: 75.0%). No immediate watering needed.,0
2026-05-26 07:36:42,75.0,16.6,65.0,0.0,10.1,MONITOR,100.0,Conditions optimal for Onion (Moisture: 75.0%). No immediate watering needed.,0
2026-05-26 07:36:48,75.0,16.6,65.0,0.0,14.3,MONITOR,100.0,Conditions optimal for Onion (Moisture: 75.0%). No immediate watering needed.,0
2026-05-26 07:36:52,74.0,16.6,65.0,0.0,10.1,MONITOR,100.0,Conditions optimal for Onion (Moisture: 74.0%). No immediate watering needed.,0
2026-05-26 07:36:53,74.0,16.6,65.0,0.0,10.1,MONITOR,100.0,Conditions optimal for Onion (Moisture: 74.0%). No immediate watering needed.,0
2026-05-26 07:37:00,75.0,16.6,65.0,0.0,14.3,MONITOR,100.0,Conditions optimal for Onion (Moisture: 75.0%). No immediate watering needed.,0
2026-05-26 07:37:02,75.0,16.6,65.0,0.0,10.1,MONITOR,100.0,Conditions optimal for Onion (Moisture: 75.0%). No immediate watering needed.,0
2026-05-26 07:37:07,75.0,16.6,65.0,0.0,14.3,MONITOR,100.0,Conditions optimal for Onion (Moisture: 75.0%). No immediate watering needed.,0
2026-05-26 07:37:12,74.0,16.6,65.0,0.0,10.1,MONITOR,100.0,Conditions optimal for Onion (Moisture: 74.0%). No immediate watering needed.,0
2026-05-26 07:37:12,74.0,16.6,65.0,0.0,10.1,MONITOR,100.0,Conditions optimal for Onion (Moisture: 74.0%). No immediate watering needed.,0
2026-05-26 07:37:20,76.0,16.6,65.0,0.0,14.3,MONITOR,100.0,Conditions optimal for Onion (Moisture: 76.0%). No immediate watering needed.,0
2026-05-26 07:37:22,76.0,16.6,65.0,0.0,10.1,MONITOR,100.0,Conditions optimal for Onion (Moisture: 76.0%). No immediate watering needed.,0
2026-05-26 07:37:27,74.0,16.6,65.0,0.0,14.3,MONITOR,100.0,Conditions optimal for Onion (Moisture: 74.0%). No immediate watering needed.,0
2026-05-26 07:37:32,75.0,16.6,65.0,0.0,10.1,MONITOR,100.0,Conditions optimal for Onion (Moisture: 75.0%). No immediate watering needed.,0
2026-05-26 07:37:34,75.0,16.6,65.0,0.0,14.3,MONITOR,100.0,Conditions optimal for Onion (Moisture: 75.0%). No immediate watering needed.,0
2026-05-26 07:37:42,75.0,16.6,65.0,0.0,10.1,MONITOR,100.0,Conditions optimal for Onion (Moisture: 75.0%). No immediate watering needed.,0
2026-05-26 07:37:42,75.0,16.6,65.0,0.0,10.1,MONITOR,100.0,Conditions optimal for Onion (Moisture: 75.0%). No immediate watering needed.,0
2026-05-26 07:37:47,75.0,16.6,65.0,0.0,14.3,MONITOR,100.0,Conditions optimal for Onion (Moisture: 75.0%). No immediate watering needed.,0
2026-05-26 07:37:52,75.0,16.6,65.0,0.0,10.1,MONITOR,100.0,Conditions optimal for Onion (Moisture: 75.0%). No immediate watering needed.,0
2026-05-26 07:37:53,75.0,16.6,65.0,0.0,10.1,MONITOR,100.0,Conditions optimal for Onion (Moisture: 75.0%). No immediate watering needed.,0
2026-05-26 07:37:58,75.0,16.6,65.0,0.0,10.1,MONITOR,100.0,Conditions optimal for Onion (Moisture: 75.0%). No immediate watering needed.,0
2026-05-26 07:38:02,76.0,16.6,65.0,0.0,10.1,MONITOR,100.0,Conditions optimal for Onion (Moisture: 76.0%). No immediate watering needed.,0
2026-05-26 07:38:03,76.0,16.6,65.0,0.0,10.1,MONITOR,100.0,Conditions optimal for Onion (Moisture: 76.0%). No immediate watering needed.,0
2026-05-26 07:38:10,75.0,16.6,65.0,0.0,14.3,MONITOR,100.0,Conditions optimal for Onion (Moisture: 75.0%). No immediate watering needed.,0
2026-05-26 07:38:12,75.0,16.6,65.0,0.0,10.1,MONITOR,100.0,Conditions optimal for Onion (Moisture: 75.0%). No immediate watering needed.,0
2026-05-26 07:38:18,75.0,16.6,65.0,0.0,14.3,MONITOR,100.0,Conditions optimal for Onion (Moisture: 75.0%). No immediate watering needed.,0
2026-05-26 07:38:22,75.0,16.6,65.0,0.0,10.1,MONITOR,100.0,Conditions optimal for Onion (Moisture: 75.0%). No immediate watering needed.,0
2026-05-26 07:38:23,75.0,16.6,65.0,0.0,10.1,MONITOR,100.0,Conditions optimal for Onion (Moisture: 75.0%). No immediate watering needed.,0
2026-05-26 07:38:28,75.0,16.6,65.0,0.0,10.1,MONITOR,100.0,Conditions optimal for Onion (Moisture: 75.0%). No immediate watering needed.,0
2026-05-26 07:38:32,75.0,16.6,65.0,0.0,10.1,MONITOR,100.0,Conditions optimal for Onion (Moisture: 75.0%). No immediate watering needed.,0
2026-05-26 07:38:33,75.0,16.6,65.0,0.0,10.1,MONITOR,100.0,Conditions optimal for Onion (Moisture: 75.0%). No immediate watering needed.,0
2026-05-26 07:38:38,75.0,16.6,65.0,0.0,14.3,MONITOR,100.0,Conditions optimal for Onion (Moisture: 75.0%). No immediate watering needed.,0
2026-05-26 07:38:42,75.0,16.6,65.0,0.0,10.1,MONITOR,100.0,Conditions optimal for Onion (Moisture: 75.0%). No immediate watering needed.,0
2026-05-26 07:38:44,75.0,16.6,65.0,0.0,10.1,MONITOR,100.0,Conditions optimal for Onion (Moisture: 75.0%). No immediate watering needed.,0
2026-05-26 07:38:49,76.0,16.6,65.0,0.0,14.3,MONITOR,100.0,Conditions optimal for Onion (Moisture: 76.0%). No immediate watering needed.,0
2026-05-26 07:38:52,75.0,16.6,65.0,0.0,10.1,MONITOR,100.0,Conditions optimal for Onion (Moisture: 75.0%). No immediate watering needed.,0
2026-05-26 07:38:56,75.0,16.6,65.0,0.0,14.3,MONITOR,100.0,Conditions optimal for Onion (Moisture: 75.0%). No immediate watering needed.,0
2026-05-26 07:39:02,75.0,16.6,65.0,0.0,14.3,MONITOR,100.0,Conditions optimal for Onion (Moisture: 75.0%). No immediate watering needed.,0
2026-05-26 07:39:03,75.0,16.6,65.0,0.0,14.3,MONITOR,100.0,Conditions optimal for Onion (Moisture: 75.0%). No immediate watering needed.,0
2026-05-26 07:39:09,75.0,16.6,65.0,0.0,14.3,MONITOR,100.0,Conditions optimal for Onion (Moisture: 75.0%). No immediate watering needed.,0
2026-05-26 07:39:12,75.0,16.6,65.0,0.0,14.3,MONITOR,100.0,Conditions optimal for Onion (Moisture: 75.0%). No immediate watering needed.,0
2026-05-26 07:39:14,75.0,16.6,65.0,0.0,14.3,MONITOR,100.0,Conditions optimal for Onion (Moisture: 75.0%). No immediate watering needed.,0
2026-05-26 07:39:19,76.0,16.6,65.0,0.0,14.3,MONITOR,100.0,Conditions optimal for Onion (Moisture: 76.0%). No immediate watering needed.,0
2026-05-26 07:39:22,76.0,16.6,65.0,0.0,14.3,MONITOR,100.0,Conditions optimal for Onion (Moisture: 76.0%). No immediate watering needed.,0
2026-05-26 07:39:26,75.0,16.6,65.0,0.0,14.3,MONITOR,100.0,Conditions optimal for Onion (Moisture: 75.0%). No immediate watering needed.,0
2026-05-26 07:39:32,76.0,16.6,65.0,0.0,14.3,MONITOR,100.0,Conditions optimal for Onion (Moisture: 76.0%). No immediate watering needed.,0
2026-05-26 07:39:34,76.0,16.6,65.0,0.0,14.3,MONITOR,100.0,Conditions optimal for Onion (Moisture: 76.0%). No immediate watering needed.,0
2026-05-26 07:39:41,76.0,16.6,65.0,0.0,14.3,MONITOR,100.0,Conditions optimal for Onion (Moisture: 76.0%). No immediate watering needed.,0
2026-05-26 07:39:42,76.0,16.6,65.0,0.0,14.3,MONITOR,100.0,Conditions optimal for Onion (Moisture: 76.0%). No immediate watering needed.,0
2026-05-26 07:39:46,75.0,16.6,66.0,0.0,14.3,MONITOR,100.0,Conditions optimal for Onion (Moisture: 75.0%). No immediate watering needed.,0
2026-05-26 07:39:52,75.0,16.6,66.0,0.0,14.3,MONITOR,100.0,Conditions optimal for Onion (Moisture: 75.0%). No immediate watering needed.,0
2026-05-26 07:39:53,75.0,16.6,66.0,0.0,14.3,MONITOR,100.0,Conditions optimal for Onion (Moisture: 75.0%). No immediate watering needed.,0
2026-05-26 07:39:59,76.0,16.6,65.0,0.0,14.3,MONITOR,100.0,Conditions optimal for Onion (Moisture: 76.0%). No immediate watering needed.,0
2026-05-26 07:40:02,74.0,16.6,65.0,0.0,14.3,MONITOR,100.0,Conditions optimal for Onion (Moisture: 74.0%). No immediate watering needed.,0
2026-05-26 07:40:06,76.0,16.6,65.0,0.0,14.3,MONITOR,100.0,Conditions optimal for Onion (Moisture: 76.0%). No immediate watering needed.,0
2026-05-26 07:40:11,76.0,16.6,65.0,0.0,14.3,MONITOR,100.0,Conditions optimal for Onion (Moisture: 76.0%). No immediate watering needed.,0
2026-05-26 07:40:12,76.0,16.6,65.0,0.0,14.3,MONITOR,100.0,Conditions optimal for Onion (Moisture: 76.0%). No immediate watering needed.,0
2026-05-26 07:40:16,75.0,16.6,65.0,0.0,14.3,MONITOR,100.0,Conditions optimal for Onion (Moisture: 75.0%). No immediate watering needed.,0
2026-05-26 07:40:22,75.0,16.6,65.0,0.0,14.3,MONITOR,100.0,Conditions optimal for Onion (Moisture: 75.0%). No immediate watering needed.,0
2026-05-26 07:40:24,75.0,16.6,65.0,0.0,14.3,MONITOR,100.0,Conditions optimal for Onion (Moisture: 75.0%). No immediate watering needed.,0
2026-05-26 07:40:29,73.0,16.6,65.0,0.0,14.3,MONITOR,100.0,Conditions optimal for Onion (Moisture: 73.0%). No immediate watering needed.,0
2026-05-26 07:40:32,74.0,16.6,65.0,0.0,14.3,MONITOR,100.0,Conditions optimal for Onion (Moisture: 74.0%). No immediate watering needed.,0
2026-05-26 07:40:36,77.0,16.6,65.0,0.0,14.3,MONITOR,100.0,Conditions optimal for Onion (Moisture: 77.0%). No immediate watering needed.,0
2026-05-26 07:40:42,75.0,16.6,65.0,0.0,14.3,MONITOR,100.0,Conditions optimal for Onion (Moisture: 75.0%). No immediate watering needed.,0
2026-05-26 07:40:43,75.0,16.6,65.0,0.0,14.3,MONITOR,100.0,Conditions optimal for Onion (Moisture: 75.0%). No immediate watering needed.,0
2026-05-26 07:40:51,76.0,16.6,65.0,0.0,14.3,MONITOR,100.0,Conditions optimal for Onion (Moisture: 76.0%). No immediate watering needed.,0
2026-05-26 07:40:52,76.0,16.6,65.0,0.0,14.3,MONITOR,100.0,Conditions optimal for Onion (Moisture: 76.0%). No immediate watering needed.,0
2026-05-26 07:40:58,75.0,16.6,65.0,0.0,14.3,MONITOR,100.0,Conditions optimal for Onion (Moisture: 75.0%). No immediate watering needed.,0
2026-05-26 07:41:02,74.0,16.6,65.0,0.0,14.3,MONITOR,100.0,Conditions optimal for Onion (Moisture: 74.0%). No immediate watering needed.,0
2026-05-26 07:41:05,76.0,16.6,65.0,0.0,14.3,MONITOR,100.0,Conditions optimal for Onion (Moisture: 76.0%). No immediate watering needed.,0
2026-05-26 07:41:12,75.0,16.6,65.0,0.0,14.3,MONITOR,100.0,Conditions optimal for Onion (Moisture: 75.0%). No immediate watering needed.,0
2026-05-26 07:41:12,75.0,16.6,65.0,0.0,14.3,MONITOR,100.0,Conditions optimal for Onion (Moisture: 75.0%). No immediate watering needed.,0
2026-05-26 07:41:20,53.0,16.6,65.0,0.0,14.3,MONITOR,99.9,Conditions optimal for Onion (Moisture: 53.0%). No immediate watering needed.,0
2026-05-26 07:41:22,53.0,16.6,65.0,0.0,14.3,MONITOR,99.9,Conditions optimal for Onion (Moisture: 53.0%). No immediate watering needed.,0
2026-05-26 07:41:27,57.0,16.6,65.0,0.0,14.3,MONITOR,100.0,Conditions optimal for Onion (Moisture: 57.0%). No immediate watering needed.,0
2026-05-26 07:41:32,56.0,16.6,65.0,0.0,14.3,MONITOR,100.0,Conditions optimal for Onion (Moisture: 56.0%). No immediate watering needed.,0
2026-05-26 07:41:34,55.0,16.6,65.0,0.0,14.3,MONITOR,100.0,Conditions optimal for Onion (Moisture: 55.0%). No immediate watering needed.,0
2026-05-26 07:41:42,55.0,16.6,65.0,0.0,14.3,MONITOR,100.0,Conditions optimal for Onion (Moisture: 55.0%). No immediate watering needed.,0
2026-05-26 07:41:42,55.0,16.6,65.0,0.0,14.3,MONITOR,100.0,Conditions optimal for Onion (Moisture: 55.0%). No immediate watering needed.,0
2026-05-26 07:41:47,54.0,16.6,65.0,0.0,14.3,MONITOR,97.9,Conditions optimal for Onion (Moisture: 54.0%). No immediate watering needed.,0
2026-05-26 07:41:52,53.0,16.6,65.0,0.0,14.3,MONITOR,96.9,Conditions optimal for Onion (Moisture: 53.0%). No immediate watering needed.,0
2026-05-26 07:41:54,53.0,16.6,65.0,0.0,14.3,MONITOR,96.9,Conditions optimal for Onion (Moisture: 53.0%). No immediate watering needed.,0
2026-05-26 07:42:01,54.0,16.6,65.0,0.0,14.3,MONITOR,96.9,Conditions optimal for Onion (Moisture: 54.0%). No immediate watering needed.,0
2026-05-26 07:42:02,54.0,16.6,65.0,0.0,14.3,MONITOR,96.9,Conditions optimal for Onion (Moisture: 54.0%). No immediate watering needed.,0
2026-05-26 07:42:09,51.0,16.6,66.0,0.0,14.3,MONITOR,96.9,Conditions optimal for Onion (Moisture: 51.0%). No immediate watering needed.,0
2026-05-26 07:42:12,51.0,16.6,65.0,0.0,14.3,MONITOR,96.9,Conditions optimal for Onion (Moisture: 51.0%). No immediate watering needed.,0
2026-05-26 07:42:16,49.0,16.6,66.0,0.0,14.3,MONITOR,93.2,Conditions optimal for Onion (Moisture: 49.0%). No immediate watering needed.,0
2026-05-26 07:42:22,49.0,16.6,66.0,0.0,14.3,MONITOR,94.9,Conditions optimal for Onion (Moisture: 49.0%). No immediate watering needed.,0
2026-05-26 07:42:23,49.0,16.6,66.0,0.0,14.3,MONITOR,94.9,Conditions optimal for Onion (Moisture: 49.0%). No immediate watering needed.,0
2026-05-26 07:42:28,49.0,16.6,65.0,0.0,14.3,MONITOR,94.9,Conditions optimal for Onion (Moisture: 49.0%). No immediate watering needed.,0
2026-05-26 07:42:32,50.0,16.6,65.0,0.0,14.3,MONITOR,96.2,Conditions optimal for Onion (Moisture: 50.0%). No immediate watering needed.,0
2026-05-26 07:42:34,50.0,16.6,65.0,0.0,14.3,MONITOR,96.2,Conditions optimal for Onion (Moisture: 50.0%). No immediate watering needed.,0
2026-05-26 07:42:41,49.0,16.6,65.0,0.0,14.3,MONITOR,94.9,Conditions optimal for Onion (Moisture: 49.0%). No immediate watering needed.,0
2026-05-26 07:42:42,49.0,16.6,65.0,0.0,14.3,MONITOR,94.9,Conditions optimal for Onion (Moisture: 49.0%). No immediate watering needed.,0
2026-05-26 07:42:48,50.0,16.6,65.0,0.0,14.3,MONITOR,96.2,Conditions optimal for Onion (Moisture: 50.0%). No immediate watering needed.,0
2026-05-26 07:42:52,48.0,16.6,66.0,0.0,14.3,MONITOR,94.9,Conditions optimal for Onion (Moisture: 48.0%). No immediate watering needed.,0
2026-05-26 07:42:55,49.0,16.6,65.0,0.0,14.3,MONITOR,94.9,Conditions optimal for Onion (Moisture: 49.0%). No immediate watering needed.,0
2026-05-26 07:43:02,48.0,16.6,65.0,0.0,14.3,MONITOR,94.9,Conditions optimal for Onion (Moisture: 48.0%). No immediate watering needed.,0
2026-05-26 07:43:03,48.0,16.6,65.0,0.0,14.3,MONITOR,94.9,Conditions optimal for Onion (Moisture: 48.0%). No immediate watering needed.,0
2026-05-26 07:43:10,47.0,16.6,65.0,0.0,14.3,MONITOR,94.9,Conditions optimal for Onion (Moisture: 47.0%). No immediate watering needed.,0
2026-05-26 07:43:12,47.0,16.6,65.0,0.0,14.3,MONITOR,94.9,Conditions optimal for Onion (Moisture: 47.0%). No immediate watering needed.,0
2026-05-26 07:43:17,47.0,16.6,65.0,0.0,14.3,MONITOR,94.9,Conditions optimal for Onion (Moisture: 47.0%). No immediate watering needed.,0
2026-05-26 07:43:22,47.0,16.6,65.0,0.0,14.3,MONITOR,94.9,Conditions optimal for Onion (Moisture: 47.0%). No immediate watering needed.,0
2026-05-26 07:43:22,47.0,16.6,65.0,0.0,14.3,MONITOR,94.9,Conditions optimal for Onion (Moisture: 47.0%). No immediate watering needed.,0
2026-05-26 07:43:28,47.0,16.6,65.0,0.0,14.3,MONITOR,94.9,Conditions optimal for Onion (Moisture: 47.0%). No immediate watering needed.,0
2026-05-26 07:43:32,47.0,16.6,65.0,0.0,14.3,MONITOR,94.9,Conditions optimal for Onion (Moisture: 47.0%). No immediate watering needed.,0
2026-05-26 07:43:33,47.0,16.6,65.0,0.0,14.3,MONITOR,94.9,Conditions optimal for Onion (Moisture: 47.0%). No immediate watering needed.,0
2026-05-26 07:43:38,46.0,16.6,65.0,0.0,14.3,MONITOR,94.9,Conditions optimal for Onion (Moisture: 46.0%). No immediate watering needed.,0
2026-05-26 07:43:42,47.0,16.6,65.0,0.0,14.3,MONITOR,94.9,Conditions optimal for Onion (Moisture: 47.0%). No immediate watering needed.,0
2026-05-26 07:43:45,46.0,16.6,65.0,0.0,14.3,MONITOR,94.9,Conditions optimal for Onion (Moisture: 46.0%). No immediate watering needed.,0
2026-05-26 07:43:51,45.0,16.6,65.0,0.0,14.3,MONITOR,92.9,Conditions optimal for Onion (Moisture: 45.0%). No immediate watering needed.,0
2026-05-26 07:43:52,45.0,16.6,65.0,0.0,14.3,MONITOR,92.9,Conditions optimal for Onion (Moisture: 45.0%). No immediate watering needed.,0
2026-05-26 07:43:58,45.0,16.6,65.0,0.0,14.3,MONITOR,84.9,Conditions optimal for Onion (Moisture: 45.0%). No immediate watering needed.,0
2026-05-26 07:44:02,45.0,16.6,65.0,0.0,14.3,MONITOR,83.6,Conditions optimal for Onion (Moisture: 45.0%). No immediate watering needed.,0
2026-05-26 07:44:03,45.0,16.6,65.0,0.0,14.3,MONITOR,83.6,Conditions optimal for Onion (Moisture: 45.0%). No immediate watering needed.,0
2026-05-26 07:44:09,45.0,16.6,65.0,0.0,14.3,MONITOR,83.6,Conditions optimal for Onion (Moisture: 45.0%). No immediate watering needed.,0
2026-05-26 07:44:12,47.0,16.6,65.0,0.0,14.3,MONITOR,94.9,Conditions optimal for Onion (Moisture: 47.0%). No immediate watering needed.,0
2026-05-26 07:44:14,47.0,16.6,65.0,0.0,14.3,MONITOR,94.9,Conditions optimal for Onion (Moisture: 47.0%). No immediate watering needed.,0
2026-05-26 07:44:21,45.0,16.6,65.0,0.0,14.3,MONITOR,92.9,Conditions optimal for Onion (Moisture: 45.0%). No immediate watering needed.,0
2026-05-26 07:44:22,45.0,16.6,65.0,0.0,14.3,MONITOR,92.9,Conditions optimal for Onion (Moisture: 45.0%). No immediate watering needed.,0
2026-05-26 07:44:29,45.0,16.6,65.0,0.0,14.3,MONITOR,83.6,Conditions optimal for Onion (Moisture: 45.0%). No immediate watering needed.,0
2026-05-26 07:44:32,45.0,16.6,65.0,0.0,14.3,MONITOR,83.6,Conditions optimal for Onion (Moisture: 45.0%). No immediate watering needed.,0
2026-05-26 07:44:34,45.0,16.6,65.0,0.0,14.3,MONITOR,83.6,Conditions optimal for Onion (Moisture: 45.0%). No immediate watering needed.,0
2026-05-26 07:44:39,46.0,16.6,65.0,0.0,14.3,MONITOR,94.9,Conditions optimal for Onion (Moisture: 46.0%). No immediate watering needed.,0
2026-05-26 07:44:42,44.0,16.6,65.0,0.0,14.3,NOW,81.0,ML activated for Onion: Moisture at 44.0% (Target: 60.0%). Env: 16.6C. Confidence: 81.0%.,0
2026-05-26 07:44:47,43.0,16.6,65.0,0.0,14.3,NOW,86.0,ML activated for Onion: Moisture at 43.0% (Target: 60.0%). Env: 16.6C. Confidence: 86.0%.,1
2026-05-26 07:44:52,44.0,16.6,65.0,0.0,14.3,NOW,84.0,ML activated for Onion: Moisture at 44.0% (Target: 60.0%). Env: 16.6C. Confidence: 84.0%.,0
2026-05-26 07:45:02,44.0,16.6,65.0,0.0,14.3,NOW,83.0,ML activated for Onion: Moisture at 44.0% (Target: 60.0%). Env: 16.6C. Confidence: 83.0%.,0
2026-05-26 07:45:09,45.0,16.9,65.0,0.0,14.3,MONITOR,72.7,Conditions optimal for Onion (Moisture: 45.0%). No immediate watering needed.,0
2026-05-26 07:45:12,44.0,17.0,65.0,0.0,14.3,NOW,83.0,ML activated for Onion: Moisture at 44.0% (Target: 60.0%). Env: 17.0C. Confidence: 83.0%.,0
2026-05-26 07:45:16,43.0,17.0,65.0,0.0,14.3,NOW,86.0,ML activated for Onion: Moisture at 43.0% (Target: 60.0%). Env: 17.0C. Confidence: 86.0%.,1
2026-05-26 07:45:22,43.0,17.0,65.0,0.0,14.3,NOW,86.1,ML activated for Onion: Moisture at 43.0% (Target: 60.0%). Env: 17.0C. Confidence: 86.1%.,1
2026-05-26 07:45:32,44.0,17.0,65.0,0.0,14.3,NOW,84.0,ML activated for Onion: Moisture at 44.0% (Target: 60.0%). Env: 17.0C. Confidence: 84.0%.,0
2026-05-26 07:45:38,43.0,17.0,65.0,0.0,14.3,NOW,86.0,ML activated for Onion: Moisture at 43.0% (Target: 60.0%). Env: 17.0C. Confidence: 86.0%.,1
2026-05-26 07:45:42,42.0,17.0,65.0,0.0,14.3,NOW,89.3,ML activated for Onion: Moisture at 42.0% (Target: 60.0%). Env: 17.0C. Confidence: 89.3%.,1
2026-05-26 07:45:52,43.0,17.0,65.0,0.0,14.3,NOW,86.1,ML activated for Onion: Moisture at 43.0% (Target: 60.0%). Env: 17.0C. Confidence: 86.1%.,1
2026-05-26 07:46:00,41.0,17.0,65.0,0.0,14.3,NOW,86.1,ML activated for Onion: Moisture at 41.0% (Target: 60.0%). Env: 17.0C. Confidence: 86.1%.,1
2026-05-26 07:46:02,43.0,17.0,65.0,0.0,14.3,NOW,86.1,ML activated for Onion: Moisture at 43.0% (Target: 60.0%). Env: 17.0C. Confidence: 86.1%.,1
2026-05-26 07:46:12,43.0,17.0,65.0,0.0,14.3,NOW,86.1,ML activated for Onion: Moisture at 43.0% (Target: 60.0%). Env: 17.0C. Confidence: 86.1%.,1
2026-05-26 07:46:22,42.0,17.0,65.0,0.0,14.3,NOW,86.1,ML activated for Onion: Moisture at 42.0% (Target: 60.0%). Env: 17.0C. Confidence: 86.1%.,1
2026-05-26 07:46:22,42.0,17.0,65.0,0.0,14.3,NOW,86.1,ML activated for Onion: Moisture at 42.0% (Target: 60.0%). Env: 17.0C. Confidence: 86.1%.,1
2026-05-26 07:46:32,42.0,17.0,65.0,0.0,14.3,NOW,86.1,ML activated for Onion: Moisture at 42.0% (Target: 60.0%). Env: 17.0C. Confidence: 86.1%.,1
2026-05-26 07:46:42,41.0,17.0,65.0,0.0,14.3,NOW,87.6,ML activated for Onion: Moisture at 41.0% (Target: 60.0%). Env: 17.0C. Confidence: 87.6%.,1
2026-05-26 07:46:44,41.0,17.0,65.0,0.0,14.3,NOW,87.6,ML activated for Onion: Moisture at 41.0% (Target: 60.0%). Env: 17.0C. Confidence: 87.6%.,1
2026-05-26 07:46:53,42.0,17.0,65.0,0.0,14.3,NOW,86.1,ML activated for Onion: Moisture at 42.0% (Target: 60.0%). Env: 17.0C. Confidence: 86.1%.,1
2026-05-26 07:47:03,40.0,17.0,65.0,0.0,14.3,NOW,87.6,ML activated for Onion: Moisture at 40.0% (Target: 60.0%). Env: 17.0C. Confidence: 87.6%.,1
2026-05-26 07:47:06,15.0,17.0,65.0,0.0,14.3,NOW,93.8,ML activated for Onion: Moisture at 15.0% (Target: 60.0%). Env: 17.0C. Confidence: 93.8%.,1
2026-05-26 07:47:13,72.0,17.0,65.0,0.0,14.3,MONITOR,97.0,Conditions optimal for Onion (Moisture: 72.0%). No immediate watering needed.,0
2026-05-26 07:47:22,71.0,17.0,65.0,0.0,14.3,MONITOR,100.0,Conditions optimal for Onion (Moisture: 71.0%). No immediate watering needed.,0
2026-05-26 07:47:28,71.0,17.0,65.0,0.0,14.3,MONITOR,100.0,Conditions optimal for Onion (Moisture: 71.0%). No immediate watering needed.,0
2026-05-26 07:47:32,71.0,17.0,65.0,0.0,14.3,MONITOR,100.0,Conditions optimal for Onion (Moisture: 71.0%). No immediate watering needed.,0
2026-05-26 07:47:35,70.0,17.0,65.0,0.0,14.3,MONITOR,100.0,Conditions optimal for Onion (Moisture: 70.0%). No immediate watering needed.,0
2026-05-26 07:47:42,68.0,17.0,65.0,0.0,14.3,MONITOR,100.0,Conditions optimal for Onion (Moisture: 68.0%). No immediate watering needed.,0
2026-05-26 07:47:42,68.0,17.0,65.0,0.0,14.3,MONITOR,100.0,Conditions optimal for Onion (Moisture: 68.0%). No immediate watering needed.,0
2026-05-26 07:47:50,70.0,17.0,65.0,0.0,14.3,MONITOR,100.0,Conditions optimal for Onion (Moisture: 70.0%). No immediate watering needed.,0
2026-05-26 07:47:53,70.0,17.0,65.0,0.0,14.3,MONITOR,100.0,Conditions optimal for Onion (Moisture: 70.0%). No immediate watering needed.,0
2026-05-26 07:47:57,69.0,17.0,65.0,0.0,14.3,MONITOR,100.0,Conditions optimal for Onion (Moisture: 69.0%). No immediate watering needed.,0
2026-05-26 07:48:03,70.0,17.0,65.0,0.0,14.3,MONITOR,100.0,Conditions optimal for Onion (Moisture: 70.0%). No immediate watering needed.,0
2026-05-26 07:48:05,70.0,17.0,65.0,0.0,14.3,MONITOR,100.0,Conditions optimal for Onion (Moisture: 70.0%). No immediate watering needed.,0
2026-05-26 07:48:12,68.0,17.0,65.0,0.0,14.3,MONITOR,100.0,Conditions optimal for Onion (Moisture: 68.0%). No immediate watering needed.,0
2026-05-26 07:48:13,68.0,17.0,65.0,0.0,14.3,MONITOR,100.0,Conditions optimal for Onion (Moisture: 68.0%). No immediate watering needed.,0
2026-05-26 07:48:19,68.0,17.0,65.0,0.0,14.3,MONITOR,100.0,Conditions optimal for Onion (Moisture: 68.0%). No immediate watering needed.,0
2026-05-26 07:48:23,68.0,17.0,65.0,0.0,14.3,MONITOR,100.0,Conditions optimal for Onion (Moisture: 68.0%). No immediate watering needed.,0
2026-05-26 07:48:25,68.0,17.0,65.0,0.0,14.3,MONITOR,100.0,Conditions optimal for Onion (Moisture: 68.0%). No immediate watering needed.,0
2026-05-26 07:48:30,68.0,17.0,65.0,0.0,14.3,MONITOR,100.0,Conditions optimal for Onion (Moisture: 68.0%). No immediate watering needed.,0
2026-05-26 07:48:33,68.0,17.0,65.0,0.0,14.3,MONITOR,100.0,Conditions optimal for Onion (Moisture: 68.0%). No immediate watering needed.,0
2026-05-26 07:48:35,68.0,17.0,65.0,0.0,14.3,MONITOR,100.0,Conditions optimal for Onion (Moisture: 68.0%). No immediate watering needed.,0
2026-05-26 07:48:41,67.0,17.0,65.0,0.0,14.3,MONITOR,100.0,Conditions optimal for Onion (Moisture: 67.0%). No immediate watering needed.,0
2026-05-26 07:48:43,67.0,17.0,65.0,0.0,14.3,MONITOR,100.0,Conditions optimal for Onion (Moisture: 67.0%). No immediate watering needed.,0
2026-05-26 07:48:48,67.0,17.0,65.0,0.0,14.3,MONITOR,100.0,Conditions optimal for Onion (Moisture: 67.0%). No immediate watering needed.,0
2026-05-26 07:48:53,67.0,17.0,65.0,0.0,14.3,MONITOR,100.0,Conditions optimal for Onion (Moisture: 67.0%). No immediate watering needed.,0
2026-05-26 07:48:59,67.0,17.0,65.0,0.0,14.3,MONITOR,100.0,Conditions optimal for Onion (Moisture: 67.0%). No immediate watering needed.,0
2026-05-26 07:49:04,67.0,17.0,65.0,0.0,14.3,MONITOR,100.0,Conditions optimal for Onion (Moisture: 67.0%). No immediate watering needed.,0
2026-05-26 07:49:09,67.0,17.0,65.0,0.0,14.3,MONITOR,100.0,Conditions optimal for Onion (Moisture: 67.0%). No immediate watering needed.,0
2026-05-26 07:49:14,68.0,17.0,65.0,0.0,14.3,MONITOR,100.0,Conditions optimal for Onion (Moisture: 68.0%). No immediate watering needed.,0
2026-05-26 07:49:22,67.0,17.0,65.0,0.0,14.3,MONITOR,100.0,Conditions optimal for Onion (Moisture: 67.0%). No immediate watering needed.,0
2026-05-26 07:49:29,67.0,17.0,65.0,0.0,14.3,MONITOR,100.0,Conditions optimal for Onion (Moisture: 67.0%). No immediate watering needed.,0
2026-05-26 07:49:35,65.0,17.0,65.0,0.0,14.3,MONITOR,100.0,Conditions optimal for Onion (Moisture: 65.0%). No immediate watering needed.,0
2026-05-26 07:49:42,66.0,17.0,65.0,0.0,14.3,MONITOR,100.0,Conditions optimal for Onion (Moisture: 66.0%). No immediate watering needed.,0
2026-05-26 07:49:49,66.0,17.0,65.0,0.0,14.3,MONITOR,100.0,Conditions optimal for Onion (Moisture: 66.0%). No immediate watering needed.,0
2026-05-26 07:49:52,68.0,17.0,65.0,0.0,14.3,MONITOR,100.0,Conditions optimal for Onion (Moisture: 68.0%). No immediate watering needed.,0
2026-05-26 07:49:54,68.0,17.0,65.0,0.0,14.3,MONITOR,100.0,Conditions optimal for Onion (Moisture: 68.0%). No immediate watering needed.,0
2026-05-26 07:50:02,67.0,17.0,65.0,0.0,14.3,MONITOR,100.0,Conditions optimal for Onion (Moisture: 67.0%). No immediate watering needed.,0
2026-05-26 07:50:09,67.0,17.0,65.0,0.0,14.3,MONITOR,100.0,Conditions optimal for Onion (Moisture: 67.0%). No immediate watering needed.,0
2026-05-26 07:50:15,66.0,17.0,65.0,0.0,14.3,MONITOR,100.0,Conditions optimal for Onion (Moisture: 66.0%). No immediate watering needed.,0
2026-05-26 07:50:22,66.0,17.0,65.0,0.0,14.3,MONITOR,100.0,Conditions optimal for Onion (Moisture: 66.0%). No immediate watering needed.,0
2026-05-26 07:50:27,66.0,17.0,65.0,0.0,14.3,MONITOR,100.0,Conditions optimal for Onion (Moisture: 66.0%). No immediate watering needed.,0
2026-05-26 07:50:33,67.0,17.0,65.0,0.0,14.3,MONITOR,100.0,Conditions optimal for Onion (Moisture: 67.0%). No immediate watering needed.,0
2026-05-26 07:50:40,66.0,17.0,65.0,0.0,14.3,MONITOR,100.0,Conditions optimal for Onion (Moisture: 66.0%). No immediate watering needed.,0
2026-05-26 07:50:47,66.0,17.0,65.0,0.0,14.3,MONITOR,100.0,Conditions optimal for Onion (Moisture: 66.0%). No immediate watering needed.,0
2026-05-26 07:50:52,66.0,17.0,65.0,0.0,14.3,MONITOR,100.0,Conditions optimal for Onion (Moisture: 66.0%). No immediate watering needed.,0
2026-05-26 07:50:53,66.0,17.0,65.0,0.0,14.3,MONITOR,100.0,Conditions optimal for Onion (Moisture: 66.0%). No immediate watering needed.,0
2026-05-26 07:50:58,65.0,17.0,65.0,0.0,14.3,MONITOR,100.0,Conditions optimal for Onion (Moisture: 65.0%). No immediate watering needed.,0
2026-05-26 07:51:05,67.0,17.0,65.0,0.0,14.3,MONITOR,100.0,Conditions optimal for Onion (Moisture: 67.0%). No immediate watering needed.,0
2026-05-26 07:51:13,64.0,17.0,65.0,0.0,14.3,MONITOR,100.0,Conditions optimal for Onion (Moisture: 64.0%). No immediate watering needed.,0
2026-05-26 07:51:20,66.0,17.0,65.0,0.0,14.3,MONITOR,100.0,Conditions optimal for Onion (Moisture: 66.0%). No immediate watering needed.,0
2026-05-26 07:51:27,66.0,17.0,65.0,0.0,14.3,MONITOR,100.0,Conditions optimal for Onion (Moisture: 66.0%). No immediate watering needed.,0
2026-05-26 07:51:33,65.0,17.0,65.0,0.0,14.3,MONITOR,100.0,Conditions optimal for Onion (Moisture: 65.0%). No immediate watering needed.,0
2026-05-26 07:51:40,66.0,17.0,65.0,0.0,14.3,MONITOR,100.0,Conditions optimal for Onion (Moisture: 66.0%). No immediate watering needed.,0
2026-05-26 07:51:48,65.0,17.0,65.0,0.0,14.3,MONITOR,100.0,Conditions optimal for Onion (Moisture: 65.0%). No immediate watering needed.,0
2026-05-26 07:51:52,65.0,17.0,65.0,0.0,14.3,MONITOR,100.0,Conditions optimal for Onion (Moisture: 65.0%). No immediate watering needed.,0
2026-05-26 07:51:55,65.0,17.0,65.0,0.0,14.3,MONITOR,100.0,Conditions optimal for Onion (Moisture: 65.0%). No immediate watering needed.,0
2026-05-26 07:52:00,67.0,17.0,65.0,0.0,14.3,MONITOR,100.0,Conditions optimal for Onion (Moisture: 67.0%). No immediate watering needed.,0
2026-05-26 07:52:08,65.0,17.0,65.0,0.0,14.3,MONITOR,100.0,Conditions optimal for Onion (Moisture: 65.0%). No immediate watering needed.,0
2026-05-26 07:52:15,65.0,17.0,65.0,0.0,14.3,MONITOR,100.0,Conditions optimal for Onion (Moisture: 65.0%). No immediate watering needed.,0
2026-05-26 07:52:20,62.0,17.0,65.0,0.0,14.3,MONITOR,100.0,Conditions optimal for Onion (Moisture: 62.0%). No immediate watering needed.,0
2026-05-26 07:52:28,66.0,17.0,65.0,0.0,14.3,MONITOR,100.0,Conditions optimal for Onion (Moisture: 66.0%). No immediate watering needed.,0
2026-05-26 07:52:35,65.0,17.0,65.0,0.0,14.3,MONITOR,100.0,Conditions optimal for Onion (Moisture: 65.0%). No immediate watering needed.,0
2026-05-26 07:52:43,66.0,17.0,65.0,0.0,14.3,MONITOR,100.0,Conditions optimal for Onion (Moisture: 66.0%). No immediate watering needed.,0
2026-05-26 07:52:50,66.0,17.0,65.0,0.0,14.3,MONITOR,100.0,Conditions optimal for Onion (Moisture: 66.0%). No immediate watering needed.,0
2026-05-26 07:52:52,65.0,17.0,65.0,0.0,14.3,MONITOR,100.0,Conditions optimal for Onion (Moisture: 65.0%). No immediate watering needed.,0
2026-05-26 07:52:55,65.0,17.0,65.0,0.0,14.3,MONITOR,100.0,Conditions optimal for Onion (Moisture: 65.0%). No immediate watering needed.,0
2026-05-26 07:53:03,67.0,17.0,65.0,0.0,14.3,MONITOR,100.0,Conditions optimal for Onion (Moisture: 67.0%). No immediate watering needed.,0
2026-05-26 07:53:10,65.0,17.0,65.0,0.0,14.3,MONITOR,100.0,Conditions optimal for Onion (Moisture: 65.0%). No immediate watering needed.,0
2026-05-26 07:53:17,65.0,17.0,65.0,0.0,14.3,MONITOR,100.0,Conditions optimal for Onion (Moisture: 65.0%). No immediate watering needed.,0
2026-05-26 07:53:23,65.0,17.0,65.0,0.0,14.3,MONITOR,100.0,Conditions optimal for Onion (Moisture: 65.0%). No immediate watering needed.,0
2026-05-26 07:53:28,65.0,17.0,65.0,0.0,14.3,MONITOR,100.0,Conditions optimal for Onion (Moisture: 65.0%). No immediate watering needed.,0
2026-05-26 07:53:33,65.0,17.0,65.0,0.0,14.3,MONITOR,100.0,Conditions optimal for Onion (Moisture: 65.0%). No immediate watering needed.,0
2026-05-26 07:53:39,65.0,17.0,65.0,0.0,14.3,MONITOR,100.0,Conditions optimal for Onion (Moisture: 65.0%). No immediate watering needed.,0
2026-05-26 07:53:44,65.0,17.0,65.0,0.0,14.3,MONITOR,100.0,Conditions optimal for Onion (Moisture: 65.0%). No immediate watering needed.,0
2026-05-26 07:53:50,66.0,17.0,65.0,0.0,14.3,MONITOR,100.0,Conditions optimal for Onion (Moisture: 66.0%). No immediate watering needed.,0
2026-05-26 07:53:53,65.0,17.0,65.0,0.0,14.3,MONITOR,100.0,Conditions optimal for Onion (Moisture: 65.0%). No immediate watering needed.,0
2026-05-26 07:53:58,65.0,17.0,65.0,0.0,14.3,MONITOR,100.0,Conditions optimal for Onion (Moisture: 65.0%). No immediate watering needed.,0
2026-05-26 07:54:05,66.0,17.0,65.0,0.0,14.3,MONITOR,100.0,Conditions optimal for Onion (Moisture: 66.0%). No immediate watering needed.,0
2026-05-26 07:54:13,65.0,17.0,65.0,0.0,14.3,MONITOR,100.0,Conditions optimal for Onion (Moisture: 65.0%). No immediate watering needed.,0
2026-05-26 07:54:20,65.0,17.0,65.0,0.0,14.3,MONITOR,100.0,Conditions optimal for Onion (Moisture: 65.0%). No immediate watering needed.,0
2026-05-26 07:54:25,64.0,17.0,65.0,0.0,14.3,MONITOR,100.0,Conditions optimal for Onion (Moisture: 64.0%). No immediate watering needed.,0
2026-05-26 07:54:33,64.0,17.0,65.0,0.0,14.3,MONITOR,100.0,Conditions optimal for Onion (Moisture: 64.0%). No immediate watering needed.,0
2026-05-26 07:54:38,65.0,17.0,65.0,0.0,14.3,MONITOR,100.0,Conditions optimal for Onion (Moisture: 65.0%). No immediate watering needed.,0
2026-05-26 07:54:46,65.0,17.0,65.0,0.0,14.3,MONITOR,100.0,Conditions optimal for Onion (Moisture: 65.0%). No immediate watering needed.,0
2026-05-26 07:54:51,64.0,17.0,65.0,0.0,14.3,MONITOR,100.0,Conditions optimal for Onion (Moisture: 64.0%). No immediate watering needed.,0
2026-05-26 07:54:52,64.0,17.0,65.0,0.0,14.3,MONITOR,100.0,Conditions optimal for Onion (Moisture: 64.0%). No immediate watering needed.,0
2026-05-26 07:54:58,65.0,17.0,65.0,0.0,14.3,MONITOR,100.0,Conditions optimal for Onion (Moisture: 65.0%). No immediate watering needed.,0
2026-05-26 07:55:06,65.0,17.0,65.0,0.0,14.3,MONITOR,100.0,Conditions optimal for Onion (Moisture: 65.0%). No immediate watering needed.,0
2026-05-26 07:55:11,64.0,17.0,65.0,0.0,14.3,MONITOR,100.0,Conditions optimal for Onion (Moisture: 64.0%). No immediate watering needed.,0
2026-05-26 07:55:19,64.0,17.0,65.0,0.0,14.3,MONITOR,100.0,Conditions optimal for Onion (Moisture: 64.0%). No immediate watering needed.,0
2026-05-26 07:55:24,64.0,17.0,65.0,0.0,14.3,MONITOR,100.0,Conditions optimal for Onion (Moisture: 64.0%). No immediate watering needed.,0
2026-05-26 07:55:29,64.0,17.0,65.0,0.0,14.3,MONITOR,100.0,Conditions optimal for Onion (Moisture: 64.0%). No immediate watering needed.,0
2026-05-26 07:55:35,65.0,17.0,65.0,0.0,14.3,MONITOR,100.0,Conditions optimal for Onion (Moisture: 65.0%). No immediate watering needed.,0
2026-05-26 07:55:42,65.0,17.0,65.0,0.0,14.3,MONITOR,100.0,Conditions optimal for Onion (Moisture: 65.0%). No immediate watering needed.,0
2026-05-26 07:55:47,64.0,17.0,65.0,0.0,14.3,MONITOR,100.0,Conditions optimal for Onion (Moisture: 64.0%). No immediate watering needed.,0
2026-05-26 07:55:52,64.0,17.0,65.0,0.0,14.3,MONITOR,100.0,Conditions optimal for Onion (Moisture: 64.0%). No immediate watering needed.,0
2026-05-26 07:55:55,64.0,17.0,65.0,0.0,14.9,MONITOR,100.0,Conditions optimal for Onion (Moisture: 64.0%). No immediate watering needed.,0
2026-05-26 07:56:00,65.0,17.0,65.0,0.0,14.9,MONITOR,100.0,Conditions optimal for Onion (Moisture: 65.0%). No immediate watering needed.,0
2026-05-26 07:56:07,66.0,17.0,65.0,0.0,14.9,MONITOR,100.0,Conditions optimal for Onion (Moisture: 66.0%). No immediate watering needed.,0
2026-05-26 07:56:15,65.0,17.0,65.0,0.0,14.9,MONITOR,100.0,Conditions optimal for Onion (Moisture: 65.0%). No immediate watering needed.,0
2026-05-26 07:56:22,64.0,17.0,65.0,0.0,14.9,MONITOR,100.0,Conditions optimal for Onion (Moisture: 64.0%). No immediate watering needed.,0
2026-05-26 07:56:30,65.0,17.0,65.0,0.0,14.9,MONITOR,100.0,Conditions optimal for Onion (Moisture: 65.0%). No immediate watering needed.,0
2026-05-26 07:56:37,65.0,17.0,65.0,0.0,14.9,MONITOR,100.0,Conditions optimal for Onion (Moisture: 65.0%). No immediate watering needed.,0
2026-05-26 07:56:42,64.0,17.0,65.0,0.0,14.9,MONITOR,100.0,Conditions optimal for Onion (Moisture: 64.0%). No immediate watering needed.,0
2026-05-26 07:56:50,64.0,17.0,64.0,0.0,14.9,MONITOR,100.0,Conditions optimal for Onion (Moisture: 64.0%). No immediate watering needed.,0
2026-05-26 07:56:52,64.0,17.0,64.0,0.0,14.3,MONITOR,100.0,Conditions optimal for Onion (Moisture: 64.0%). No immediate watering needed.,0
2026-05-26 07:56:55,64.0,17.0,64.0,0.0,14.3,MONITOR,100.0,Conditions optimal for Onion (Moisture: 64.0%). No immediate watering needed.,0
2026-05-26 07:57:00,64.0,17.0,65.0,0.0,14.9,MONITOR,100.0,Conditions optimal for Onion (Moisture: 64.0%). No immediate watering needed.,0
2026-05-26 07:57:06,64.0,17.0,64.0,0.0,14.9,MONITOR,100.0,Conditions optimal for Onion (Moisture: 64.0%). No immediate watering needed.,0
2026-05-26 07:57:11,65.0,17.0,64.0,0.0,14.9,MONITOR,100.0,Conditions optimal for Onion (Moisture: 65.0%). No immediate watering needed.,0
2026-05-26 07:57:19,65.0,17.0,64.0,0.0,14.9,MONITOR,100.0,Conditions optimal for Onion (Moisture: 65.0%). No immediate watering needed.,0
2026-05-26 07:57:24,65.0,17.0,64.0,0.0,14.9,MONITOR,100.0,Conditions optimal for Onion (Moisture: 65.0%). No immediate watering needed.,0
2026-05-26 07:57:29,65.0,17.0,64.0,0.0,14.9,MONITOR,100.0,Conditions optimal for Onion (Moisture: 65.0%). No immediate watering needed.,0
2026-05-26 07:57:35,65.0,17.0,64.0,0.0,14.9,MONITOR,100.0,Conditions optimal for Onion (Moisture: 65.0%). No immediate watering needed.,0
2026-05-26 07:57:40,65.0,17.0,64.0,0.0,14.9,MONITOR,100.0,Conditions optimal for Onion (Moisture: 65.0%). No immediate watering needed.,0
2026-05-26 07:57:45,64.0,17.0,64.0,0.0,14.9,MONITOR,100.0,Conditions optimal for Onion (Moisture: 64.0%). No immediate watering needed.,0
2026-05-26 07:57:52,65.0,17.0,64.0,0.0,14.3,MONITOR,100.0,Conditions optimal for Onion (Moisture: 65.0%). No immediate watering needed.,0
2026-05-26 07:57:53,65.0,17.0,64.0,0.0,14.3,MONITOR,100.0,Conditions optimal for Onion (Moisture: 65.0%). No immediate watering needed.,0
2026-05-26 07:58:00,64.0,17.0,64.0,0.0,14.9,MONITOR,100.0,Conditions optimal for Onion (Moisture: 64.0%). No immediate watering needed.,0
2026-05-26 07:58:07,62.0,17.0,64.0,0.0,14.9,MONITOR,100.0,Conditions optimal for Onion (Moisture: 62.0%). No immediate watering needed.,0
2026-05-26 07:58:15,62.0,17.0,64.0,0.0,14.9,MONITOR,100.0,Conditions optimal for Onion (Moisture: 62.0%). No immediate watering needed.,0
2026-05-26 07:58:20,64.0,17.0,64.0,0.0,14.9,MONITOR,100.0,Conditions optimal for Onion (Moisture: 64.0%). No immediate watering needed.,0
2026-05-26 07:58:27,64.0,17.0,64.0,0.0,14.9,MONITOR,100.0,Conditions optimal for Onion (Moisture: 64.0%). No immediate watering needed.,0
2026-05-26 07:58:33,64.0,17.1,64.0,0.0,14.9,MONITOR,100.0,Conditions optimal for Onion (Moisture: 64.0%). No immediate watering needed.,0
2026-05-26 07:58:38,65.0,17.0,64.0,0.0,14.9,MONITOR,100.0,Conditions optimal for Onion (Moisture: 65.0%). No immediate watering needed.,0
2026-05-26 07:58:45,64.0,17.1,64.0,0.0,14.9,MONITOR,100.0,Conditions optimal for Onion (Moisture: 64.0%). No immediate watering needed.,0
2026-05-26 07:58:52,64.0,17.1,64.0,0.0,14.3,MONITOR,100.0,Conditions optimal for Onion (Moisture: 64.0%). No immediate watering needed.,0
2026-05-26 07:58:53,64.0,17.1,64.0,0.0,14.3,MONITOR,100.0,Conditions optimal for Onion (Moisture: 64.0%). No immediate watering needed.,0
2026-05-26 07:58:58,67.0,17.1,64.0,0.0,14.9,MONITOR,100.0,Conditions optimal for Onion (Moisture: 67.0%). No immediate watering needed.,0
2026-05-26 07:59:05,65.0,17.1,64.0,0.0,14.9,MONITOR,100.0,Conditions optimal for Onion (Moisture: 65.0%). No immediate watering needed.,0
2026-05-26 07:59:13,63.0,17.0,64.0,0.0,14.9,MONITOR,100.0,Conditions optimal for Onion (Moisture: 63.0%). No immediate watering needed.,0
2026-05-26 07:59:20,65.0,17.1,64.0,0.0,14.9,MONITOR,100.0,Conditions optimal for Onion (Moisture: 65.0%). No immediate watering needed.,0
2026-05-26 07:59:27,64.0,17.1,64.0,0.0,14.9,MONITOR,100.0,Conditions optimal for Onion (Moisture: 64.0%). No immediate watering needed.,0
2026-05-26 07:59:35,65.0,17.1,64.0,0.0,14.9,MONITOR,100.0,Conditions optimal for Onion (Moisture: 65.0%). No immediate watering needed.,0
2026-05-26 07:59:42,65.0,17.1,64.0,0.0,14.9,MONITOR,100.0,Conditions optimal for Onion (Moisture: 65.0%). No immediate watering needed.,0
2026-05-26 07:59:47,65.0,17.1,64.0,0.0,14.9,MONITOR,100.0,Conditions optimal for Onion (Moisture: 65.0%). No immediate watering needed.,0
2026-05-26 07:59:52,63.0,17.1,64.0,0.0,14.9,MONITOR,100.0,Conditions optimal for Onion (Moisture: 63.0%). No immediate watering needed.,0
2026-05-26 07:59:53,63.0,17.1,64.0,0.0,14.9,MONITOR,100.0,Conditions optimal for Onion (Moisture: 63.0%). No immediate watering needed.,0
2026-05-26 08:00:00,65.0,17.2,64.0,0.0,14.9,MONITOR,100.0,Conditions optimal for Onion (Moisture: 65.0%). No immediate watering needed.,0
2026-05-26 08:00:07,65.0,17.3,64.0,0.0,14.9,MONITOR,100.0,Conditions optimal for Onion (Moisture: 65.0%). No immediate watering needed.,0
2026-05-26 08:00:13,65.0,17.3,64.0,0.0,14.9,MONITOR,100.0,Conditions optimal for Onion (Moisture: 65.0%). No immediate watering needed.,0
2026-05-26 08:00:18,64.0,17.4,64.0,0.0,14.9,MONITOR,100.0,Conditions optimal for Onion (Moisture: 64.0%). No immediate watering needed.,0
2026-05-26 08:00:25,65.0,17.3,64.0,0.0,14.9,MONITOR,100.0,Conditions optimal for Onion (Moisture: 65.0%). No immediate watering needed.,0
2026-05-26 08:00:33,64.0,17.4,64.0,0.0,14.9,MONITOR,100.0,Conditions optimal for Onion (Moisture: 64.0%). No immediate watering needed.,0
2026-05-26 08:00:40,65.0,17.4,64.0,0.0,14.9,MONITOR,100.0,Conditions optimal for Onion (Moisture: 65.0%). No immediate watering needed.,0
2026-05-26 08:00:48,65.0,17.4,64.0,0.0,14.9,MONITOR,100.0,Conditions optimal for Onion (Moisture: 65.0%). No immediate watering needed.,0
2026-05-26 08:00:52,65.0,17.4,64.0,0.0,14.9,MONITOR,100.0,Conditions optimal for Onion (Moisture: 65.0%). No immediate watering needed.,0
2026-05-26 08:00:53,65.0,17.4,64.0,0.0,14.9,MONITOR,100.0,Conditions optimal for Onion (Moisture: 65.0%). No immediate watering needed.,0
2026-05-26 08:00:58,65.0,17.4,64.0,0.0,14.9,MONITOR,100.0,Conditions optimal for Onion (Moisture: 65.0%). No immediate watering needed.,0
2026-05-26 08:01:03,66.0,17.4,64.0,0.0,14.9,MONITOR,100.0,Conditions optimal for Onion (Moisture: 66.0%). No immediate watering needed.,0
2026-05-26 08:01:11,65.0,17.4,64.0,0.0,14.9,MONITOR,100.0,Conditions optimal for Onion (Moisture: 65.0%). No immediate watering needed.,0
2026-05-26 08:01:18,66.0,17.4,64.0,0.0,14.9,MONITOR,100.0,Conditions optimal for Onion (Moisture: 66.0%). No immediate watering needed.,0
2026-05-26 08:01:26,67.0,17.4,64.0,0.0,14.9,MONITOR,100.0,Conditions optimal for Onion (Moisture: 67.0%). No immediate watering needed.,0
2026-05-26 08:01:33,65.0,17.4,64.0,0.0,14.9,MONITOR,100.0,Conditions optimal for Onion (Moisture: 65.0%). No immediate watering needed.,0
2026-05-26 08:01:41,64.0,17.4,64.0,0.0,14.9,MONITOR,100.0,Conditions optimal for Onion (Moisture: 64.0%). No immediate watering needed.,0
2026-05-26 08:01:48,65.0,17.4,64.0,0.0,14.9,MONITOR,100.0,Conditions optimal for Onion (Moisture: 65.0%). No immediate watering needed.,0
2026-05-26 08:01:53,67.0,17.4,64.0,0.0,14.9,MONITOR,100.0,Conditions optimal for Onion (Moisture: 67.0%). No immediate watering needed.,0
2026-05-26 08:01:55,67.0,17.4,64.0,0.0,14.9,MONITOR,100.0,Conditions optimal for Onion (Moisture: 67.0%). No immediate watering needed.,0
2026-05-26 08:02:03,66.0,17.4,64.0,0.0,14.9,MONITOR,100.0,Conditions optimal for Onion (Moisture: 66.0%). No immediate watering needed.,0
2026-05-26 08:02:10,65.0,17.4,64.0,0.0,14.9,MONITOR,100.0,Conditions optimal for Onion (Moisture: 65.0%). No immediate watering needed.,0
2026-05-26 08:02:17,65.0,17.4,64.0,0.0,14.9,MONITOR,100.0,Conditions optimal for Onion (Moisture: 65.0%). No immediate watering needed.,0
2026-05-26 08:02:23,64.0,17.4,64.0,0.0,14.9,MONITOR,100.0,Conditions optimal for Onion (Moisture: 64.0%). No immediate watering needed.,0
2026-05-26 08:02:30,61.0,17.4,64.0,0.0,14.9,MONITOR,100.0,Conditions optimal for Onion (Moisture: 61.0%). No immediate watering needed.,0
2026-05-26 08:02:37,65.0,17.4,64.0,0.0,14.9,MONITOR,100.0,Conditions optimal for Onion (Moisture: 65.0%). No immediate watering needed.,0
2026-05-26 08:02:45,65.0,17.4,64.0,0.0,14.9,MONITOR,100.0,Conditions optimal for Onion (Moisture: 65.0%). No immediate watering needed.,0
2026-05-26 08:02:50,64.0,17.4,64.0,0.0,14.9,MONITOR,100.0,Conditions optimal for Onion (Moisture: 64.0%). No immediate watering needed.,0
2026-05-26 08:02:53,65.0,17.4,64.0,0.0,14.9,MONITOR,100.0,Conditions optimal for Onion (Moisture: 65.0%). No immediate watering needed.,0
2026-05-26 08:02:58,65.0,17.4,64.0,0.0,14.9,MONITOR,100.0,Conditions optimal for Onion (Moisture: 65.0%). No immediate watering needed.,0
2026-05-26 08:03:05,66.0,17.4,64.0,0.0,14.9,MONITOR,100.0,Conditions optimal for Onion (Moisture: 66.0%). No immediate watering needed.,0
2026-05-26 08:03:13,66.0,17.4,64.0,0.0,14.9,MONITOR,100.0,Conditions optimal for Onion (Moisture: 66.0%). No immediate watering needed.,0
2026-05-26 08:03:18,65.0,17.4,64.0,0.0,14.9,MONITOR,100.0,Conditions optimal for Onion (Moisture: 65.0%). No immediate watering needed.,0
2026-05-26 08:03:25,65.0,17.4,64.0,0.0,14.9,MONITOR,100.0,Conditions optimal for Onion (Moisture: 65.0%). No immediate watering needed.,0
2026-05-26 08:03:31,65.0,17.4,64.0,0.0,14.9,MONITOR,100.0,Conditions optimal for Onion (Moisture: 65.0%). No immediate watering needed.,0
2026-05-26 08:03:36,67.0,17.4,64.0,0.0,14.9,MONITOR,100.0,Conditions optimal for Onion (Moisture: 67.0%). No immediate watering needed.,0
2026-05-26 08:03:43,65.0,17.4,64.0,0.0,14.9,MONITOR,100.0,Conditions optimal for Onion (Moisture: 65.0%). No immediate watering needed.,0
2026-05-26 08:03:51,65.0,17.4,64.0,0.0,14.9,MONITOR,100.0,Conditions optimal for Onion (Moisture: 65.0%). No immediate watering needed.,0
2026-05-26 08:03:53,65.0,17.4,64.0,0.0,14.9,MONITOR,100.0,Conditions optimal for Onion (Moisture: 65.0%). No immediate watering needed.,0
2026-05-26 08:03:56,65.0,17.4,64.0,0.0,14.9,MONITOR,100.0,Conditions optimal for Onion (Moisture: 65.0%). No immediate watering needed.,0
2026-05-26 08:04:01,65.0,17.4,64.0,0.0,14.9,MONITOR,100.0,Conditions optimal for Onion (Moisture: 65.0%). No immediate watering needed.,0
2026-05-26 08:04:07,65.0,17.4,64.0,0.0,14.9,MONITOR,100.0,Conditions optimal for Onion (Moisture: 65.0%). No immediate watering needed.,0
2026-05-26 08:04:12,65.0,17.4,64.0,0.0,14.9,MONITOR,100.0,Conditions optimal for Onion (Moisture: 65.0%). No immediate watering needed.,0
2026-05-26 08:04:18,66.0,17.4,64.0,0.0,14.9,MONITOR,100.0,Conditions optimal for Onion (Moisture: 66.0%). No immediate watering needed.,0
2026-05-26 08:04:18,66.0,17.4,64.0,0.0,14.9,MONITOR,100.0,Conditions optimal for Onion (Moisture: 66.0%). No immediate watering needed.,0
2026-05-26 08:04:22,66.0,17.4,64.0,0.0,14.9,MONITOR,100.0,Conditions optimal for Onion (Moisture: 66.0%). No immediate watering needed.,0
2026-05-26 08:04:25,66.0,17.4,64.0,0.0,14.9,MONITOR,100.0,Conditions optimal for Onion (Moisture: 66.0%). No immediate watering needed.,0
2026-05-26 08:04:30,64.0,17.4,64.0,0.0,14.9,MONITOR,100.0,Conditions optimal for Onion (Moisture: 64.0%). No immediate watering needed.,0
2026-05-26 08:04:32,65.0,17.4,64.0,0.0,14.9,MONITOR,100.0,Conditions optimal for Onion (Moisture: 65.0%). No immediate watering needed.,0
2026-05-26 08:04:38,66.0,17.4,64.0,0.0,14.9,MONITOR,100.0,Conditions optimal for Onion (Moisture: 66.0%). No immediate watering needed.,0
2026-05-26 08:04:42,66.0,17.4,64.0,0.0,14.9,MONITOR,100.0,Conditions optimal for Onion (Moisture: 66.0%). No immediate watering needed.,0
2026-05-26 08:04:45,66.0,17.4,64.0,0.0,14.9,MONITOR,100.0,Conditions optimal for Onion (Moisture: 66.0%). No immediate watering needed.,0
2026-05-26 08:04:50,65.0,17.4,64.0,0.0,14.9,MONITOR,100.0,Conditions optimal for Onion (Moisture: 65.0%). No immediate watering needed.,0
2026-05-26 08:04:53,66.0,17.4,64.0,0.0,14.9,MONITOR,100.0,Conditions optimal for Onion (Moisture: 66.0%). No immediate watering needed.,0
2026-05-26 08:04:58,66.0,17.4,64.0,0.0,14.9,MONITOR,100.0,Conditions optimal for Onion (Moisture: 66.0%). No immediate watering needed.,0
2026-05-26 08:05:03,65.0,17.4,64.0,0.0,14.9,MONITOR,100.0,Conditions optimal for Onion (Moisture: 65.0%). No immediate watering needed.,0
2026-05-26 08:05:05,65.0,17.4,64.0,0.0,14.9,MONITOR,100.0,Conditions optimal for Onion (Moisture: 65.0%). No immediate watering needed.,0
2026-05-26 08:05:13,65.0,17.3,64.0,0.0,14.9,MONITOR,100.0,Conditions optimal for Onion (Moisture: 65.0%). No immediate watering needed.,0
2026-05-26 08:05:13,65.0,17.3,64.0,0.0,14.9,MONITOR,100.0,Conditions optimal for Onion (Moisture: 65.0%). No immediate watering needed.,0
2026-05-26 08:05:19,66.0,17.2,64.0,0.0,14.9,MONITOR,100.0,Conditions optimal for Onion (Moisture: 66.0%). No immediate watering needed.,0
2026-05-26 08:05:23,66.0,17.1,64.0,0.0,14.9,MONITOR,100.0,Conditions optimal for Onion (Moisture: 66.0%). No immediate watering needed.,0
2026-05-26 08:05:26,66.0,17.1,64.0,0.0,14.9,MONITOR,100.0,Conditions optimal for Onion (Moisture: 66.0%). No immediate watering needed.,0
2026-05-26 08:05:31,65.0,17.1,64.0,0.0,14.9,MONITOR,100.0,Conditions optimal for Onion (Moisture: 65.0%). No immediate watering needed.,0
2026-05-26 08:05:33,65.0,17.1,64.0,0.0,14.9,MONITOR,100.0,Conditions optimal for Onion (Moisture: 65.0%). No immediate watering needed.,0
2026-05-26 08:05:39,65.0,17.1,64.0,0.0,14.9,MONITOR,100.0,Conditions optimal for Onion (Moisture: 65.0%). No immediate watering needed.,0
2026-05-26 08:05:44,63.0,17.1,64.0,0.0,14.9,MONITOR,100.0,Conditions optimal for Onion (Moisture: 63.0%). No immediate watering needed.,0
2026-05-26 08:05:52,65.0,17.0,64.0,0.0,14.9,MONITOR,100.0,Conditions optimal for Onion (Moisture: 65.0%). No immediate watering needed.,0
2026-05-26 08:05:53,65.0,17.0,64.0,0.0,14.9,MONITOR,100.0,Conditions optimal for Onion (Moisture: 65.0%). No immediate watering needed.,0
2026-05-26 08:05:59,66.0,17.1,64.0,0.0,14.9,MONITOR,100.0,Conditions optimal for Onion (Moisture: 66.0%). No immediate watering needed.,0
2026-05-26 08:06:06,65.0,17.0,64.0,0.0,14.9,MONITOR,100.0,Conditions optimal for Onion (Moisture: 65.0%). No immediate watering needed.,0
2026-05-26 08:06:14,66.0,17.0,64.0,0.0,14.9,MONITOR,100.0,Conditions optimal for Onion (Moisture: 66.0%). No immediate watering needed.,0
2026-05-26 08:06:21,65.0,17.0,64.0,0.0,14.9,MONITOR,100.0,Conditions optimal for Onion (Moisture: 65.0%). No immediate watering needed.,0
2026-05-26 08:06:28,66.0,17.0,64.0,0.0,14.9,MONITOR,100.0,Conditions optimal for Onion (Moisture: 66.0%). No immediate watering needed.,0
2026-05-26 08:06:36,66.0,17.0,64.0,0.0,14.9,MONITOR,100.0,Conditions optimal for Onion (Moisture: 66.0%). No immediate watering needed.,0
2026-05-26 08:06:41,66.0,17.0,64.0,0.0,14.9,MONITOR,100.0,Conditions optimal for Onion (Moisture: 66.0%). No immediate watering needed.,0
2026-05-26 08:06:46,64.0,17.0,64.0,0.0,14.9,MONITOR,100.0,Conditions optimal for Onion (Moisture: 64.0%). No immediate watering needed.,0
2026-05-26 08:06:53,65.0,17.0,64.0,0.0,14.9,MONITOR,100.0,Conditions optimal for Onion (Moisture: 65.0%). No immediate watering needed.,0
2026-05-26 08:06:54,65.0,17.0,64.0,0.0,14.9,MONITOR,100.0,Conditions optimal for Onion (Moisture: 65.0%). No immediate watering needed.,0
2026-05-26 08:07:01,65.0,17.0,64.0,0.0,14.9,MONITOR,100.0,Conditions optimal for Onion (Moisture: 65.0%). No immediate watering needed.,0
2026-05-26 08:07:07,66.0,17.0,64.0,0.0,14.9,MONITOR,100.0,Conditions optimal for Onion (Moisture: 66.0%). No immediate watering needed.,0
2026-05-26 08:07:14,66.0,17.0,64.0,0.0,14.9,MONITOR,100.0,Conditions optimal for Onion (Moisture: 66.0%). No immediate watering needed.,0
2026-05-26 08:07:19,65.0,17.0,64.0,0.0,14.9,MONITOR,100.0,Conditions optimal for Onion (Moisture: 65.0%). No immediate watering needed.,0
2026-05-26 08:07:27,65.0,17.0,64.0,0.0,14.9,MONITOR,100.0,Conditions optimal for Onion (Moisture: 65.0%). No immediate watering needed.,0
2026-05-26 08:07:32,66.0,17.0,64.0,0.0,14.9,MONITOR,100.0,Conditions optimal for Onion (Moisture: 66.0%). No immediate watering needed.,0
2026-05-26 08:07:39,66.0,17.0,64.0,0.0,14.9,MONITOR,100.0,Conditions optimal for Onion (Moisture: 66.0%). No immediate watering needed.,0
2026-05-26 08:07:45,65.0,17.0,64.0,0.0,14.9,MONITOR,100.0,Conditions optimal for Onion (Moisture: 65.0%). No immediate watering needed.,0
2026-05-26 08:07:52,66.0,17.0,64.0,0.0,14.9,MONITOR,100.0,Conditions optimal for Onion (Moisture: 66.0%). No immediate watering needed.,0
2026-05-26 08:07:53,66.0,17.0,64.0,0.0,14.9,MONITOR,100.0,Conditions optimal for Onion (Moisture: 66.0%). No immediate watering needed.,0
2026-05-26 08:07:59,67.0,17.0,64.0,0.0,14.9,MONITOR,100.0,Conditions optimal for Onion (Moisture: 67.0%). No immediate watering needed.,0
2026-05-26 08:08:07,66.0,17.0,64.0,0.0,14.9,MONITOR,100.0,Conditions optimal for Onion (Moisture: 66.0%). No immediate watering needed.,0
2026-05-26 08:08:14,66.0,17.1,64.0,0.0,14.9,MONITOR,100.0,Conditions optimal for Onion (Moisture: 66.0%). No immediate watering needed.,0
2026-05-26 08:08:20,67.0,17.0,64.0,0.0,14.9,MONITOR,100.0,Conditions optimal for Onion (Moisture: 67.0%). No immediate watering needed.,0
2026-05-26 08:08:27,66.0,17.0,64.0,0.0,14.9,MONITOR,100.0,Conditions optimal for Onion (Moisture: 66.0%). No immediate watering needed.,0
2026-05-26 08:08:34,68.0,17.0,64.0,0.0,14.9,MONITOR,100.0,Conditions optimal for Onion (Moisture: 68.0%). No immediate watering needed.,0
2026-05-26 08:08:42,66.0,17.0,64.0,0.0,14.9,MONITOR,100.0,Conditions optimal for Onion (Moisture: 66.0%). No immediate watering needed.,0
2026-05-26 08:08:49,65.0,17.0,64.0,0.0,14.9,MONITOR,100.0,Conditions optimal for Onion (Moisture: 65.0%). No immediate watering needed.,0
2026-05-26 08:08:52,66.0,17.0,64.0,0.0,14.9,MONITOR,100.0,Conditions optimal for Onion (Moisture: 66.0%). No immediate watering needed.,0
2026-05-26 08:08:57,67.0,17.0,64.0,0.0,14.9,MONITOR,100.0,Conditions optimal for Onion (Moisture: 67.0%). No immediate watering needed.,0
2026-05-26 08:09:04,67.0,17.0,64.0,0.0,14.9,MONITOR,100.0,Conditions optimal for Onion (Moisture: 67.0%). No immediate watering needed.,0
2026-05-26 08:09:09,66.0,17.0,64.0,0.0,14.9,MONITOR,100.0,Conditions optimal for Onion (Moisture: 66.0%). No immediate watering needed.,0
2026-05-26 08:09:17,64.0,17.0,64.0,0.0,14.9,MONITOR,100.0,Conditions optimal for Onion (Moisture: 64.0%). No immediate watering needed.,0
2026-05-26 08:09:24,66.0,17.0,64.0,0.0,14.9,MONITOR,100.0,Conditions optimal for Onion (Moisture: 66.0%). No immediate watering needed.,0
2026-05-26 08:09:31,65.0,17.0,64.0,0.0,14.9,MONITOR,100.0,Conditions optimal for Onion (Moisture: 65.0%). No immediate watering needed.,0
2026-05-26 08:09:39,66.0,17.0,64.0,0.0,14.9,MONITOR,100.0,Conditions optimal for Onion (Moisture: 66.0%). No immediate watering needed.,0
2026-05-26 08:09:46,65.0,17.0,64.0,0.0,14.9,MONITOR,100.0,Conditions optimal for Onion (Moisture: 65.0%). No immediate watering needed.,0
2026-05-26 08:09:52,68.0,17.0,64.0,0.0,14.9,MONITOR,100.0,Conditions optimal for Onion (Moisture: 66.0%). No immediate watering needed.,0
2026-05-26 08:09:54,66.0,17.0,64.0,0.0,14.9,MONITOR,100.0,Conditions optimal for Onion (Moisture: 66.0%). No immediate watering needed.,0
2026-05-26 08:10:01,66.0,17.0,64.0,0.0,14.9,MONITOR,100.0,Conditions optimal for Onion (Moisture: 66.0%). No immediate watering needed.,0
2026-05-26 08:10:06,66.0,17.0,64.0,0.0,14.9,MONITOR,100.0,Conditions optimal for Onion (Moisture: 66.0%). No immediate watering needed.,0
2026-05-26 08:10:12,66.0,17.0,64.0,0.0,14.9,MONITOR,100.0,Conditions optimal for Onion (Moisture: 66.0%). No immediate watering needed.,0
2026-05-26 08:10:14,66.0,17.0,64.0,0.0,14.9,MONITOR,100.0,Conditions optimal for Onion (Moisture: 66.0%). No immediate watering needed.,0
2026-05-26 08:10:17,67.0,17.0,64.0,0.0,14.9,MONITOR,100.0,Conditions optimal for Onion (Moisture: 67.0%). No immediate watering needed.,0
2026-05-26 08:10:23,67.0,17.0,64.0,0.0,14.9,MONITOR,100.0,Conditions optimal for Onion (Moisture: 67.0%). No immediate watering needed.,0
2026-05-26 08:10:25,67.0,17.0,64.0,0.0,14.9,MONITOR,100.0,Conditions optimal for Onion (Moisture: 67.0%). No immediate watering needed.,0
2026-05-26 08:10:30,66.0,17.0,64.0,0.0,14.9,MONITOR,100.0,Conditions optimal for Onion (Moisture: 66.0%). No immediate watering needed.,0
2026-05-26 08:10:34,69.0,17.0,64.0,0.0,14.9,MONITOR,100.0,Conditions optimal for Onion (Moisture: 69.0%). No immediate watering needed.,0
2026-05-26 08:10:37,67.0,17.0,64.0,0.0,14.9,MONITOR,100.0,Conditions optimal for Onion (Moisture: 67.0%). No immediate watering needed.,0
2026-05-26 08:10:44,67.0,17.0,64.0,0.0,14.9,MONITOR,100.0,Conditions optimal for Onion (Moisture: 67.0%). No immediate watering needed.,0
2026-05-26 08:10:45,67.0,17.0,64.0,0.0,14.9,MONITOR,100.0,Conditions optimal for Onion (Moisture: 67.0%). No immediate watering needed.,0
2026-05-26 08:10:50,65.0,17.0,64.0,0.0,14.9,MONITOR,100.0,Conditions optimal for Onion (Moisture: 65.0%). No immediate watering needed.,0
2026-05-26 08:10:53,66.0,17.0,64.0,0.0,14.9,MONITOR,100.0,Conditions optimal for Onion (Moisture: 66.0%). No immediate watering needed.,0
2026-05-26 08:10:58,67.0,17.0,64.0,0.0,14.9,MONITOR,100.0,Conditions optimal for Onion (Moisture: 67.0%). No immediate watering needed.,0
2026-05-26 08:11:03,66.0,17.0,64.0,0.0,14.9,MONITOR,100.0,Conditions optimal for Onion (Moisture: 66.0%). No immediate watering needed.,0
2026-05-26 08:11:05,66.0,17.0,64.0,0.0,14.9,MONITOR,100.0,Conditions optimal for Onion (Moisture: 66.0%). No immediate watering needed.,0
2026-05-26 08:11:13,66.0,17.0,64.0,0.0,14.9,MONITOR,100.0,Conditions optimal for Onion (Moisture: 66.0%). No immediate watering needed.,0
2026-05-26 08:11:13,66.0,17.0,64.0,0.0,14.9,MONITOR,100.0,Conditions optimal for Onion (Moisture: 66.0%). No immediate watering needed.,0
2026-05-26 08:11:18,66.0,17.0,64.0,0.0,14.9,MONITOR,100.0,Conditions optimal for Onion (Moisture: 66.0%). No immediate watering needed.,0
2026-05-26 08:11:23,67.0,17.0,64.0,0.0,14.9,MONITOR,100.0,Conditions optimal for Onion (Moisture: 67.0%). No immediate watering needed.,0
2026-05-26 08:11:24,67.0,17.0,64.0,0.0,14.9,MONITOR,100.0,Conditions optimal for Onion (Moisture: 67.0%). No immediate watering needed.,0
2026-05-26 08:11:31,66.0,17.0,64.0,0.0,14.9,MONITOR,100.0,Conditions optimal for Onion (Moisture: 66.0%). No immediate watering needed.,0
2026-05-26 08:11:38,65.0,17.0,64.0,0.0,14.9,MONITOR,100.0,Conditions optimal for Onion (Moisture: 65.0%). No immediate watering needed.,0
2026-05-26 08:11:46,67.0,17.0,64.0,0.0,14.9,MONITOR,100.0,Conditions optimal for Onion (Moisture: 67.0%). No immediate watering needed.,0
2026-05-26 08:11:52,66.0,17.0,64.0,0.0,14.9,MONITOR,100.0,Conditions optimal for Onion (Moisture: 66.0%). No immediate watering needed.,0
2026-05-26 08:11:53,66.0,17.0,64.0,0.0,14.9,MONITOR,100.0,Conditions optimal for Onion (Moisture: 66.0%). No immediate watering needed.,0
2026-05-26 08:12:00,66.0,17.0,64.0,0.0,14.9,MONITOR,100.0,Conditions optimal for Onion (Moisture: 66.0%). No immediate watering needed.,0
2026-05-26 08:12:06,67.0,17.0,64.0,0.0,14.9,MONITOR,100.0,Conditions optimal for Onion (Moisture: 67.0%). No immediate watering needed.,0
2026-05-26 08:12:13,67.0,17.0,64.0,0.0,14.9,MONITOR,100.0,Conditions optimal for Onion (Moisture: 67.0%). No immediate watering needed.,0
2026-05-26 08:12:18,67.0,17.0,64.0,0.0,14.9,MONITOR,100.0,Conditions optimal for Onion (Moisture: 67.0%). No immediate watering needed.,0
2026-05-26 08:12:24,66.0,17.0,64.0,0.0,14.9,MONITOR,100.0,Conditions optimal for Onion (Moisture: 66.0%). No immediate watering needed.,0
2026-05-26 08:12:31,68.0,17.0,64.0,0.0,14.9,MONITOR,100.0,Conditions optimal for Onion (Moisture: 68.0%). No immediate watering needed.,0
2026-05-26 08:12:38,67.0,17.0,64.0,0.0,14.9,MONITOR,100.0,Conditions optimal for Onion (Moisture: 67.0%). No immediate watering needed.,0
2026-05-26 08:12:46,66.0,17.0,64.0,0.0,14.9,MONITOR,100.0,Conditions optimal for Onion (Moisture: 66.0%). No immediate watering needed.,0
2026-05-26 08:12:52,67.0,17.0,64.0,0.0,14.9,MONITOR,100.0,Conditions optimal for Onion (Moisture: 67.0%). No immediate watering needed.,0
2026-05-26 08:12:53,67.0,17.0,64.0,0.0,14.9,MONITOR,100.0,Conditions optimal for Onion (Moisture: 67.0%). No immediate watering needed.,0
2026-05-26 08:13:01,67.0,17.0,64.0,0.0,14.9,MONITOR,100.0,Conditions optimal for Onion (Moisture: 67.0%). No immediate watering needed.,0
2026-05-26 08:13:06,67.0,17.0,64.0,0.0,14.9,MONITOR,100.0,Conditions optimal for Onion (Moisture: 67.0%). No immediate watering needed.,0
2026-05-26 08:13:11,65.0,17.0,64.0,0.0,14.9,MONITOR,100.0,Conditions optimal for Onion (Moisture: 65.0%). No immediate watering needed.,0
2026-05-26 08:13:18,67.0,17.0,64.0,0.0,14.9,MONITOR,100.0,Conditions optimal for Onion (Moisture: 67.0%). No immediate watering needed.,0
2026-05-26 08:13:26,66.0,17.0,64.0,0.0,14.9,MONITOR,100.0,Conditions optimal for Onion (Moisture: 66.0%). No immediate watering needed.,0
2026-05-26 08:13:33,66.0,17.0,64.0,0.0,14.9,MONITOR,100.0,Conditions optimal for Onion (Moisture: 66.0%). No immediate watering needed.,0
2026-05-26 08:13:39,66.0,17.0,64.0,0.0,14.9,MONITOR,100.0,Conditions optimal for Onion (Moisture: 66.0%). No immediate watering needed.,0
2026-05-26 08:13:44,70.0,17.0,64.0,0.0,14.9,MONITOR,100.0,Conditions optimal for Onion (Moisture: 70.0%). No immediate watering needed.,0
2026-05-26 08:13:51,69.0,17.0,64.0,0.0,14.9,MONITOR,100.0,Conditions optimal for Onion (Moisture: 69.0%). No immediate watering needed.,0
2026-05-26 08:13:52,69.0,17.0,64.0,0.0,14.9,MONITOR,100.0,Conditions optimal for Onion (Moisture: 69.0%). No immediate watering needed.,0
2026-05-26 08:13:59,67.0,17.0,64.0,0.0,14.9,MONITOR,100.0,Conditions optimal for Onion (Moisture: 67.0%). No immediate watering needed.,0
2026-05-26 08:14:06,68.0,17.0,64.0,0.0,14.9,MONITOR,100.0,Conditions optimal for Onion (Moisture: 68.0%). No immediate watering needed.,0
2026-05-26 08:14:13,67.0,17.0,64.0,0.0,14.9,MONITOR,100.0,Conditions optimal for Onion (Moisture: 67.0%). No immediate watering needed.,0
2026-05-26 08:14:21,67.0,17.0,64.0,0.0,14.9,MONITOR,100.0,Conditions optimal for Onion (Moisture: 67.0%). No immediate watering needed.,0
2026-05-26 08:14:26,67.0,17.0,64.0,0.0,14.9,MONITOR,100.0,Conditions optimal for Onion (Moisture: 67.0%). No immediate watering needed.,0
2026-05-26 08:14:31,67.0,17.0,64.0,0.0,14.9,MONITOR,100.0,Conditions optimal for Onion (Moisture: 67.0%). No immediate watering needed.,0
2026-05-26 08:14:36,65.0,17.0,64.0,0.0,14.9,MONITOR,100.0,Conditions optimal for Onion (Moisture: 65.0%). No immediate watering needed.,0
2026-05-26 08:14:44,66.0,17.0,64.0,0.0,14.9,MONITOR,100.0,Conditions optimal for Onion (Moisture: 66.0%). No immediate watering needed.,0
2026-05-26 08:14:51,67.0,17.0,64.0,0.0,14.9,MONITOR,100.0,Conditions optimal for Onion (Moisture: 67.0%). No immediate watering needed.,0
2026-05-26 08:14:51,67.0,17.0,64.0,0.0,14.9,MONITOR,100.0,Conditions optimal for Onion (Moisture: 67.0%). No immediate watering needed.,0
2026-05-26 08:14:52,67.0,17.0,64.0,0.0,14.9,MONITOR,100.0,Conditions optimal for Onion (Moisture: 67.0%). No immediate watering needed.,0
2026-05-26 08:14:59,67.0,17.0,64.0,0.0,14.9,MONITOR,100.0,Conditions optimal for Onion (Moisture: 67.0%). No immediate watering needed.,0
2026-05-26 08:15:04,67.0,17.0,64.0,0.0,14.9,MONITOR,100.0,Conditions optimal for Onion (Moisture: 67.0%). No immediate watering needed.,0
2026-05-26 08:15:09,67.0,17.0,64.0,0.0,14.9,MONITOR,100.0,Conditions optimal for Onion (Moisture: 67.0%). No immediate watering needed.,0
2026-05-26 08:15:15,66.0,17.0,64.0,0.0,14.9,MONITOR,100.0,Conditions optimal for Onion (Moisture: 66.0%). No immediate watering needed.,0
2026-05-26 08:15:22,67.0,17.0,64.0,0.0,14.9,MONITOR,100.0,Conditions optimal for Onion (Moisture: 67.0%). No immediate watering needed.,0
2026-05-26 08:15:29,67.0,17.0,64.0,0.0,14.9,MONITOR,100.0,Conditions optimal for Onion (Moisture: 67.0%). No immediate watering needed.,0
2026-05-26 08:15:35,68.0,17.0,64.0,0.0,14.9,MONITOR,100.0,Conditions optimal for Onion (Moisture: 68.0%). No immediate watering needed.,0
2026-05-26 08:15:42,67.0,17.0,64.0,0.0,14.9,MONITOR,100.0,Conditions optimal for Onion (Moisture: 67.0%). No immediate watering needed.,0
2026-05-26 08:15:49,69.0,17.0,64.0,0.0,14.9,MONITOR,100.0,Conditions optimal for Onion (Moisture: 69.0%). No immediate watering needed.,0
2026-05-26 08:15:57,67.0,17.0,64.0,0.0,14.9,MONITOR,100.0,Conditions optimal for Onion (Moisture: 67.0%). No immediate watering needed.,0
2026-05-26 08:16:04,68.0,17.0,64.0,0.0,14.9,MONITOR,100.0,Conditions optimal for Onion (Moisture: 68.0%). No immediate watering needed.,0
2026-05-26 08:16:12,68.0,17.0,64.0,0.0,14.9,MONITOR,100.0,Conditions optimal for Onion (Moisture: 68.0%). No immediate watering needed.,0
2026-05-26 08:16:17,67.0,17.0,64.0,0.0,14.9,MONITOR,100.0,Conditions optimal for Onion (Moisture: 67.0%). No immediate watering needed.,0
2026-05-26 08:16:25,67.0,17.0,64.0,0.0,14.9,MONITOR,100.0,Conditions optimal for Onion (Moisture: 67.0%). No immediate watering needed.,0
2026-05-26 08:16:30,67.0,17.0,64.0,0.0,14.9,MONITOR,100.0,Conditions optimal for Onion (Moisture: 67.0%). No immediate watering needed.,0
2026-05-26 08:16:35,67.0,17.0,64.0,0.0,14.9,MONITOR,100.0,Conditions optimal for Onion (Moisture: 67.0%). No immediate watering needed.,0
2026-05-26 08:16:41,68.0,17.0,64.0,0.0,14.9,MONITOR,100.0,Conditions optimal for Onion (Moisture: 68.0%). No immediate watering needed.,0
2026-05-26 08:16:48,67.0,17.0,64.0,0.0,14.9,MONITOR,100.0,Conditions optimal for Onion (Moisture: 67.0%). No immediate watering needed.,0
2026-05-26 08:16:55,68.0,17.0,64.0,0.0,14.9,MONITOR,100.0,Conditions optimal for Onion (Moisture: 68.0%). No immediate watering needed.,0
2026-05-26 08:17:03,70.0,17.0,64.0,0.0,14.9,MONITOR,100.0,Conditions optimal for Onion (Moisture: 70.0%). No immediate watering needed.,0
2026-05-26 08:17:10,67.0,17.0,64.0,0.0,14.9,MONITOR,100.0,Conditions optimal for Onion (Moisture: 67.0%). No immediate watering needed.,0
2026-05-26 08:17:17,68.0,17.0,64.0,0.0,14.9,MONITOR,100.0,Conditions optimal for Onion (Moisture: 68.0%). No immediate watering needed.,0
2026-05-26 08:17:25,67.0,17.0,64.0,0.0,14.9,MONITOR,100.0,Conditions optimal for Onion (Moisture: 67.0%). No immediate watering needed.,0
2026-05-26 08:17:32,68.0,17.0,64.0,0.0,14.9,MONITOR,100.0,Conditions optimal for Onion (Moisture: 68.0%). No immediate watering needed.,0
2026-05-26 08:17:40,68.0,17.0,64.0,0.0,14.9,MONITOR,100.0,Conditions optimal for Onion (Moisture: 68.0%). No immediate watering needed.,0
2026-05-26 08:17:45,67.0,17.1,64.0,0.0,14.9,MONITOR,100.0,Conditions optimal for Onion (Moisture: 67.0%). No immediate watering needed.,0
2026-05-26 08:17:52,67.0,17.1,64.0,0.0,14.9,MONITOR,100.0,Conditions optimal for Onion (Moisture: 67.0%). No immediate watering needed.,0
2026-05-26 08:17:57,68.0,17.1,64.0,0.0,14.9,MONITOR,100.0,Conditions optimal for Onion (Moisture: 68.0%). No immediate watering needed.,0
2026-05-26 08:18:05,69.0,17.1,64.0,0.0,14.9,MONITOR,100.0,Conditions optimal for Onion (Moisture: 69.0%). No immediate watering needed.,0
2026-05-26 08:18:12,67.0,17.1,64.0,0.0,14.9,MONITOR,100.0,Conditions optimal for Onion (Moisture: 68.0%). No immediate watering needed.,0
2026-05-26 08:18:20,69.0,17.1,64.0,0.0,14.9,MONITOR,100.0,Conditions optimal for Onion (Moisture: 69.0%). No immediate watering needed.,0
2026-05-26 08:18:27,68.0,17.1,64.0,0.0,14.9,MONITOR,100.0,Conditions optimal for Onion (Moisture: 68.0%). No immediate watering needed.,0
2026-05-26 08:18:34,68.0,17.1,64.0,0.0,14.9,MONITOR,100.0,Conditions optimal for Onion (Moisture: 68.0%). No immediate watering needed.,0
2026-05-26 08:18:40,66.0,17.3,64.0,0.0,14.9,MONITOR,100.0,Conditions optimal for Onion (Moisture: 66.0%). No immediate watering needed.,0
2026-05-26 08:18:47,69.0,17.4,64.0,0.0,14.9,MONITOR,100.0,Conditions optimal for Onion (Moisture: 69.0%). No immediate watering needed.,0
2026-05-26 08:18:54,67.0,17.4,64.0,0.0,14.9,MONITOR,100.0,Conditions optimal for Onion (Moisture: 67.0%). No immediate watering needed.,0
2026-05-26 08:19:02,68.0,17.4,64.0,0.0,14.9,MONITOR,100.0,Conditions optimal for Onion (Moisture: 68.0%). No immediate watering needed.,0
2026-05-26 08:19:09,68.0,17.4,64.0,0.0,14.9,MONITOR,100.0,Conditions optimal for Onion (Moisture: 68.0%). No immediate watering needed.,0
2026-05-26 08:19:15,68.0,17.4,64.0,0.0,14.9,MONITOR,100.0,Conditions optimal for Onion (Moisture: 68.0%). No immediate watering needed.,0
2026-05-26 08:19:20,68.0,17.4,64.0,0.0,14.9,MONITOR,100.0,Conditions optimal for Onion (Moisture: 68.0%). No immediate watering needed.,0
2026-05-26 08:19:25,67.0,17.4,64.0,0.0,14.9,MONITOR,100.0,Conditions optimal for Onion (Moisture: 67.0%). No immediate watering needed.,0
2026-05-26 08:19:32,67.0,17.4,64.0,0.0,14.9,MONITOR,100.0,Conditions optimal for Onion (Moisture: 67.0%). No immediate watering needed.,0
2026-05-26 08:19:38,68.0,17.4,64.0,0.0,14.9,MONITOR,100.0,Conditions optimal for Onion (Moisture: 68.0%). No immediate watering needed.,0
2026-05-26 08:19:45,67.0,17.4,64.0,0.0,14.9,MONITOR,100.0,Conditions optimal for Onion (Moisture: 67.0%). No immediate watering needed.,0
2026-05-26 08:19:53,68.0,17.4,64.0,0.0,14.9,MONITOR,100.0,Conditions optimal for Onion (Moisture: 68.0%). No immediate watering needed.,0
2026-05-26 08:20:00,68.0,17.4,64.0,0.0,14.9,MONITOR,100.0,Conditions optimal for Onion (Moisture: 68.0%). No immediate watering needed.,0
2026-05-26 08:20:05,68.0,17.4,64.0,0.0,14.9,MONITOR,100.0,Conditions optimal for Onion (Moisture: 68.0%). No immediate watering needed.,0
2026-05-26 08:20:11,67.0,17.4,64.0,0.0,14.9,MONITOR,100.0,Conditions optimal for Onion (Moisture: 67.0%). No immediate watering needed.,0
2026-05-26 08:20:18,66.0,17.4,64.0,0.0,14.9,MONITOR,100.0,Conditions optimal for Onion (Moisture: 66.0%). No immediate watering needed.,0
2026-05-26 08:20:25,68.0,17.4,64.0,0.0,14.9,MONITOR,100.0,Conditions optimal for Onion (Moisture: 68.0%). No immediate watering needed.,0
2026-05-26 08:20:33,68.0,17.4,64.0,0.0,14.9,MONITOR,100.0,Conditions optimal for Onion (Moisture: 68.0%). No immediate watering needed.,0
2026-05-26 08:20:38,68.0,17.4,64.0,0.0,14.9,MONITOR,100.0,Conditions optimal for Onion (Moisture: 68.0%). No immediate watering needed.,0
2026-05-26 08:20:43,68.0,17.4,64.0,0.0,14.9,MONITOR,100.0,Conditions optimal for Onion (Moisture: 68.0%). No immediate watering needed.,0
2026-05-26 08:20:49,68.0,17.4,64.0,0.0,14.9,MONITOR,100.0,Conditions optimal for Onion (Moisture: 68.0%). No immediate watering needed.,0
2026-05-26 08:20:54,68.0,17.4,64.0,0.0,14.9,MONITOR,100.0,Conditions optimal for Onion (Moisture: 68.0%). No immediate watering needed.,0
2026-05-26 08:20:59,68.0,17.4,64.0,0.0,14.9,MONITOR,100.0,Conditions optimal for Onion (Moisture: 68.0%). No immediate watering needed.,0
2026-05-26 08:21:04,67.0,17.4,64.0,0.0,14.9,MONITOR,100.0,Conditions optimal for Onion (Moisture: 67.0%). No immediate watering needed.,0
2026-05-26 08:21:12,67.0,17.4,64.0,0.0,14.9,MONITOR,100.0,Conditions optimal for Onion (Moisture: 67.0%). No immediate watering needed.,0
2026-05-26 08:21:17,68.0,17.4,64.0,0.0,14.9,MONITOR,100.0,Conditions optimal for Onion (Moisture: 68.0%). No immediate watering needed.,0
2026-05-26 08:21:25,68.0,17.4,64.0,0.0,14.9,MONITOR,100.0,Conditions optimal for Onion (Moisture: 68.0%). No immediate watering needed.,0
2026-05-26 08:21:30,70.0,17.4,64.0,0.0,14.9,MONITOR,100.0,Conditions optimal for Onion (Moisture: 70.0%). No immediate watering needed.,0
2026-05-26 08:21:37,69.0,17.4,64.0,0.0,14.9,MONITOR,100.0,Conditions optimal for Onion (Moisture: 69.0%). No immediate watering needed.,0
2026-05-26 08:21:45,68.0,17.4,64.0,0.0,14.9,MONITOR,100.0,Conditions optimal for Onion (Moisture: 68.0%). No immediate watering needed.,0
2026-05-26 08:21:52,67.0,17.4,64.0,0.0,14.9,MONITOR,100.0,Conditions optimal for Onion (Moisture: 67.0%). No immediate watering needed.,0
2026-05-26 08:21:59,68.0,17.4,64.0,0.0,14.9,MONITOR,100.0,Conditions optimal for Onion (Moisture: 68.0%). No immediate watering needed.,0
2026-05-26 08:22:07,67.0,17.4,64.0,0.0,14.9,MONITOR,100.0,Conditions optimal for Onion (Moisture: 67.0%). No immediate watering needed.,0
2026-05-26 08:22:14,67.0,17.4,64.0,0.0,14.9,MONITOR,100.0,Conditions optimal for Onion (Moisture: 67.0%). No immediate watering needed.,0
2026-05-26 08:22:19,68.0,17.4,64.0,0.0,14.9,MONITOR,100.0,Conditions optimal for Onion (Moisture: 68.0%). No immediate watering needed.,0
2026-05-26 08:22:27,68.0,17.4,64.0,0.0,14.9,MONITOR,100.0,Conditions optimal for Onion (Moisture: 68.0%). No immediate watering needed.,0
2026-05-26 08:22:32,67.0,17.4,64.0,0.0,14.9,MONITOR,100.0,Conditions optimal for Onion (Moisture: 67.0%). No immediate watering needed.,0
2026-05-26 08:22:40,68.0,17.4,64.0,0.0,14.9,MONITOR,100.0,Conditions optimal for Onion (Moisture: 68.0%). No immediate watering needed.,0
2026-05-26 08:22:47,68.0,17.4,64.0,0.0,14.9,MONITOR,100.0,Conditions optimal for Onion (Moisture: 68.0%). No immediate watering needed.,0
2026-05-26 08:22:52,67.0,17.4,64.0,0.0,14.9,MONITOR,100.0,Conditions optimal for Onion (Moisture: 67.0%). No immediate watering needed.,0
2026-05-26 08:23:00,68.0,17.4,64.0,0.0,14.9,MONITOR,100.0,Conditions optimal for Onion (Moisture: 68.0%). No immediate watering needed.,0
2026-05-26 08:23:07,68.0,17.4,64.0,0.0,14.9,MONITOR,100.0,Conditions optimal for Onion (Moisture: 68.0%). No immediate watering needed.,0
2026-05-26 08:23:12,69.0,17.4,64.0,0.0,14.9,MONITOR,100.0,Conditions optimal for Onion (Moisture: 69.0%). No immediate watering needed.,0
2026-05-26 08:23:20,70.0,17.4,64.0,0.0,14.9,MONITOR,100.0,Conditions optimal for Onion (Moisture: 70.0%). No immediate watering needed.,0
2026-05-26 08:23:27,67.0,17.4,64.0,0.0,14.9,MONITOR,100.0,Conditions optimal for Onion (Moisture: 67.0%). No immediate watering needed.,0
2026-05-26 08:23:35,70.0,17.4,64.0,0.0,14.9,MONITOR,100.0,Conditions optimal for Onion (Moisture: 70.0%). No immediate watering needed.,0
2026-05-26 08:23:42,69.0,17.4,64.0,0.0,14.9,MONITOR,100.0,Conditions optimal for Onion (Moisture: 69.0%). No immediate watering needed.,0
2026-05-26 08:23:49,68.0,17.4,64.0,0.0,14.9,MONITOR,100.0,Conditions optimal for Onion (Moisture: 68.0%). No immediate watering needed.,0
2026-05-26 08:23:57,68.0,17.4,64.0,0.0,14.9,MONITOR,100.0,Conditions optimal for Onion (Moisture: 68.0%). No immediate watering needed.,0
2026-05-26 08:24:02,69.0,17.4,64.0,0.0,14.9,MONITOR,100.0,Conditions optimal for Onion (Moisture: 69.0%). No immediate watering needed.,0
2026-05-26 08:24:10,69.0,17.4,64.0,0.0,14.9,MONITOR,100.0,Conditions optimal for Onion (Moisture: 69.0%). No immediate watering needed.,0
2026-05-26 08:24:15,69.0,17.4,64.0,0.0,14.9,MONITOR,100.0,Conditions optimal for Onion (Moisture: 69.0%). No immediate watering needed.,0
2026-05-26 08:24:20,70.0,17.4,64.0,0.0,14.9,MONITOR,100.0,Conditions optimal for Onion (Moisture: 70.0%). No immediate watering needed.,0
2026-05-26 08:24:28,69.0,17.4,64.0,0.0,14.9,MONITOR,100.0,Conditions optimal for Onion (Moisture: 69.0%). No immediate watering needed.,0
2026-05-26 08:24:35,68.0,17.4,64.0,0.0,14.9,MONITOR,100.0,Conditions optimal for Onion (Moisture: 68.0%). No immediate watering needed.,0
2026-05-26 08:24:42,67.0,17.4,64.0,0.0,14.9,MONITOR,100.0,Conditions optimal for Onion (Moisture: 67.0%). No immediate watering needed.,0
2026-05-26 08:24:50,69.0,17.4,64.0,0.0,14.9,MONITOR,100.0,Conditions optimal for Onion (Moisture: 69.0%). No immediate watering needed.,0
2026-05-26 08:24:57,70.0,17.4,64.0,0.0,14.9,MONITOR,100.0,Conditions optimal for Onion (Moisture: 70.0%). No immediate watering needed.,0
2026-05-26 08:25:04,71.0,17.4,64.0,0.0,14.9,MONITOR,100.0,Conditions optimal for Onion (Moisture: 71.0%). No immediate watering needed.,0
2026-05-26 08:25:12,69.0,17.4,64.0,0.0,14.9,MONITOR,100.0,Conditions optimal for Onion (Moisture: 69.0%). No immediate watering needed.,0
2026-05-26 08:25:19,68.0,17.4,64.0,0.0,14.9,MONITOR,100.0,Conditions optimal for Onion (Moisture: 68.0%). No immediate watering needed.,0
2026-05-26 08:25:27,69.0,17.4,64.0,0.0,14.9,MONITOR,100.0,Conditions optimal for Onion (Moisture: 69.0%). No immediate watering needed.,0
2026-05-26 08:25:34,69.0,17.4,64.0,0.0,14.9,MONITOR,100.0,Conditions optimal for Onion (Moisture: 69.0%). No immediate watering needed.,0
2026-05-26 08:25:39,71.0,17.4,64.0,0.0,14.9,MONITOR,100.0,Conditions optimal for Onion (Moisture: 71.0%). No immediate watering needed.,0
2026-05-26 08:25:47,69.0,17.4,64.0,0.0,14.9,MONITOR,100.0,Conditions optimal for Onion (Moisture: 69.0%). No immediate watering needed.,0
2026-05-26 08:25:54,68.0,17.4,64.0,0.0,14.9,MONITOR,100.0,Conditions optimal for Onion (Moisture: 68.0%). No immediate watering needed.,0
2026-05-26 08:26:02,68.0,17.4,64.0,0.0,14.9,MONITOR,100.0,Conditions optimal for Onion (Moisture: 68.0%). No immediate watering needed.,0
2026-05-26 08:26:07,70.0,17.4,64.0,0.0,14.9,MONITOR,100.0,Conditions optimal for Onion (Moisture: 70.0%). No immediate watering needed.,0
2026-05-26 08:26:14,69.0,17.4,64.0,0.0,14.9,MONITOR,100.0,Conditions optimal for Onion (Moisture: 69.0%). No immediate watering needed.,0
2026-05-26 08:26:22,69.0,17.4,64.0,0.0,14.9,MONITOR,100.0,Conditions optimal for Onion (Moisture: 69.0%). No immediate watering needed.,0
2026-05-26 08:26:27,68.0,17.4,64.0,0.0,14.9,MONITOR,100.0,Conditions optimal for Onion (Moisture: 68.0%). No immediate watering needed.,0
2026-05-26 08:26:34,69.0,17.4,64.0,0.0,14.9,MONITOR,100.0,Conditions optimal for Onion (Moisture: 69.0%). No immediate watering needed.,0
2026-05-26 08:26:42,69.0,17.4,64.0,0.0,14.9,MONITOR,100.0,Conditions optimal for Onion (Moisture: 69.0%). No immediate watering needed.,0
2026-05-26 08:26:47,69.0,17.4,64.0,0.0,14.9,MONITOR,100.0,Conditions optimal for Onion (Moisture: 69.0%). No immediate watering needed.,0
2026-05-26 08:26:52,70.0,17.4,64.0,0.0,14.9,MONITOR,100.0,Conditions optimal for Onion (Moisture: 70.0%). No immediate watering needed.,0
2026-05-26 08:27:00,69.0,17.4,64.0,0.0,14.9,MONITOR,100.0,Conditions optimal for Onion (Moisture: 69.0%). No immediate watering needed.,0
2026-05-26 08:27:07,69.0,17.4,64.0,0.0,14.9,MONITOR,100.0,Conditions optimal for Onion (Moisture: 69.0%). No immediate watering needed.,0
2026-05-26 08:27:12,69.0,17.4,64.0,0.0,14.9,MONITOR,100.0,Conditions optimal for Onion (Moisture: 69.0%). No immediate watering needed.,0
2026-05-26 08:27:18,69.0,17.4,64.0,0.0,14.9,MONITOR,100.0,Conditions optimal for Onion (Moisture: 69.0%). No immediate watering needed.,0
2026-05-26 08:27:23,69.0,17.4,64.0,0.0,14.9,MONITOR,100.0,Conditions optimal for Onion (Moisture: 69.0%). No immediate watering needed.,0
2026-05-26 08:27:28,69.0,17.4,64.0,0.0,14.9,MONITOR,100.0,Conditions optimal for Onion (Moisture: 69.0%). No immediate watering needed.,0
2026-05-26 08:27:34,69.0,17.4,64.0,0.0,14.9,MONITOR,100.0,Conditions optimal for Onion (Moisture: 69.0%). No immediate watering needed.,0
2026-05-26 08:27:39,70.0,17.4,64.0,0.0,14.9,MONITOR,100.0,Conditions optimal for Onion (Moisture: 70.0%). No immediate watering needed.,0
2026-05-26 08:27:46,69.0,17.4,64.0,0.0,14.9,MONITOR,100.0,Conditions optimal for Onion (Moisture: 69.0%). No immediate watering needed.,0
2026-05-26 08:27:54,69.0,17.4,64.0,0.0,14.9,MONITOR,100.0,Conditions optimal for Onion (Moisture: 69.0%). No immediate watering needed.,0
2026-05-26 08:27:59,69.0,17.4,64.0,0.0,14.9,MONITOR,100.0,Conditions optimal for Onion (Moisture: 69.0%). No immediate watering needed.,0
2026-05-26 08:28:04,68.0,17.4,64.0,0.0,14.9,MONITOR,100.0,Conditions optimal for Onion (Moisture: 68.0%). No immediate watering needed.,0
2026-05-26 08:28:12,69.0,17.4,64.0,0.0,14.9,MONITOR,100.0,Conditions optimal for Onion (Moisture: 69.0%). No immediate watering needed.,0
2026-05-26 08:28:19,69.0,17.4,64.0,0.0,14.9,MONITOR,100.0,Conditions optimal for Onion (Moisture: 69.0%). No immediate watering needed.,0
2026-05-26 08:28:24,71.0,17.4,64.0,0.0,14.9,MONITOR,100.0,Conditions optimal for Onion (Moisture: 71.0%). No immediate watering needed.,0
2026-05-26 08:28:32,71.0,17.4,64.0,0.0,14.9,MONITOR,100.0,Conditions optimal for Onion (Moisture: 71.0%). No immediate watering needed.,0
2026-05-26 08:28:37,70.0,17.4,64.0,0.0,14.9,MONITOR,100.0,Conditions optimal for Onion (Moisture: 70.0%). No immediate watering needed.,0
2026-05-26 08:28:45,71.0,17.4,64.0,0.0,14.9,MONITOR,100.0,Conditions optimal for Onion (Moisture: 71.0%). No immediate watering needed.,0
2026-05-26 08:28:52,69.0,17.4,64.0,0.0,14.9,MONITOR,100.0,Conditions optimal for Onion (Moisture: 69.0%). No immediate watering needed.,0
2026-05-26 08:28:59,70.0,17.4,64.0,0.0,14.9,MONITOR,100.0,Conditions optimal for Onion (Moisture: 70.0%). No immediate watering needed.,0
2026-05-26 08:29:07,70.0,17.4,64.0,0.0,14.9,MONITOR,100.0,Conditions optimal for Onion (Moisture: 70.0%). No immediate watering needed.,0
2026-05-26 08:29:12,70.0,17.4,64.0,0.0,14.9,MONITOR,100.0,Conditions optimal for Onion (Moisture: 70.0%). No immediate watering needed.,0
2026-05-26 08:29:17,68.0,17.4,64.0,0.0,14.9,MONITOR,100.0,Conditions optimal for Onion (Moisture: 68.0%). No immediate watering needed.,0
2026-05-26 08:29:25,70.0,17.4,64.0,0.0,14.9,MONITOR,100.0,Conditions optimal for Onion (Moisture: 70.0%). No immediate watering needed.,0
2026-05-26 08:29:32,70.0,17.4,64.0,0.0,14.9,MONITOR,100.0,Conditions optimal for Onion (Moisture: 70.0%). No immediate watering needed.,0
2026-05-26 08:29:37,69.0,17.4,64.0,0.0,14.9,MONITOR,100.0,Conditions optimal for Onion (Moisture: 69.0%). No immediate watering needed.,0
2026-05-26 08:29:45,70.0,17.4,64.0,0.0,14.9,MONITOR,100.0,Conditions optimal for Onion (Moisture: 70.0%). No immediate watering needed.,0
2026-05-26 08:29:52,69.0,17.4,64.0,0.0,14.9,MONITOR,100.0,Conditions optimal for Onion (Moisture: 69.0%). No immediate watering needed.,0
2026-05-26 08:30:00,69.0,17.4,64.0,0.0,14.9,MONITOR,100.0,Conditions optimal for Onion (Moisture: 69.0%). No immediate watering needed.,0
2026-05-26 08:30:05,69.0,17.4,64.0,0.0,14.9,MONITOR,100.0,Conditions optimal for Onion (Moisture: 69.0%). No immediate watering needed.,0
2026-05-26 08:30:10,70.0,17.4,64.0,0.0,14.9,MONITOR,100.0,Conditions optimal for Onion (Moisture: 70.0%). No immediate watering needed.,0
2026-05-26 08:30:18,70.0,17.4,64.0,0.0,14.9,MONITOR,100.0,Conditions optimal for Onion (Moisture: 70.0%). No immediate watering needed.,0
2026-05-26 08:30:23,70.0,17.4,64.0,0.0,14.9,MONITOR,100.0,Conditions optimal for Onion (Moisture: 70.0%). No immediate watering needed.,0
2026-05-26 08:30:28,70.0,17.4,64.0,0.0,14.9,MONITOR,100.0,Conditions optimal for Onion (Moisture: 70.0%). No immediate watering needed.,0
2026-05-26 08:30:34,70.0,17.4,64.0,0.0,14.9,MONITOR,100.0,Conditions optimal for Onion (Moisture: 70.0%). No immediate watering needed.,0
2026-05-26 08:30:39,67.0,17.4,64.0,0.0,14.9,MONITOR,100.0,Conditions optimal for Onion (Moisture: 67.0%). No immediate watering needed.,0
2026-05-26 08:30:46,69.0,17.4,64.0,0.0,14.9,MONITOR,100.0,Conditions optimal for Onion (Moisture: 69.0%). No immediate watering needed.,0
2026-05-26 08:30:54,70.0,17.4,64.0,0.0,14.9,MONITOR,100.0,Conditions optimal for Onion (Moisture: 70.0%). No immediate watering needed.,0
2026-05-26 08:31:01,71.0,17.4,64.0,0.0,14.9,MONITOR,100.0,Conditions optimal for Onion (Moisture: 71.0%). No immediate watering needed.,0
2026-05-26 08:31:08,70.0,17.4,64.0,0.0,14.9,MONITOR,100.0,Conditions optimal for Onion (Moisture: 70.0%). No immediate watering needed.,0
2026-05-26 08:31:16,71.0,17.4,64.0,0.0,14.9,MONITOR,100.0,Conditions optimal for Onion (Moisture: 71.0%). No immediate watering needed.,0
2026-05-26 08:31:23,70.0,17.4,64.0,0.0,14.9,MONITOR,100.0,Conditions optimal for Onion (Moisture: 70.0%). No immediate watering needed.,0
2026-05-26 08:31:31,70.0,17.4,64.0,0.0,14.9,MONITOR,100.0,Conditions optimal for Onion (Moisture: 70.0%). No immediate watering needed.,0
2026-05-26 08:31:36,70.0,17.4,64.0,0.0,14.9,MONITOR,100.0,Conditions optimal for Onion (Moisture: 70.0%). No immediate watering needed.,0
2026-05-26 08:31:41,72.0,17.4,64.0,0.0,14.9,MONITOR,100.0,Conditions optimal for Onion (Moisture: 72.0%). No immediate watering needed.,0
2026-05-26 08:31:49,72.0,17.4,64.0,0.0,14.9,MONITOR,100.0,Conditions optimal for Onion (Moisture: 72.0%). No immediate watering needed.,0
2026-05-26 08:31:54,69.0,17.4,64.0,0.0,14.9,MONITOR,100.0,Conditions optimal for Onion (Moisture: 69.0%). No immediate watering needed.,0
2026-05-26 08:32:01,70.0,17.4,64.0,0.0,14.9,MONITOR,100.0,Conditions optimal for Onion (Moisture: 70.0%). No immediate watering needed.,0
2026-05-26 08:32:09,70.0,17.4,65.0,0.0,14.9,MONITOR,100.0,Conditions optimal for Onion (Moisture: 70.0%). No immediate watering needed.,0
2026-05-26 08:32:14,69.0,17.4,64.0,0.0,14.9,MONITOR,100.0,Conditions optimal for Onion (Moisture: 69.0%). No immediate watering needed.,0
2026-05-26 08:32:21,70.0,17.4,64.0,0.0,14.9,MONITOR,100.0,Conditions optimal for Onion (Moisture: 70.0%). No immediate watering needed.,0
2026-05-26 08:32:29,70.0,17.4,65.0,0.0,14.9,MONITOR,100.0,Conditions optimal for Onion (Moisture: 70.0%). No immediate watering needed.,0
2026-05-26 08:32:34,69.0,17.4,65.0,0.0,14.9,MONITOR,100.0,Conditions optimal for Onion (Moisture: 69.0%). No immediate watering needed.,0
2026-05-26 08:32:42,72.0,17.4,65.0,0.0,14.9,MONITOR,100.0,Conditions optimal for Onion (Moisture: 72.0%). No immediate watering needed.,0
2026-05-26 08:32:49,71.0,17.4,65.0,0.0,14.9,MONITOR,100.0,Conditions optimal for Onion (Moisture: 71.0%). No immediate watering needed.,0
2026-05-26 08:32:56,70.0,17.4,65.0,0.0,14.9,MONITOR,100.0,Conditions optimal for Onion (Moisture: 70.0%). No immediate watering needed.,0
2026-05-26 08:33:04,70.0,17.4,65.0,0.0,14.9,MONITOR,100.0,Conditions optimal for Onion (Moisture: 70.0%). No immediate watering needed.,0
2026-05-26 08:33:09,70.0,17.4,65.0,0.0,14.9,MONITOR,100.0,Conditions optimal for Onion (Moisture: 70.0%). No immediate watering needed.,0
2026-05-26 08:33:14,71.0,17.4,65.0,0.0,14.9,MONITOR,100.0,Conditions optimal for Onion (Moisture: 71.0%). No immediate watering needed.,0
2026-05-26 08:33:22,70.0,17.4,65.0,0.0,14.9,MONITOR,100.0,Conditions optimal for Onion (Moisture: 70.0%). No immediate watering needed.,0
2026-05-26 08:33:29,70.0,17.4,65.0,0.0,14.9,MONITOR,100.0,Conditions optimal for Onion (Moisture: 70.0%). No immediate watering needed.,0
2026-05-26 08:33:34,71.0,17.4,65.0,0.0,14.9,MONITOR,100.0,Conditions optimal for Onion (Moisture: 71.0%). No immediate watering needed.,0
2026-05-26 08:33:42,70.0,17.4,65.0,0.0,14.9,MONITOR,100.0,Conditions optimal for Onion (Moisture: 70.0%). No immediate watering needed.,0
2026-05-26 08:33:49,70.0,17.4,65.0,0.0,14.9,MONITOR,100.0,Conditions optimal for Onion (Moisture: 70.0%). No immediate watering needed.,0
2026-05-26 08:33:54,71.0,17.4,65.0,0.0,14.9,MONITOR,100.0,Conditions optimal for Onion (Moisture: 71.0%). No immediate watering needed.,0
2026-05-26 08:34:02,72.0,17.4,65.0,0.0,14.9,MONITOR,100.0,Conditions optimal for Onion (Moisture: 72.0%). No immediate watering needed.,0
2026-05-26 08:34:09,70.0,17.4,65.0,0.0,14.9,MONITOR,100.0,Conditions optimal for Onion (Moisture: 70.0%). No immediate watering needed.,0
2026-05-26 08:34:16,70.0,17.4,65.0,0.0,14.9,MONITOR,100.0,Conditions optimal for Onion (Moisture: 70.0%). No immediate watering needed.,0
2026-05-26 08:34:22,70.0,17.4,65.0,0.0,14.9,MONITOR,100.0,Conditions optimal for Onion (Moisture: 70.0%). No immediate watering needed.,0
2026-05-26 08:34:27,70.0,17.4,65.0,0.0,14.9,MONITOR,100.0,Conditions optimal for Onion (Moisture: 70.0%). No immediate watering needed.,0
2026-05-26 08:34:32,70.0,17.4,65.0,0.0,14.9,MONITOR,100.0,Conditions optimal for Onion (Moisture: 70.0%). No immediate watering needed.,0
2026-05-26 08:34:38,70.0,17.4,65.0,0.0,14.9,MONITOR,100.0,Conditions optimal for Onion (Moisture: 70.0%). No immediate watering needed.,0
2026-05-26 08:34:43,70.0,17.4,65.0,0.0,14.9,MONITOR,100.0,Conditions optimal for Onion (Moisture: 70.0%). No immediate watering needed.,0
2026-05-26 08:34:48,71.0,17.4,65.0,0.0,14.9,MONITOR,100.0,Conditions optimal for Onion (Moisture: 71.0%). No immediate watering needed.,0
2026-05-26 08:34:56,71.0,17.4,65.0,0.0,14.9,MONITOR,100.0,Conditions optimal for Onion (Moisture: 71.0%). No immediate watering needed.,0
2026-05-26 08:35:01,70.0,17.4,65.0,0.0,14.9,MONITOR,100.0,Conditions optimal for Onion (Moisture: 70.0%). No immediate watering needed.,0
2026-05-26 08:35:08,71.0,17.4,65.0,0.0,14.9,MONITOR,100.0,Conditions optimal for Onion (Moisture: 71.0%). No immediate watering needed.,0
2026-05-26 08:35:16,70.0,17.4,65.0,0.0,14.9,MONITOR,100.0,Conditions optimal for Onion (Moisture: 70.0%). No immediate watering needed.,0
2026-05-26 08:35:23,70.0,17.4,65.0,0.0,14.9,MONITOR,100.0,Conditions optimal for Onion (Moisture: 70.0%). No immediate watering needed.,0
2026-05-26 08:35:28,70.0,17.4,65.0,0.0,14.9,MONITOR,100.0,Conditions optimal for Onion (Moisture: 70.0%). No immediate watering needed.,0
2026-05-26 08:35:34,70.0,17.4,65.0,0.0,14.9,MONITOR,100.0,Conditions optimal for Onion (Moisture: 70.0%). No immediate watering needed.,0
